;timestamp;sensor_00;sensor_01;sensor_02;sensor_03;sensor_04;sensor_05;sensor_06;sensor_07;sensor_08;sensor_09;sensor_10;sensor_11;sensor_12;sensor_13;sensor_14;sensor_15;sensor_16;sensor_17;sensor_18;sensor_19;sensor_20;sensor_21;sensor_22;sensor_23;sensor_24;sensor_25;sensor_26;sensor_27;sensor_28;sensor_29;sensor_30;sensor_31;sensor_32;sensor_33;sensor_34;sensor_35;sensor_36;sensor_37;sensor_38;sensor_39;sensor_40;sensor_41;sensor_42;sensor_43;sensor_44;sensor_45;sensor_46;sensor_47;sensor_48;sensor_49;sensor_50;sensor_51
218880;01/09/2018 00.00;2.406.366;484.375;522.569.427.490.234;44.965.274.810.790.900;6.246.528;7.632.729;15.198.210.000.000.000;1.670.284;1.553.096;15.053.529.999.999.900;42.350.590.000.000.000;43.472.570.000.000.000;3.352.049;1.319.111;4.203.614;;4.626.678;4.561.504;2.466.535;6.785.966;4.053.245;8.888.144;5.447.228;11.067.730.000.000.000;6.079.193;7.013.117;7.987.922;6.008.118;8.014.659;4.816.138;7.041.666;9.140.624;9.333.928;4.969.784;2.345.072;5.219.692;7.930.571;0.5956484000000001;4.817.708;3.385.416;7.604.166;3.151.042;3.229.166;419.270.820.617.676;59.606.480.000.000.000;5.324.074;5.844.906.999.999.990;4.195.602;2.896.412;1.247.106;;2.100.694
218881;01/09/2018 00.01;2.406.366;484.375;522.569.427.490.234;44.965.274.810.790.900;6.246.528;7.632.729;15.198.210.000.000.000;1.670.284;1.553.096;15.053.529.999.999.900;42.350.590.000.000.000;43.472.570.000.000.000;3.352.049;1.319.111;4.203.614;;4.626.678;4.561.504;2.466.535;6.785.966;4.053.245;8.888.144;5.447.228;11.067.730.000.000.000;6.079.193;7.013.117;7.987.922;6.008.118;8.014.659;4.816.138;7.041.666;9.140.624;9.333.928;4.969.784;2.345.072;5.219.692;7.930.571;0.5956484000000001;4.817.708;3.385.416;7.604.166;3.151.042;3.229.166;419.270.820.617.676;59.606.480.000.000.000;5.324.074;5.844.906.999.999.990;4.195.602;2.896.412;1.247.106;;2.100.694
218882;01/09/2018 00.02;24.004.630.000.000.000;484.375;5.225.694;44.965.274.810.790.900;6.376.533;7.539.641;150.897;1.670.284;15.697.339.999.999.900;1.506.076;4.128.367;4.305.977;3.339.602;1.294.743;4.201.451;;4.642.887;4.638.988;2.544.668;6.750.685;4.057.593;8.935.621;5.416.021;1.113.223;610.679;6.997.617;8.031.177;5.812.579;8.077.054;4.907.626;6.638.889;9.072.916;9.006.395;4.910.155;2.452.795;5.381.638;7.834.758;754.838;4.869.791;3.385.416;7.708.333;3.177.083;322.916.641.235.352;4.296.875;59.606.480.000.000.000;5.208.333;59.606.480.000.000.000;4.224.537;2.806.713;1.235.532;;2.132.523
218883;01/09/2018 00.03;2.402.431;484.809;5.217.014;44.965.274.810.790.900;6.241.898;7.799.576;151.548;1.670.284;15.567.129.999.999.900;1.506.076;41.172.709.999.999.900;430.559;3.322.191;1.305.675;4.194.946;;4.631.489;4.702.656;261.636;6.768.696;4.054.148;891.215;5.408.917;1.109.769;6.108.337;7.034.119;8.041.289;6.198.611;7.950.182;5.226.165;6.601.852;8.604.166;8.993.281;4.803.387;2.500.372;5.440.294;800.19.00;22.552.310.000.000.000;4.869.791;34.375;7.708.333;31.770.832.061.767.600;322.916.641.235.352;4.296.875;59.606.480.000.000.000;5.179.398;6.076.389;42.245.368.957.519.400;2.731.481;1.203.704;;2.173.032
218884;01/09/2018 00.04;2.406.366;48.480.899.810.790.900;5.217.014;44.965.274.810.790.900;626.736.083.984.375;7.802.311.999.999.990;150.463;1.675.347;1.570.457;1.512.587;4.262.802;41.773.720.000.000.000;31.765.929.999.999.900;1.320.986;4.179.617;;4.666.815;4.679.795;2.594.239;6.755.372;4.063.717;8.938.337;5.448.956;1.107.576;6.075.112;7.011.443;8.026.509;6.402.071;8.006.713;5.116.703;7.009.259;8.749.999;8.952.042;4.773.541;2.505.373;5.419.307;7.869.166;2.273.272;484.375;34.375;7.526.041;31.770.832.061.767.600;3.229.166;4.296.875;60.474.540.000.000.000;5.121.528;6.134.259;4.224.537;2.708.333;1.168.981;;2.196.181
218885;01/09/2018 00.05;2.399.479;48.480.899.810.790.900;5.225.694;44.965.270.000.000.000;6.231.915.283.203.130;7.515.744.000.000.000;1.511.863;166.522;15.617.770.000.000.000;1.511.863;4.268.928;4.439.159;3.187.547;1.332.094;4.221.983;;4.681.491;4.532.817;24.447.669.999.999.900;674.925;4.049.129;9.012.076;5.437.548;1.110.997;6.083.309;7.018.121;805.955;6.562.548;8.121.208;5.004.131;6.930.555;8.624.999;8.954.996;4.828.375;2.496.488;5.555.583;7.989.724;2.620.274;4.869.791;3.411.458;7.213.541;3.177.083;3.255.208;421.875;60.474.540.000.000.000;5.179.398;6.221.065;4.253.472;2.690.972;1.140.046;;2.213.542
218886;01/09/2018 00.06;240.735;48.480.899.810.790.900;5.217.014;4.492.188;6.349.537;7.386.754;150.463;166.522;15.617.770.000.000.000;1.508.247;4.097.671;4.424.236;3.092.282;13.128.039.999.999.900;419.21.00;;4.623.922;4.584.447;2.507.804;6.748.135;4.058.109;8.882.816;542.376;1.106.654;6.085.793;7.022.518;8.015.175;6.743.655;8.014.259;5.027.802;7.111.111;9.119.791;8.888.391;4.859.929;2.532.843;543.351;8.054.959;0.01552801;5.078.125;3.359.375;6.901.041;3.229.166;325.520.820.617.676;4.166.666;6.915.509;5.324.074;619.213;4.224.537;2.708.333;1.125.579;;2.219.329
218887;01/09/2018 00.07;2.402.431;48.480.899.810.790.900;52.170.135.498.046.800;44.921.875;6.222.222;7.319.881;151.548;1.670.284;15.697.339.999.999.900;15.010.129.999.999.900;4.315.371;446.316;3.069.202;1.321.256;4.216.831;;4.649.706;46.269.199.999.999.900;2.555.409;6.770.327;4.047.972;8.925.358;5.439.557;1.108.263;6.076.631;7.030.731;8.033.406;6.875.995;8.158.807;5.099.917;7.157.407;8.749.999;9.028.342;4.758.718;2.501.583;5.575.967;8.377.449;19.262.620.000.000.000;5.260.416;328.125;6.692.708;328.125;325.520.820.617.676;4.088.541;59.317.130.000.000.000;5.497.685;6.134.259;4.166.667;27.546.299.999.999.900;1.111.111;;2.216.435
218888;01/09/2018 00.08;2.404.398;48.480.899.810.790.900;52.170.135.498.046.800;44.921.875;6.290.509;7.338.039;150.897;1.670.284;15.653.929.999.999.900;1.511.863;41.759.029.999.999.900;4.517.845;30.927.329.999.999.900;12.856.869.999.999.900;4.194.761;;4.656.259;4.630.465;2.538.639;6.762.984;4.055.842;8.911.448;5.424.305;11.130.339.999.999.900;6.106.337;7.022.397;8.034.637;7.053.823;7.928.735;4.863.109;7.407.407;9.046.874;8.961.412;4.803.597;2.534.746;5.487.083;8.296.419.999.999.990;6.406.855.999.999.990;54.427.080.000.000.000;3.229.166;6.614.583;3.307.291;325.520.820.617.676;40.625;57.870.369.999.999.900;5.497.685;6.105.324;416.666.679.382.324;281.25.00;1.099.537;;2.213.542
218889;01/09/2018 00.09;2.404.398;484.809;52.170.135.498.046.800;44.921.875;6.274.711;7.276.195;150.463;1.670.284;15.697.339.999.999.900;15.053.529.999.999.900;418.382;4.428.986;31.714.990.000.000.000;1.299.286;4.207.829;;4.641.007;4.701.491;2.631.784;6.745.021;40.462.699.999.999.900;8.976.014;538.984;1.106.405;6.098.989;6.992.146;8.009.857;7.091.946;8.029.826;5.079.055;7.009.259;8.911.458;8.907.881;4.763.321;2.549.529;559.629;8.224.633;2.241.839;5.494.791;3.255.208;640.625;3.307.291;3.255.208;403.645.820.617.676;5.700.232;541.088;59.606.480.000.000.000;4.166.667;2.913.773;1.085.069;;2.204.861
218890;01/09/2018 00.10;24.004.630.000.000.000;4.856.771;52.170.135.498.046.800;44.921.875;6.333.333;7.378.846.999.999.990;15.010.129.999.999.900;1.670.284;15.617.770.000.000.000;1.516.204;417.976;4.352.572;3.210.838;12.841.289.999.999.900;4.222.914;;4.654.609;4.623.909;2.531.425;6.784.745;405.501;8.984.315;543.42.00;1.109.226;6.110.137;6.985.676;7.997.431;7.100.659;8.068.818;486.124;6.851.852;9.005.208;8.959.109;4.748.111;2.575.318;5.655.905;8.458.574;7.503.913.000.000.000;54.427.080.000.000.000;3.307.291;609.375;3.359.375;328.125;4.010.416;5.815.971.999.999.990;5.324.074;5.815.971.999.999.990;4.195.602;2.994.792;1.096.644;;2.204.861
218891;01/09/2018 00.11;240.735;485.677.070.617.676;52.170.135.498.046.800;44.921.875;6.369.213;7.616.150.999.999.990;15.198.210.000.000.000;166.088;1.573.351;1.511.863;4.170.428;42.964.059.999.999.900;3.227.163;1.290.265;4.192.336;;4.613.662;4.552.577;2.465.234;6.762.565;4.058.243;8.938.082;5.402.482;1.107.631;6.085.332;6.991.722;8.004.603;6.854.979;8.022.543;4.965.216;6.578.704;9.093.749;9.317.787;4.836.138;2.555.822;5.555.705;8.248.052;0.001158362;53.645.830.000.000.000;3.411.458;6.041.666;3.359.375;3.307.291;3.932.291;59.895.830.000.000.000;52.662.040.000.000.000;56.712.959.999.999.900;42.245.368.957.519.400;3.055.555;1.119.792;;2.216.435
218892;01/09/2018 00.12;24.004.630.000.000.000;485.677.070.617.676;52.170.135.498.046.800;44.921.875;6.259.259;7.649.587;150.897;166.088;15.653.929.999.999.900;15.053.529.999.999.900;4.165.266;4.275.997;333.554;1.248.591;4.216.482;;4.657.781;4.657.509;2.589.283;6.762.618;4.066.607;9.045.999;5.401.245;1.106.798;6.151.501;694.747;7.957.986;7.257.879;7.876.724;5.216.411;6.754.630.000.000.000;8.749.999;8.956.339;4.848.206;2.533.399;5.498.722;8.238.382;3.607.064;5.260.416;3.541.666;6.354.166;3.307.291;3.307.291;3.932.291;6.105.324;52.662.040.000.000.000;5.613.426;4.253.472;3.101.852;1.157.407;;2.233.796
218893;01/09/2018 00.13;2.404.398;4.856.771;5.217.014;44.921.875;6.285.880.000.000.000;7.454.516;1.511.863;1.670.284;15.653.929.999.999.900;1.511.863;4.255.715;4.295.279;3.406.678;1.269.789;4.219.448;;4.626.379;4.715.503;26.502.310.000.000.000;6.771.498;4.053.267;8.977.562;5.437.292;11.070.919.999.999.900;607.599;6.996.811;7.997.968;7.004.116;8.213.259;4.913.354;6.652.778;8.411.458;8.935.549;4.758.825;2.447.893;5.531.612;8.348.441;0.0001501503;5.182.291;3.671.875;6.822.916;328.125;3.359.375;3.958.333;619.213;5.381.944;5.613.426;42.534.721.374.511.700;3.139.467;1.168.981;;2.248.264
218894;01/09/2018 00.14;2.404.398;4.861.111;52.126.740.000.000.000;44.921.875;6.348.380.000.000.000;7.266.166;1.511.863;166.088;15.653.929.999.999.900;1.508.247;4.161.752;4.241.039;3.408.596;1.266.719;4.193.531;;4.634.057;4.709.785;263.595;6.793.411;4.058.796;8.947.836;5.435.661;1.108.516;6.071.456;7.008.726;8.003.132;7.330.265;8.000.006;501.769;6.907.407;8.718.749;8.872.556;4.720.284;2.425.567;5.383.029;8.213.975;00.00;5.078.125;3.697.916;7.213.541;325.520.820.617.676;3.359.375;40.625;6.221.065;5.844.906.999.999.990;5.613.426;4.253.472;3.142.361;1.171.875;;2.268.519
218895;01/09/2018 00.15;24.004.630.000.000.000;48.611.110.687.255.800;5.217.014;44.921.875;6.322.164;718.554;151.548;1.670.284;15.697.339.999.999.900;15.053.529.999.999.900;413.998;42.529.959.999.999.900;3.445.903;1.292.913;4.185.715;;4.630.062;4.633.976;2.546.193;6.763.847;4.054.079;8.926.158;5.424.257;1.104.828;6.080.026;6.980.028;7.981.985;7.388.775;8.084.897;5.400.591;6.824.074;8.708.333;9.156.532;4.826.258;2.348.304;5.283.407;8.186.385;0.21568769999999998;4.921.875;3.671.875;7.473.958;3.229.166;3.385.416;4.192.708;6.336.805;619.213;5.555.556;42.245.368.957.519.400;3.217.592;1.160.301;;2.297.454
218896;01/09/2018 00.16;2.404.398;4.861.111;52.126.740.000.000.000;44.921.875;6.229.572;7.269.874;1.511.863;166.088;15.697.339.999.999.900;1.511.863;4.040.132;4.261.193;34.953.359.999.999.900;127.845;4.199.158;;4.614.901;4.584.861;24.982.330.000.000.000;6.792.974;4.055.386;8.934.381;541.251;1.109.039;6.097.849;6.983.914;7.992.971;7.498.404;8.145.075;4.971.853;7.013.889;9.177.083;9.201.393;4.702.915;2.333.776;5.130.186;8.151.842;00.00;4.739.583;3.645.833;7.526.041;322.916.641.235.352;338.541.641.235.352;4.270.833;6.336.805;619.213;546.875;4.195.602;3.347.801;1.145.833;;2.320.602
218897;01/09/2018 00.17;2.402.431;48.654.509.999.999.900;5.208.333;44.921.875;6.263.889;7.214.295;151.548;166.088;1.573.351;1.511.863;41.221.940.000.000.000;4.265.813;3.459.857;132.453;4.205.553;;464.815;4.603.477;2.517.639;6.768.964;4.060.359;9.000.604;5.402.781;1.108.164;6.098.288;6.935.078;7.962.147;7.622.907;7.902.651;5.099.855;7.291.666;8.942.708;8.899.365;4.857.324;231.787;5.194.523;805.61;4.719.589;4.661.458;3.619.791;7.578.125;3.229.166;3.385.416;4.296.875;6.336.805;6.076.389;5.353.009;4.195.602;3.492.477;1.148.727;;2.340.856
218898;01/09/2018 00.18;2.401.447;48.654.510.498.046.800;5.208.333;44.921.875;6.314.814.453.125;7.352.976;150.463;166.522;1.584.925;1.508.247;41.582.159.999.999.900;4.291.973;34.873.490.000.000.000;1.322.919;421.879;;4.654.006;4.637.212;25.526.310.000.000.000;6.760.056;4.059.468;8.993.156;5.415.603;1.106.848;6.106.331;6.964.678;7.988.052;7.775.685;8.007.203;5.006.822;7.412.037;9.437.499;8.968.195;4.787.174;238.669;5.263.845;807.296;36.411.640.000.000.000;4.609.375;3.489.583;7.578.125;3.177.083;3.359.375;4.322.916;6.278.935;5.844.906.999.999.990;52.662.040.000.000.000;4.166.667;3.637.153;1.140.046;;2.340.856
218899;01/09/2018 00.19;2.402.431;48.654.509.999.999.900;52.126.740.000.000.000;44.921.875;629.398.132.324.219;7.619.886;15.198.210.000.000.000;166.088;1.573.351;15.053.529.999.999.900;41.023.959.999.999.900;43.138.690.000.000.000;3.527.571;129.724;4.209.728;;4.639.249;4.687.475;2.608.034;6.792.015;4.056.526;8.985.219.999.999.990;5.424.039;1.108.318;6.104.353;7.007.878;8.023.719;7.754.667;7.974.965;5.236.597;6.805.555;8.859.374;9.137.319;4.703.016;2.402.441;5.132.733;7.885.844;00.00;4.557.291;34.375;765.625;3.177.083;3.359.375;43.229.164.123.535.200;6.336.805;56.712.959.999.999.900;5.179.398;4.079.861;3.732.639;1.145.833;;2.332.176
218900;01/09/2018 00.20;2.402.431;4.869.791;5.203.993;44.921.875;621.527.770.996.094;7.609.436;1.511.863;1.656.539;1.610.966;15.053.529.999.999.900;4.114.852;42.816.759.999.999.900;36.076.209.999.999.900;1.319.263;4.203.575;;4.641.067;469.945;2.620.576;6.770.997;4.062.632;8.924.439;5.420.313;1.106.725;6.094.803;699.07.00;7.982.234;8.193.065;7.889.329;5.079.892;6.939.814;9.046.874;9.051.528;4.689.013;243.856;5.244.777;7.801.111;0.003366173;4.427.083;3.411.458;7.682.291;3.151.042;3.359.375;43.229.164.123.535.200;6.423.611;546.875;5.092.593;40.798.610.687.255.800;3.738.426;1.148.727;;2.326.389
218901;01/09/2018 00.21;2.404.398;48.697.914.123.535.200;520.833.320.617.676;4.492.188;6.228.009.033.203.130;7.496.061.999.999.990;151.548;166.522;1.606.626;1.511.863;411.786;42.834.540.000.000.000;3.651.802;13.238.710.000.000.000;4.197.104;;4.609.079;4.580.752;2.485.999;6.769.027;4.066.184;8.973.259;5.408.809;1.107.815;6.107.536;6.975.117;8.011.886;8.038.795;8.073.114;4.917.563;7.023.148;9.020.833;8.957.161;4.655.195;2.432.055;5.237.626;7.818.797;0.009025775;4.296.875;3.385.416;7.578.125;31.25.00;3.359.375;4.322.916;6.481.481;52.662.040.000.000.000;5.063.657;40.798.610.687.255.800;3.666.088;114.294;;2.300.347
218902;01/09/2018 00.22;2.404.398;48.697.914.123.535.200;52.126.740.000.000.000;44.921.875;629.398.132.324.219;7.324.144;151.548;1.656.539;1.623.264;15.053.529.999.999.900;405.878;43.471.379.999.999.900;36.113.620.000.000.000;13.223.720.000.000.000;4.198.257;;4.628.447;4.617.979;2.533.808;6.762.133;4.054.173;8.971.133;5.409.301;1.106.357;6.160.126;6.990.135;7.989.595;7.860.662;7.971.539;5.034.864;6.856.481;9.322.916;8.963.939;4.843.976;24.489.700.000.000.000;5.328.701;7.980.527;0.005362756;421.875;3.411.458;7.604.166;312.499.980.926.514;3.307.291;4.296.875;6.510.416;5.092.593;5.034.722;40.798.610.687.255.800;3.527.199;114.294;;2.277.199
218903;01/09/2018 00.23;24.004.630.000.000.000;4.869.791;5.203.993;4.492.188;633.101.806.640.625;6.981.071;151.548;1.670.284;1.610.966;150.897;4.146.937;4.308.623;3.544.315;13.279.670.000.000.000;4.223.321;;4.590.392;4.642.911;2.556.525;6.770.272;4.065.271;8.912.932;5.482.245;1.113.525;6.102.219;6.999.551;8.022.875;8.111.966;8.032.877;4.821.367;6.870.369.999.999.990;9.322.916;9.041.925;4.814.704;2.375.006;5.276.052;7.953.378;12.234.049.999.999.900;4.140.625;3.411.458;765.625;312.499.980.926.514;3.359.375;4.296.875;6.568.287;4.947.917;4.947.917;40.798.610.687.255.800;3.449.074;1.145.833;;2.256.944
218904;01/09/2018 00.24;2.406.366;4.878.472;5.203.993;4.487.847;62.824.072.265.625;6.988.656.999.999.990;1.511.863;166.522;1.614.583;1.511.863;41.282.340.000.000.000;4.282.391;35.249.790.000.000.000;131.731;4.210.774;;4.653.691;4.674.997;2.589.326;6.751.002;406.545;8.941.595;5.426.254;1.111.448;6.134.391;6.973.449;8.005.355;8.194.772;7.952.009;4.930.124;7.319.445;9.786.458;9.076.411;4.889.952;2.373.544;5.271.992;7.972.742;00.00;4.166.666;3.307.291;7.734.375;312.499.980.926.514;3.307.291;4.296.875;6.626.156.999.999.990;4.803.241;4.947.917;40.798.610.687.255.800;3.376.736;1.154.514;;2.262.731
218905;01/09/2018 00.25;24.004.630.000.000.000;487.847.213.745.117;5.208.333;448.784.713.745.117;632.638.854.980.469;7.095.707;1.511.863;166.522;1.619.647;1.506.076;4.099.734;4.389.562;348.902;1.324.676;4.193.706;;4.669.984;4.605.802;252.294;6.744.144;4.061.215;9.008.154;541.514;1.107.836;6.082.331;6.986.118;7.980.789;8.335.784;7.962.294;5.134.571;7.162.037;9.140.624;9.244.701;4.927.624;2.377.945;527.39.00;8.064.493;9.531.246.000.000.000;4.296.875;3.255.208;78.125;31.25.00;3.307.291;4.296.875;6.568.287;46.875;4.947.917;40.798.610.687.255.800;32.899.300.000.000.000;1.163.194;;2.288.773
218906;01/09/2018 00.26;24.004.630.000.000.000;487.847.213.745.117;5.203.993;448.784.713.745.117;62.534.716.796.875;7.333.077;15.198.210.000.000.000;166.522;1.623.987;1.511.863;4.092.504;4.532.652;3.420.828;13.286.270.000.000.000;4.199.916;;4.642.972;4.688.211;2.627.595;6.785.298;4.064.534;9.053.451;5.441.005;1.109.069;6.114.722;6.999.475;8.017.458;8.083.893;7.962.776;5.035.298;6.893.519;9.708.333;9.231.634;4.985.885;2.421.882;5.311.982;8.092.155;10.897.689.999.999.900;4.348.958;3.151.042;7.838.541;3.151.042;328.125;4.322.916;6.655.093.000.000.000;462.963;49.189.820.000.000.000;4.079.861;32.320.599.999.999.900;1.183.449;;2.291.667
218907;01/09/2018 00.27;2.406.366;4.878.472;520.399.284.362.793;448.784.713.745.117;625.00.00;7.481.403;150.897;1.670.284;1.606.626;1.508.247;4.068.398;4.470.639;3.339.503;132.689;419.227;;4.642.029;4.709.125;2.624.905;6.762.756;406.796;8.979.084;5.430.251;1.108.754;607.635;7.020.436;7.987.571;852.637;7.899.630.000.000.000;5.101.248;7.148.148;9.656.249;9.019.429;4.912.163;243.965;5.303.018;8.109.694;0.07390876;4.348.958;3.098.958;7.786.458;3.177.083;3.255.208;43.229.164.123.535.200;6.684.028;4.513.889;4.947.917;4.050.926;31.828.700.000.000.000;1.203.704;;2.291.667
218908;01/09/2018 00.28;2.396.528;4.882.813;520.399.284.362.793;448.784.713.745.117;627.893.493.652.344;719.854;1.511.863;166.088;162.037;1.508.247;4.096.338;4.488.742;325.697;13.270.229.999.999.900;4.212.577;;4.693.043;4.606.922;250.605;6.794.708;405.634;8.978.363;5.434.709;1112.12.00;6.113.455;7.019.492;800.08.00;7.957.708;8.063.001;4.867.636;6.569.445;9.249.999;9.235.248;5.009.336;2.468.215;5.420.117;8.051.173;00.00;4.401.041;3.098.958;7.604.166;3.229.166;325.520.820.617.676;4.322.916;6.828.703;44.560.179.999.999.900;4.976.852;4.050.926;3.136.574;1.276.042;;2.300.347
218909;01/09/2018 00.29;2.404.398;48.828.125;5.203.993;448.784.713.745.117;6.244.212.646.484.380;7.301.263;150.897;166.522;1.623.264;1.508.247;4.040.309;4.501.708;3.282.696;1.319.524;4.211.049;;4.648.635;4.612.778;252.657;6.763.245;4.063.671;8.935.605;5.444.319;1107.92;6.139.258;700.95;8.041.438;8.255.696;7.960.401;4.924.142;6.851.852;9.531.249;8.955.438;4.952.764;2.485.598;5.462.968;8.150.995;5.650.373;4.401.041;3.046.875;7.421.875;3.229.166;3.255.208;4.296.875;697.338;4.369.213;4.976.852;4.021.991;3.096.065;1.342.593;;2.291.667
218910;01/09/2018 00.30;2.404.398;4.882.813;5.195.312;448.784.713.745.117;6.225.694.580.078.130;7.029.578.000.000.000;150.897;166.522;161.603;15.169.270.000.000.000;4.047.605;452.907;33.006;13.213.470.000.000.000;4.203.336;;4.636.857;4.640.322;2.557.117;6.781.057;4.057.648;8.939.225;5.442.278;1.109.441;6.115.421;7.000.369.999.999.990;801.696;817.775;8.029.878;4.955.142;6.601.852;9.541.666;9.202.016;510.144;2.526.047;5.535.139;8.250.444;00.00;4.322.916;3.098.958;7.213.541;3.255.208;3.229.166;4.270.833;7.146.991;4.340.278;5.034.722;402.199.058.532.715;3.058.449;1.385.995;;2.277.199
218911;01/09/2018 00.31;24.004.630.000.000.000;48.871.520.000.000.000;5.203.993;448.784.713.745.117;624.652.770.996.094;7.154.708.000.000.000;15.010.129.999.999.900;166.522;1.623.264;15.053.529.999.999.900;40.297.090.000.000.000;446.718;32.526.790.000.000.000;132.742;4.205.846;;4.643.358;4.669.212;257.805;6.761.176;4.060.865;8.953.937;5.440.339;1107.46.00;6.116.274;7.037.288;8.033.868;7.989.969;7.985.847;5.002.497;6.620.369.999.999.990;9.098.958;9.093.913;5.056.848;2.534.963;5.581.775;8.132.169;2.859.325;4.322.916;3.177.083;7.083.333;3.255.208;322.916.641.235.352;4.192.708;7.291.666;4.311.343;5.092.593;402.199.058.532.715;3.009.259;1.409.144;;2.262.731
218912;01/09/2018 00.32;2.406.366;48.871.524.810.790.900;5.195.312;4.487.847;6.246.528;7.340.507;1.511.863;1.675.347;1.619.647;1.511.863;3.962.318;4.442.252;3.247.938;1.324.654;4.203.002;;4.612.637;4.653.282;2.573.251;6.760.328;4.062.414;8.894.534;5.438.332;1.107.771;6.097.403;7.007.004;8.019.196;8.862.841;797.637;4.764.879;6.555.555;8.515.624;9.186.527;5.030.795;2.569.303;5.565.665;8.117.246;2.422.529;4.401.041;328.125;7.057.291;3.229.166;322.916.641.235.352;4.166.666;7.552.084;4.253.472;5.121.528;4.021.991;2.948.495;1.391.782;;2.254.051
218913;01/09/2018 00.33;2.396.528;48.871.520.000.000.000;51.953.121.185.302.700;4.479.166;623.379.638.671.875;7.239.581;1.511.863;1.656.539;1.619.647;1.511.863;3.967.727;452.446;32.698.440.000.000.000;1.304.677;4.205.805;;4.650.858;4.616.979;2.517.646;6.744.933;405.866;9.005.766;5.437.737;1106.23.00;6.092.873;7.010.059;7.995.182;8.976.812;7.995.739;5.160.516;6.893.519;9.072.916;9.289.408;4.972.162;2.532.609;5.530.135;8.131.189.999.999.990;00.00;4.401.041;3.307.291;7.005.208;322.916.641.235.352;322.916.641.235.352;4.140.625;7.667.824;4.311.343;5.121.528;396.412;2.850.116;1.388.889;;2.262.731
218914;01/09/2018 00.34;2.402.431;4.891.493;5.195.312;44.791.664.123.535.200;6.194.444.580.078.130;7.542.343.000.000.000;150.897;166.522;1.614.583;1.516.204;3.905.997;4.417.228;3.205.914;13.205.070.000.000.000;4.192.203;;4.641.678;4.605.356;2.517.493;6.769.680.000.000.000;4.058.011;8.894.667;544.106;1.107.772;6.103.052;7.019.755;799.08.00;9.481.614;7.848.919.999.999.990;4.933.752;6.652.778;8.963.541;891.832;4.945.981;2.516.345;5.473.903;8.069.614;1.126.707;4.427.083;3.359.375;68.75;3.229.166;3.229.166;4.088.541;7.696.759;4.340.278;52.372.679.999.999.900;39.641.204.833.984.300;2.740.162;1.385.995;;2.274.306
218915;01/09/2018 00.35;2.402.431;4.891.493;5.190.972;44.791.664.123.535.200;626.620.361.328.125;7.690.833;150.897;166.522;1.614.583;15.053.529.999.999.900;3.852.959;4.409.877;3.210.257;13.096.739.999.999.900;4.208.679;;4.620.155;4.594.095;250.691;6.746.262;4.058.221;8.944.418;5.398.895;1.107.506;6.109.007;6.985.372;7.944.723;1.159.984;8.018.948;5.154.861;7.032.407;8.812.499;8.893.304;4.947.938;252.109;5.563.249;8.197.689.999.999.990;00.00;4.453.125;3.307.291;6.692.708;3.177.083;3.255.208;4.088.541;7.696.759;4.311.343;5.353.009;396.412;2.624.421;1.371.528;;2.300.347
218916;01/09/2018 00.36;2.402.431;49.001.740.000.000.000;5.190.972;44.791.664.123.535.200;62.488.427.734.375;7.882.751;151.548;166.522;1.610.966;15.053.529.999.999.900;3.908.546;4.337.733;3.211.448;1.309.425;4.175.923;;4.610.827;4.605.048;2.513.224;6.756.459;4.058.119;8.926.693;5.430.612;11.099.769.999.999.900;6.108.252;701.062;7.977.291;1.053.336;823.288;4.951.525;6.550.926;8.979.166;8.913.127;4.938.282;2.533.715;5.560.412;8.079.593;160.694;4.453.125;3.255.208;6.744.791;31.770.832.061.767.600;3.229.166;40.625;7.841.435;4.369.213;541.088;4.021.991;2.520.255;1.365.741;;2.326.389
218917;01/09/2018 00.37;240.735;49.001.735.687.255.800;5.195.312;44.791.664.123.535.200;6.303.240.966.796.880;7.879.245.999.999.990;150.897;1.670.284;1.619.647;1.516.204;39.091.570.000.000.000;42.898.999.999.999.900;32.184.940.000.000.000;1.316.506;4.183.633;;4.684.608;45.724.699.999.999.900;2.496.182;6.778.289;4.058.712;8.937.098;5.407.167;1.107.316;6.079.149;6.984.254;798.493;9.952.444;8.064.119;4.807.651;6.666.666;9.437.499;8.954.152;5.007.448;2.609.396;5.660.452;8.211.162;0.00041722160000000005;4.453.125;3.177.083;6.614.583;31.770.832.061.767.600;3.229.166;40.625;787.037;44.560.179.999.999.900;546.875;402.199.058.532.715;2.436.343;1.371.528;;2.346.644
218918;01/09/2018 00.38;2.396.528;49.001.735.687.255.800;5.190.972;44.791.664.123.535.200;629.861.083.984.375;7.826.817;150.897;1.670.284;16.420.720.000.000.000;15.010.129.999.999.900;40.463.640.000.000.000;4.342.848;3.284.003;13.190.570.000.000.000;4.190.455;;4.618.264;4.671.574;2.595.108;676.627;4.065.569;8.938.909;5.429.014;11.079.080.000.000.000;6.075.593;6.951.925;8.016.922;9.814.625;8.170.404;4.970.985;6.898.148;8.494.791;8.822.547;475.847;2.674.583;5.829.269;8.106.364;12.645.589.999.999.900;453.125;3.151.042;6.510.416;3.177.083;3.177.083;403.645.820.617.676;7.928.241;4.513.889;5.497.685;4.021.991;2.387.153;1.388.889;;2.384.259
218919;01/09/2018 00.39;2.406.366;49.001.735.687.255.800;519.097.213.745.117;44.791.664.123.535.200;628.703.674.316.406;7.924.965;150.897;1.675.347;1.614.583;1.511.863;4.033.863;4.398.808;3.419.458;13.156.579.999.999.900;4.203.454;;463.68;4.691.383;26.036.080.000.000.000;6.765.551;4.051.409;9.005.136;5.424.348;1108.54.00;6.128.183;6.970.727;8.004.787;9.738.284;8.085.536;5.048.349;6.782.407;8.255.208;8.784.482;4.753.525;2.701.359;6.025.889;8.269.599;533.751;4.609.375;3.151.042;6.510.416;3.229.166;3.229.166;4.010.416;787.037;4.658.565;5.555.556;4.050.926;2.372.685;1.391.782;;2.418.981
218920;01/09/2018 00.40;2.402.431;49.001.740.000.000.000;519.097.213.745.117;4.479.166;6.305.555.419.921.880;7.970.357;15.198.210.000.000.000;166.522;1.619.647;15.227.139.999.999.900;4.053.287;43.767.959.999.999.900;3.433.033;13.129.439.999.999.900;4.221.421;;4.661.857;4.640.234;255.385;6.747.656;4.064.986;8.907.484;5.422.128;1108.99;6.106.907;7.000.406;7.983.829;9.413.842;8.115.061;4.831.054;7.171.296;8.562.499;9.061.072;4.667.962;2.683.429;6.040.076;8.186.925;148.007;4.713.541;31.25.00;6.484.375;3.255.208;322.916.641.235.352;3.958.333;7.725.694;474.537;552.662;4.050.925.827.026.370;2.369.792;1.403.356;;2.465.278
218921;01/09/2018 00.41;2.402.431;4.904.514;519.097.213.745.117;44.748.259.999.999.900;6.321.759.033.203.130;781.926;150.897;166.522;1.614.583;1.508.247;4.164.751;4.358.148;3.449.552;13.200.370.000.000.000;4.204.424;;4.665.746;4.627.717;2.545.737;6.773.514;4.047.729;8.968.579;5.430.338;1.106.278;6.093.429;7.004.122;8.015.541;9.237.283;7.954.963;4.878.142;7.138.889;9.093.749;8.852.001;4.724.293;2.625.984;6.021.689;8.381.018;00.00;4.739.583;3.046.875;6.432.291;325.520.820.617.676;322.916.641.235.352;3.958.333;7.581.019;4.774.306;5.497.685;4.050.925.827.026.370;2.355.324;1.435.185;;2.508.681
218922;01/09/2018 00.42;2.404.398;49.045.135.498.046.800;519.097.213.745.117;44.748.260.498.046.800;6.334.490.966.796.880;7.719.608.000.000.000;1.511.863;1.670.284;1.610.966;1.511.863;40.840.509.999.999.900;4.447.821;3.461.996;1.302.051;4.208.093;;4.610.862;4.685.394;2.594.695;6.777.516;4.063.479;8.904.449;5.424.985;1.105.921;6.092.581;7.048.715;8.023.148;8.974.271;8.001.315;4.796.393;6.754.630.000.000.000;8.901.041;8.889.351;4.729.797;2.611.105;5.904.796;8.342.582;00.00;4.739.583;3.020.833;6.536.458;325.520.820.617.676;322.916.641.235.352;3.932.291;7.407.406.999.999.990;46.875;5.497.685;4.050.926;2.361.111;1.487.269;;2.517.361
218923;01/09/2018 00.43;24.004.630.000.000.000;49.045.135.498.046.800;519.097.213.745.117;44.748.260.498.046.800;6.288.195;7.601.968.000.000.000;150.897;1.675.347;161.603;1.516.204;4.241.946;4.440.506;3.536.629;1.307.958;42.270.099.999.999.900;;4.706.852;4.580.815;2.491.162;6.781.336;4.069.004;901.57.00;540.515;1.109.732;6.111.196;7.033.423;8.047.578;961.541;8.101.302;4.965.551;6.902.778;9.041.666;8.994.686;4.677.463;2.622.491;5.967.137;8.428.530.000.000.000;0.01687837;46.875;296.875;6.640.625;325.520.820.617.676;3.229.166;3.958.333;7.349.537;4.658.565;552.662;40.798.610.687.255.800;240.162;1.533.565;;2.508.681
218924;01/09/2018 00.44;2.406.366;49.045.135.498.046.800;5.190.972;44.748.260.498.046.800;6.354.166;7.556.992;1.511.863;166.088;162.037;1.508.247;44.160.740.000.000.000;431.211;35.082.029.999.999.900;129.958;4.187.918;;4.644.191;4.609.853;25.227.720.000.000.000;6.771.166;4.071.528;8.888.019;5.454.001;1.108.177;6.115.122;7.021.137;8.004.916;9.010.282;7.877.576;4.776.879;6.745.369.999.999.990;8.541.666;8.842.833;4.614.148;2.632.979;5.942.379;8.502.094;00.00;4.661.458;296.875;6.666.666;3.255.208;3.177.083;395.833.320.617.676;7.118.056;4.600.694;5.555.556;41.087.959.999.999.900;2.471.065;1.576.968;;2.531.829
218925;01/09/2018 00.45;2.402.431;49.045.135.498.046.800;5.186.632;44.748.260.498.046.800;6.267.361;773.881;150.463;1.670.284;162.037;15.053.529.999.999.900;4.286.822;4.333.014;35.235.170.000.000.000;1.323.241;4.221.161;;4.667.717;468.481;2.608.766;6.778.413;4.062.458;892.372;5.414.057;1106.95;6.129.201;7.020.276;8.025.144;9.117.799;813.922;5.033.413;6.712.963;8.380.208;8.951.076;4.652.333;2.585.894;5.883.145;838.67;00.00;46.875;2.916.667;6.666.666;3.229.166;31.770.832.061.767.600;395.833.320.617.676;697.338;4.513.889;5.642.361;4.166.667;254.919;1.617.477;;2.543.403
218926;01/09/2018 00.46;2.402.431;4.904.514;518.663.177.490.234;44.748.260.498.046.800;626.736.083.984.375;773.881;150.463;1.670.284;162.037;15.053.529.999.999.900;4.286.822;4.333.014;35.235.170.000.000.000;1.323.241;4.198.662;;4.624.833;4.709.234;2.633.474;6.771.104;4.058.188;8.918.839;5.428.555;1.105.599;6.128.019;7.016.677;8.024.987;9.882.642;7.969.113;4.857.786;6.810.185;9.031.249;8.891.571;4.719.379;2.621.106;5.908.807;8.333.204;0.0440681;46.875;2.916.667;6.666.666;3.229.166;3.177.083;3.958.333;697.338;4.513.889;5.642.361;4.166.667;254.919;1.617.477;;2.543.403
218927;01/09/2018 00.47;2.405.382;4.908.854;5.186.632;44.748.260.498.046.800;6.245.369.873.046.880;7.305.408;15.053.529.999.999.900;1.670.284;1.619.647;1.511.863;4.479.882;4.325.932;35.066.320.000.000.000;13.345.720.000.000.000;4.198.572;;4.636.285;4.616.148;253.634;675.235;4.055.644;8.945.964;5.427.312;1.109.002;6.091.797;700.779;7.991.151;9.766.261;7.933.948;4.972.769;6.847.222;9.036.458;8.983.696;4.740.818;2.566.416;5.925.503;8.549.246;00.00;484.375;296.875;6.770.833;325.520.820.617.676;3.229.166;4.010.416;6.828.703;4.398.148;59.895.830.000.000.000;4.195.602;2.688.079;1.605.903;;2.552.083
218928;01/09/2018 00.48;2.396.528;49.088.539.123.535.200;5.190.972;44.748.260.498.046.800;626.620.361.328.125;7.155.138.000.000.000;1.511.863;1.670.284;1.619.647;1.508.247;4.453.986;4.383.631;3.429.618;1.320.519;4.216.593;;4.621.571;463.421;2.568.429;6.754.172;40.627.099.999.999.900;8.926.942;5.450.402;1.109.992;6.098.729;6.999.119.999.999.990;8.004.483;9.477.231;8.039.753;4.903.932;6.675.926;8.953.124;8.830.947;4.783.254;2.536.046;548.08.00;8.278.401;1.067.031;50.00.00;2.994.792;68.75;328.125;322.916.641.235.352;4.036.458;6.539.352;4.369.213;6.134.259;4.224.537;2.769.097;1.597.222;;254.919
218929;01/09/2018 00.49;2.406.366;49.088.539.123.535.200;5.190.972;44.748.260.498.046.800;624.537.048.339.844;7.502.941;150.897;166.522;1.619.647;1.512.587;45.266.090.000.000.000;4.410.902;3.395.819;13.192.470.000.000.000;4.182.863;;4.651.914;4.583.923;2.481.937;6.786.274;4.064.105;9.019.142;5.408.856;1.112.359;6.137.182;7.026.658;8.009.374;9.696.034;8.102.205;5.056.279;6.699.074;8.890.624;9.012.808;4.695.599;249.532;5.568.539;820.033;00.00;5.208.333;3.046.875;71.875;3.307.291;322.916.641.235.352;4.088.541;6.221.065;4.369.213;6.336.805;4.311.343;2.835.648;1.617.477;;2.543.403
218930;01/09/2018 00.50;2.404.398;4.908.854;5.182.291;44.748.260.498.046.800;626.736.083.984.375;7.655.959;151.548;1.670.284;1.619.647;1.511.863;45.154.509.999.999.900;4.418.398;3.418.557;1.325.821;4.204.787;;4.633.956;4.678.489;2.593.932;6.759.907;4.053.754;8.939.389;5.423.611;1.106.499;6.101.403;6.986.523;7.997.193;9.708.339;7.937.213;5.235.939;6.481.481;9.041.666;9.298.716;4.731.344;2.511.365;5.527.489;8.223.949;00.00;53.125;3.151.042;7.473.958;3.359.375;322.916.641.235.352;419.270.820.617.676;5.902.778.000.000.000;44.560.179.999.999.900;6.394.676;4.369.213;2.841.435;1.634.838;;2.528.935
218931;01/09/2018 00.51;2.399.479;4.904.514;5.182.291;44.748.260.498.046.800;626.157.409.667.969;7.489.519;15.010.129.999.999.900;1.670.284;1.610.966;15.053.529.999.999.900;4.490.585;436.685;3.377.856;1.322.761;4.223.932;;4.663.687;4.568.746;249.517;676.67;4.059.044;9.037.321;5.457.332;11.121.480.000.000.000;6.142.703;699.25.00;810.072;7.761.139;7.893.315;511.593;6.388.889;8.302.083;8.464.778;4.609.969;2.328.432;5.287.279;8.086.964;0.0413793;5.234.375;3.177.083;765.625;3.359.375;322.916.641.235.352;4.296.875;5.642.361;4.600.694;6.365.741;44.849.536.895.752;2.832.755;1.634.838;;2.517.361
218932;01/09/2018 00.52;2.406.366;4.934.896;518.663.177.490.234;44.748.260.498.046.800;629.745.361.328.125;7.574.239;15.198.210.000.000.000;166.522;161.603;15.053.529.999.999.900;4.474.795;4.332.271;3.422.509;132.381;4.194.386;;4.602.255;4.650.587;2.567.327;6.775.905;4.057.291;8.953.387;5.441.204;1.107.359;6.116.574;7.028.458;8.029.106;1.059.962;8.062.828;4.899.226;6.902.778;9.427.083;9.127.147;4.618.685;222.765;4.955.612;7.839.474;00.00;5.182.291;3.307.291;7.734.375;3.307.291;322.916.641.235.352;4.296.875;541.088;46.875;6.278.935;4.600.694;2.832.755;1.623.264;;2.520.255
218933;01/09/2018 00.53;2.401.447;4.908.854;5.190.972;44.748.260.498.046.800;6.210.648.193.359.380;7.373.581.999.999.990;150.897;166.088;1.632.668;15.053.529.999.999.900;4.391.279;4.372.209;336.785;13.216.070.000.000.000;4.200.781;;4.633.361;4.664.545;2.591.701;6.759.788;4.056.267;8.886.469;5.412.733;11.065.330.000.000.000;6.146.767;7.001.110.000.000.000;798.092;950.25.00;8.174.704;5.131.091;6.833.333;8.916.666;9.187.752;4.769.145;2.320.966;5.053.203;7.881.042;00.00;5.104.166;3.489.583;78.125;328.125;322.916.641.235.352;4.322.916;52.662.040.000.000.000;4.774.306;6.221.065;462.963;282.118;1.608.796;;2.520.255
218934;01/09/2018 00.54;2.405.382;49.088.539.123.535.200;5.186.632;44.748.260.498.046.800;620.833.312.988.281;7.251.086;15.234.379.999.999.900;166.522;161.603;1.511.863;4.253.288;43.792;33.979.040.000.000.000;13.190.470.000.000.000;420.918;;4.603.639;4.648.564;2.556.412;6.756.226;405.425;8.959.477;5.417.281;11.088.419.999.999.900;6.087.458;7.006.157;7.993.195;9.943.832;7.986.258;4.767.399;6.870.369.999.999.990;9.140.624;9.029.302;4.779.884;2.393.954;5.169.729;8.010.698;00.00;4.973.958;3.567.708;7.838.541;325.520.820.617.676;3.229.166;43.229.164.123.535.200;5.121.528;4.803.241;59.895.830.000.000.000;4.600.694;2.809.606;1.576.968;;2.505.787
218935;01/09/2018 00.55;2.404.398;49.088.539.123.535.200;518.663.177.490.234;44.748.260.498.046.800;6.210.648;7.272.865;150.897;1.670.284;161.603;15.198.210.000.000.000;414.908;4.427.256;3.472.855;1.315.105;4.203.248;;4.615.962;460.663;2.516.516;6.760.739;4.055.688;8.893.384;5.421.903;1.107.425;6.094.238;7.011.768;7.993.822;9.850.121;8.106.509;5.149.213;687.05.00;8.885.416;8.876.924;4.786.969;2.432.887;5.291.951;7.950.393;5.566.383;484.375;3.541.666;7.578.125;3.229.166;3.255.208;4.322.916;5.034.722;4.832.176;5.815.971.999.999.990;4.600.694;2.809.606;1.548.032;;2.491.319
218936;01/09/2018 00.56;2.399.479;49.088.539.123.535.200;518.663.177.490.234;44.748.259.999.999.900;6.373.843;7.286.338;151.548;166.522;1.623.987;15.053.529.999.999.900;42.531.940.000.000.000;44.205.040.000.000.000;35.063.559.999.999.900;1.316.235;4.203.963;;4.638.447;4.644.174;25.319.119.999.999.900;6.752.782;4.064.167;8.950.239.999.999.990;5.410.294;1.104.495;6.056.277;6.995.096;7.968.776;973.498;7.926.727;5.077.961;6.921.296;8.968.749;8.878.333;4.766.137;2.450.967;530.386;7.946.259;0.001158362;4.791.666;3.489.583;7.395.833;3.177.083;3.255.208;4.270.833;4.976.852;4.832.176;56.712.959.999.999.900;4.513.889;2.824.074;1.493.056;;2.473.958
218937;01/09/2018 00.57;2.406.366;49.088.539.123.535.200;5.186.632;44.748.260.498.046.800;6.285.880.000.000.000;750.262;150.463;166.522;161.603;1.508.247;418.518;4.456.597;3.425.053;130.922;4.200.099;;4.633.092;4.611.498;2.515.759;6.744.879;4.057.082;8.997.610.000.000.000;5.400.283;1108.75;6.088.009;6.986.209;7.997.541;9.395.474;7.878.619;5.004.952;6.648.148;9.020.833;8.984.175;48.107.199.999.999.900;2.446.631;5.311.917;8.001.841;15.177.229.999.999.900;4.869.791;3.411.458;7.317.708;3.151.042;3.229.166;4.166.666;5.092.593;4.803.241;552.662;44.849.536.895.752;2.876.158;1.443.866;;2.462.384
218938;01/09/2018 00.58;24.004.630.000.000.000;49.088.539.123.535.200;5.190.972;44.748.260.498.046.800;626.504.638.671.875;741.762;15.198.210.000.000.000;166.522;1.623.264;1.508.247;4.175.842;45.455.040.000.000.000;34.394.909.999.999.900;13.194.989.999.999.900;4.203.975;;4.643.817;4.648.726;2.579.175;6.749.769;4.066.133;8.888.845;5.385.469;1.105.031;6.055.684;7.017.177;7.970.118;10.339.769.999.999.900;8.041.142;513.451;6.856.481;8.520.833;8.905.672;4.611.234;2.498.433;539.985;8.124.807;4.594.135;4.973.958;328.125;7.057.291;3.177.083;322.916.641.235.352;4.140.625;5.208.333;474.537;5.381.944;44.560.179.999.999.900;2.934.028;1.388.889;;2.447.917
218939;01/09/2018 00.59;2.404.398;49.088.539.123.535.200;5.182.291;44.748.260.498.046.800;6.270.833;7.387.989;151.331;166.088;1.619.647;15.053.529.999.999.900;4.225.768;4.585.153;3.470.977;1.303.229;4.195.403;;4.613.728;4.685.136;2.589.428;6.751.318;4.052.115;8.911.465;5.383.694;1.105.989;6.088.711;6.976.282;7.990.845;9.908.574;7.975.612;5.109.275;6.810.185;8.979.166;8.990.355;4.676.122;2.491.174;5.363.066;8.122.086;0.0002802991;5.052.083;3.229.166;6.901.041;3.177.083;3.229.166;4.088.541;52.662.040.000.000.000;462.963;52.662.040.000.000.000;4.369.213;3.000.579;1.331.019;;2.433.449
218940;01/09/2018 01.00;2.399.479;49.088.539.123.535.200;518.663.177.490.234;44.748.259.999.999.900;6.353.414;7.329.635.999.999.990;150.897;1.670.284;1.614.583;15.198.210.000.000.000;431.425;4.386.866;345.746;13.138.370.000.000.000;4.197.716;;4.605.823;4.620.618;2.546.886;6.736.634;4.050.396;8.939.212;5.402.416;11.072.269.999.999.900;605.89;6.956.432;7.976.763;9.168.794;7.948.623;4.912.586;6.893.519;9.656.249;9.056.492;4.716.115;2.484.426;5.420.509.999.999.990;8.167.126;00.00;5.260.416;31.25.00;6.770.833;325.520.820.617.676;31.770.832.061.767.600;4.036.458;546.875;44.560.179.999.999.900;5.092.593;434.027.786.254.883;3.165.509;1.226.852;;239.294
218941;01/09/2018 01.01;2.399.479;49.088.539.123.535.200;518.663.177.490.234;44.748.259.999.999.900;6.353.414;7.329.635.999.999.990;150.897;1.670.284;1.614.583;15.198.210.000.000.000;431.425;4.386.866;345.746;13.138.370.000.000.000;4.197.716;;4.605.823;4.620.618;2.546.886;6.736.634;4.050.396;8.939.212;5.402.416;11.072.269.999.999.900;605.89;6.956.432;7.976.763;9.168.794;7.948.623;4.912.586;6.893.519;9.656.249;9.056.492;4.716.115;2.484.426;5.420.509.999.999.990;8.167.126;00.00;5.260.416;31.25.00;6.770.833;325.520.820.617.676;31.770.832.061.767.600;4.036.458;546.875;44.560.179.999.999.900;5.092.593;434.027.786.254.883;3.165.509;1.226.852;;239.294
218942;01/09/2018 01.02;2.406.366;49.088.539.123.535.200;518.663.177.490.234;4.479.166;6.291.666;733.498;150.897;166.088;16.283.279.999.999.900;1.511.863;4.331.492;4.340.448;34.678.670.000.000.000;1.320.173;4.193.608;;4.619.088;4.739.299;26.738.869.999.999.900;6.750.698;4.053.822;8.969.196;5.440.856;11.098.110.000.000.000;6.070.987;7.005.268;7.984.987;8.607.288;7.899.631;4.777.616;6.699.074;8.901.041;8.861.899;4.822.211;2.447.342;5.305.787;8.124.711;8.537.134;54.427.080.000.000.000;3.177.083;6.484.375;328.125;31.770.832.061.767.600;4.010.416;5.497.685;4.369.213;4.976.852;434.027.786.254.883;3.200.231;1.174.769;;2.387.153
218943;01/09/2018 01.03;2.402.431;49.088.539.123.535.200;518.663.177.490.234;44.791.664.123.535.200;6.298.611;7.065.616.999.999.990;151.548;1.670.284;161.603;1.508.247;432.411;4.320.239;3.439.917;1.314.229;4.207.875;;4.608.111;4.550.157;2.465.147;6.761.053;408.093;8.949.238;5.419.135;1109.11.00;6.099.007;6.990.081;8.036.918;8.954.598;7.942.719;4.910.175;6.856.481;9.010.416;911.252;48.307.099.999.999.900;2.469.303;5.456.281;8.178.859;00.00;55.208.330.000.000.000;3.177.083;63.802.080.000.000.000;3.307.291;3.177.083;3.932.291;5.642.361;4.311.343;49.189.820.000.000.000;434.027.786.254.883;3.255.208;1.119.792;;240.162
218944;01/09/2018 01.04;2.402.431;49.088.539.123.535.200;518.663.177.490.234;44.791.664.123.535.200;6.347.222;7.250.941.999.999.990;1.511.863;1.670.284;1.623.987;15.169.270.000.000.000;4.371.249;4.269.016;34.137.859.999.999.900;13.093.810.000.000.000;420.537;;4.630.158;46.412.699.999.999.900;2.570.263;676.738;4.057.654;8.964.764;5.433.086;1.106.763;6.094.358;6.967.886;8.000.988;8.490.709;7.943.862;4.709.247;6.893.519;9.088.541;8.877.654;490.045;2.417.839;5.428.973;8.199.989.999.999.990;0.07225192;55.208.330.000.000.000;3.151.042;6.171.875;3.359.375;3.229.166;3.932.291;5.700.232;4.253.472;48.900.459.999.999.900;4.340.278;3.347.801;1.067.708;;2.421.875
218945;01/09/2018 01.05;2.404.398;49.088.539.123.535.200;518.663.177.490.234;44.791.664.123.535.200;6.377.314.453.125;7.135.986;150.897;1.670.284;16.283.279.999.999.900;15.053.529.999.999.900;4.279.385;4.375.244;3.428.145;13.096.969.999.999.900;4.201.935;;462.881;4.584.588;2.501.018;6.763.222;405.464;8.966.915;5.408.098;11.055.410.000.000.000;6.081.552;7.000.644;8.002.442;8.497.002;7.966.597;4.912.201;6.453.704;8.958.333;8.980.163;4.876.182;2.456.239;5.346.158;8.218.224;00.00;54.427.080.000.000.000;31.25.00;5.885.416;3.359.375;3.177.083;390.625;5.700.232;4.224.537;4.832.176;4.369.213;3.475.116;1.027.199;;2.456.597
218946;01/09/2018 01.06;2.399.479;49.088.539.123.535.200;518.663.177.490.234;44.791.664.123.535.200;6.245.369.873.046.880;701.749;1.511.863;166.522;1.629.051;1.512.587;42.311.840.000.000.000;4.405.004;3.456.608;1.319.145;4.220.829;;4.631.561;4.687.237;2.610.585;6.776.505;4.074.242;8.930.154;5.420.061;1110.36.00;6.110.874;7.014.973;8.043.945;9.048.793;8.218.727;4.949.373;6.986.111;9.098.958;9.122.997;4.935.943;24.052.200.000.000.000;5.295.328;8.118.162;00.00;5.338.541;3.098.958;5.729.166;3.307.291;31.770.832.061.767.600;3.828.125;5.700.232;4.253.472;49.189.820.000.000.000;436.921.310.424.805;3.512.731;1.001.157;;245.081
218947;01/09/2018 01.07;2.402.431;49.088.539.123.535.200;5.186.632;44.791.664.123.535.200;6.350.694.580.078.130;7.092.528;150.463;166.522;161.603;150.897;4.197.205;4.436.591;3.502.049;1.317.495;4.195.663;;4.654.952;4.673.068;2.580.461;6.754.669;4.054.427;8.864.893;5.434.346;1102.36.00;6.055.695;7.030.126;7.954.985;8.854.753;7.973.633;4.888.184;6.398.148;8.630.208;891.326;4.887.232;240.579;5.284.838;8.035.366;0.07843823;5.234.375;31.25.00;57.552.080.000.000.000;328.125;31.770.832.061.767.600;3.776.041;56.712.959.999.999.900;4.340.278;4.976.852;436.921.310.424.805;3.492.477;1.001.157;;2.433.449
218948;01/09/2018 01.08;2.404.398;49.088.539.123.535.200;5.190.972;44.791.664.123.535.200;6.319.445;7.062.769;1.511.863;1.664.496;16.124.129.999.999.900;1.511.863;4.121.379;4.372.292;3.478.046;13.157.079.999.999.900;4.209.641;;4.642.267;4.649.586;2.569.518;6.778.273;4.055.037;8.971.375;5.421.555;11.094.660.000.000.000;6.144.590.000.000.000;7.004.783;7.985.089.999.999.990;9.068.149;8.172.068;4.875.879;6.699.074;8.963.541;9.023.617;4.750.807;2.360.265;5.144.965;8.029.379;00.00;5.130.208;31.25.00;6.015.625;328.125;3.177.083;3.776.041;5.700.232;4.340.278;5.034.722;4.369.213;3.475.116;1.009.838;;2.418.981
218949;01/09/2018 01.09;2.402.431;49.088.539.123.535.200;5.186.632;44.791.664.123.535.200;6.321.007;696.496;1.511.863;166.522;1.610.966;15.053.529.999.999.900;42.038.059.999.999.900;44.310.959.999.999.900;3.513.971;1.316.479;4.207.144;;4.663.097;4.687.921;2.608.796;6.772.581;4.063.968;8.951.072;5.424.368;1.110.222;6.106.232;6.990.757;8.028.330.000.000.000;8.740.854;8.011.779;4.947.877;6.856.481;8.567.708;9.140.767;4.874.114;2.374.563;5.137.324;7.948.004;00.00;5.052.083;3.098.958;62.239.580.000.000.000;3.255.208;3.229.166;3.776.041;56.712.959.999.999.900;4.311.343;5.034.722;434.027.786.254.883;34.288.199.999.999.900;1.024.306;;2.404.514
218950;01/09/2018 01.10;2.404.398;49.088.539.123.535.200;518.663.177.490.234;44.791.664.123.535.200;6.315.972;6.907.963.000.000.000;151.548;1.670.284;1.631.944;15.053.529.999.999.900;4.200.777;44.340.270.000.000.000;3.572.766;12.953.669.999.999.900;4.188.419;;4.645.336;4.612.782;2.531.577;6.792.524;4.063.084;8.867.587;5.431.003;1.110.138;6.142.079;7.010.064;8.032.791;9.379.722;8.037.548;4.993.308;6.782.407;8.781.249;9.163.727;4.877.636;2.454.576;5.361.804;7.949.716;7.881.407;5.052.083;3.046.875;6.354.166;325.520.820.617.676;3.229.166;3.802.083;56.712.959.999.999.900;4.253.472;5.092.593;4.311.343;3.368.055;1.032.986;;2.375.579
218951;01/09/2018 01.11;24.004.630.000.000.000;49.088.539.123.535.200;5.186.632;44.791.664.123.535.200;6.297.454;686.548;150.897;166.522;1.614.583;1.508.247;42.889.920.000.000.000;43.779.509.999.999.900;3.670.306;1.316.678;4.224.197;;4.667.847;4.663.656;257.139;6.788.939;4.074.885;8.981.655;5.416.522;1.110.528;6.111.737;6.982.260.000.000.000;8.028.464;8.548.835;802.42.00;5.176.357;6.592.593;8.651.041;8.972.985;4.794.168;2.522.431;5.404.899;7.922.398;0.009662336;5.052.083;3.020.833;63.020.830.000.000.000;325.520.820.617.676;3.177.083;3.802.083;5.642.361;4.224.537;5.179.398;431.134.262.084.961;33.304.400.000.000.000;1.032.986;;2.332.176
218952;01/09/2018 01.12;24.004.630.000.000.000;49.088.539.123.535.200;5.190.972;44.791.664.123.535.200;6.362.268;6.761.655;151.548;1.670.284;1.623.987;15.010.129.999.999.900;444.239;4.355.892;3.702.765;1.318.343;4.192.569;;4.668.356;4.591.967;2.506.672;6.761.887;4.061.076;8.947.582;5.417.148;1.107.136;6.081.714;6.954.851;7.998.521;853.35.00;7.862.056;4.910.458;661.574;8.520.833;8.810.634;4.745.514;2.558.806;5.614.952;8.165.018;1.347.339;5.052.083;2.994.792;6.119.791;3.255.208;31.770.832.061.767.600;3.802.083;5.613.426;4.224.537;5.324.074;431.134.262.084.961;3.318.866;1.027.199;;2.317.708
218953;01/09/2018 01.13;2.404.398;49.088.539.123.535.200;5.186.632;44.791.664.123.535.200;6.274.305;6.749.651;151.548;166.522;161.603;1.508.247;4.382.609;44.025.220.000.000.000;3.688.811;13.214.179.999.999.900;4.216.446;;4.625.478;4.643.358;2.574.869;6.775.898;4.072.995;8.978.474;5.420.106;1.109.603;6.115.082;7.025.519;8.009.739.999.999.990;8.179.466;802.52.00;4.897.701;662.05.00;8.890.624;8.813.337;4.680.343;2.556.414;5.639.926;8.086.421;17.301.549.999.999.900;5.052.083;2.994.792;5.963.541;3.307.291;31.770.832.061.767.600;3.802.083;5.613.426;4.224.537;5.353.009;431.134.262.084.961;328.125;1.018.519;;2.314.815
218954;01/09/2018 01.14;2.399.479;49.088.539.123.535.200;518.663.177.490.234;44.791.664.123.535.200;6.377.314;7.026.543.000.000.000;150.897;1.670.284;1.610.966;15.169.270.000.000.000;4.358.587;4.460.181;3.532.743;1.307.554;4.217.787;;4.646.682;4.642.548;2.558.306;6.761.163;4.061.135;8.970.187;540.757;1.106.806;6.120.694;7.002.554;7.990.208;8.061.976;8.070.761;4.975.623;6.555.555;8.989.583;9.009.636;4.749.327;2.561.813;5.702.231;8.136.084;9.020.978.999.999.990;5.052.083;2.994.792;59.895.830.000.000.000;330.729.141.235.352;31.770.832.061.767.600;3.802.083;5.613.426;4.166.667;5.381.944;4.311.343;3.246.528;1.024.306;;2.311.921
218955;01/09/2018 01.15;2.405.382;4.908.854;5.186.632;44.791.664.123.535.200;632.523.132.324.219;7.123.599;150.463;1.675.347;1.619.647;1.520.544;42.834.559.999.999.900;4.405.955;3.487.025;13.211.089.999.999.900;4.207.481;;4.636.323;4.605.311;2.531.072;6.744.103;4.058.097;8.932.993;5.418.783;1.106.595;6.093.288;7.011.007;7.983.816;8.024.431;7.839.069;5.091.812;6.898.148;8.723.958;8.992.466;461.03.00;2.549.788;5.581.939;8.222.031;00.00;4.973.958;2.994.792;59.895.830.000.000.000;330.729.141.235.352;3.177.083;3.802.083;5.497.685;4.166.667;541.088;4.340.278;3.185.764;1.018.519;;2.303.241
218956;01/09/2018 01.16;24.004.630.000.000.000;49.088.539.123.535.200;5.190.972;44.791.664.123.535.200;62.847.216.796.875;7.074.576;1.511.863;16.688.370.000.000.000;16.030.089.999.999.900;1.511.863;4.194.702;43.607.659.999.999.900;3.422.498;1.301.647;4.218.562;;4.607.337;4.607.144;2.509.662;6.778.584;40.394.699.999.999.900;8.890.743;5.397.983;1.105.865;6.066.218;6.958.418;7.960.204;7.988.398;7.960.984;5.014.251;6.546.296;8.864.583;8.869.761;4.648.634;249.979;5.594.132;8.365.513;00.00;4.921.875;3.020.833;5.963.541;3.307.291;3.151.042;3.802.083;5.353.009;4.166.667;5.555.556;434.027.786.254.883;3.081.597;1.012.731;;2.306.134
218957;01/09/2018 01.17;24.004.630.000.000.000;49.088.539.123.535.200;5.186.632;4.479.166;6.339.119.873.046.880;713.764;1.516.204;166.522;161.603;1.508.247;4.247.146;4.310.532;33.673.320.000.000.000;132.408;4.197.211;;4.618.426;4.608.718;2.520.934;6.756.560.000.000.000;4.051.456;8.893.006;5.405.598;1.103.953;6.111.014;6.970.779;8.006.932;7.587.597;7.943.807;4.923.397;6.837.963;8.937.499;8.766.137;4.784.819;2.496.879;5.452.776;8.283.516;00.00;484.375;3.046.875;59.895.830.000.000.000;328.125;315.104.160.308.838;3.802.083;5.208.333;4.166.667;5.642.361;434.027.786.254.883;2.971.643;1.001.157;;2.314.815
218958;01/09/2018 01.18;2.411.285;49.088.539.123.535.200;5.190.972;44.791.664.123.535.200;63.449.072.265.625;6.996.124;150.897;1.670.284;162.037;1.511.863;407.258;43.585.609.999.999.900;3.339.253;13.206.479.999.999.900;4.207.562;;4.631.168;4.674.275;2.604.331;6.759.883;4.056.725;8.957.260.000.000.000;5.381.793;11.080.710.000.000.000;6.092.352;6.954.795;7.959.091;7.366.339;7.955.384;5.029.477;7.018.519;9.223.958;8.980.959;4.761.723;2.453.212;5.481.648;8.332.591;00.00;4.739.583;3.098.958;6.041.666;328.125;315.104.160.308.838;3.776.041;5.063.657;41.087.959.999.999.900;57.581.019.999.999.900;434.027.786.254.883;2.934.028;9.953.703;;2.329.282
218959;01/09/2018 01.19;23.955.439.999.999.900;49.088.539.123.535.200;5.190.972;44.791.664.123.535.200;6.278.936;6.757.458.000.000.000;1.511.863;1.675.347;162.037;1.497.396;4.055.147;42.910.070.000.000.000;3.278.788;1.326.493;4.178.013;;4.632.034;4.612.943;2.512.339;6.760.106;4.051.302;8.960.956;5.388.176;1.103.715;6.088.156;6.951.133;7.953.760.000.000.000;7.241.802;7.940.758;5.166.621;6.648.148;8.994.791;9.235.067;4.789.562;247.113;5.507.574;8.418.292;0.001211822;46.875;3.177.083;609.375;325.520.820.617.676;315.104.160.308.838;3.802.083;4.947.917;41.087.959.999.999.900;57.870.369.999.999.900;434.027.786.254.883;2.907.986;9.837.963;;2.326.389
218960;01/09/2018 01.20;2.406.366;49.088.539.123.535.200;5.186.632;44.791.664.123.535.200;6.224.942;7.083.128;15.234.379.999.999.900;166.522;1.623.987;1.508.247;4.048.223;43.340.720.000.000.000;3.306.876;13.194.970.000.000.000;4.207.553;;4.597.665;45.955.800.000.000.000;2.497.629;6.745.723;4.056.396;894.372;5.419.302;1.106.838;6.072.163;7.005.452;7.965.493;6.737.565;7.952.663;4.791.255;6.513.889;9.369.791;8.877.544;4.894.261;2.467.158;5.412.958;8.294.194;0.35768779999999994;4.609.375;328.125;609.375;3.229.166;3.151.042;3.802.083;4.832.176;41.087.959.999.999.900;5.844.906.999.999.990;4.340.278;2.853.009;9.664.352;;2.306.134
218961;01/09/2018 01.21;2.406.366;49.088.539.123.535.200;5.190.972;44.791.664.123.535.200;6.289.352;675.322;150.897;166.522;1.619.647;1.511.863;407.538;43.626.490.000.000.000;3.272.011;1.291.716;4.229.054;;464.875;4.498.087;240.185;6.768.882;4.070.531;8.953.868;5.422.593;1.110.815;6.093.661;6.984.591;8.006.246;6.025.579;7.981.514;5.138.649;6.754.630.000.000.000;9.005.208;9.020.584;4.639.756;2.244.327;5.001.511;8.026.918;16.869.740.000.000.000;4.583.333;3.359.375;61.458.330.000.000.000;322.916.641.235.352;3.177.083;3.802.083;4.803.241;4.195.602;59.317.130.000.000.000;4.369.213;2.766.204;9.519.676;;2.303.241
218962;01/09/2018 01.22;2.399.479;49.088.539.123.535.200;5.186.632;44.791.664.123.535.200;638.773.132.324.219;6.943.013;1.511.863;166.522;161.603;1.508.247;3.999.732;4.362.662;3.296.642;1.308.435;4.201.829;;4.656.567;4.643.831;25.646.310.000.000.000;6.774.892;4.069.793;8.940.971;5.423.482;1.108.576;6.117.029;7.047.057;8.008.234;6.424.526;7.992.589.999.999.990;4.891.806;6.300.926;9.124.999;8.665.082;4.824.165;2.190.877;4.930.755;7.893.726;00.00;453.125;3.359.375;62.239.580.000.000.000;3.229.166;3.151.042;3.828.125;4.803.241;4.224.537;59.895.830.000.000.000;4.340.278;2.725.695;943.287;;2.291.667
218963;01/09/2018 01.23;2.406.366;49.088.539.123.535.200;5.186.632;4.479.166;632.986.083.984.375;7.311.046.999.999.990;150.897;166.522;1.619.647;1.508.247;3.983.745;41.796.079.999.999.900;32.848.209.999.999.900;12.994.060.000.000.000;4.208.664;;4.637.634;4.634.063;256.011;6.757.427;4.064.778;9.001.523;5.445.411;1.108.307;6.108.928;7.027.527;7.968.112;6.347.905;7.936.743;5.211.146;6.851.852;8.885.416;9.301.423;4.840.795;2.225.168;5.015.049;7.786.583;0.1273559;4.557.291;328.125;63.020.830.000.000.000;3.177.083;3.151.042;3.880.208;4.832.176;4.253.472;60.474.540.000.000.000;4.398.148;2.731.481;9.288.194;;2.297.454
218964;01/09/2018 01.24;2.402.431;49.088.539.123.535.200;5.190.972;4.487.847;632.523.132.324.219;7.463.462;150.897;1.675.347;1.619.647;1.511.863;3.936.314;4.181.147;3.244.083;1.310.375;4.190.443;;4.608.559;4.668.955;2.599.398;6.763.551;4.055.445;8.913.685;5.422.628;1.109.478;6.086.793;7.007.364;7.975.736;6.413.245;7.874.119.999.999.990;479.286;6.439.814;8.708.333;8.984.816;4.845.296;2.245.392;495.405;7.831.687;00.00;4.557.291;3.359.375;6.510.416;3.229.166;3.177.083;3.880.208;5.063.657;4.340.278;6.076.389;4.398.148;2.795.139;9.143.519;;2.297.454
218965;01/09/2018 01.25;240.735;49.088.539.123.535.200;5.190.972;448.784.713.745.117;6.289.352;7.675.943.000.000.000;1.511.863;1.656.539;1.619.647;15.010.129.999.999.900;39.596.790.000.000.000;4.151.634;3.235.371;13.118.520.000.000.000;4.228.662;;4.613.682;4.668.096;2.588.454;6.746.565;4.068.384;8.928.246;5.441.669.999.999.990;1.108.737;6.089.239;703.153;8.011.217;6.412.582;8.003.437;4.995.125;6.689.814;8.578.124;9.038.392;4.890.758;2.282.007;4.913.889;7.734.114;00.00;4.479.166;3.411.458;6.796.875;3.177.083;31.770.832.061.767.600;3.932.291;5.555.556;4.369.213;6.105.324;4.369.213;2.867.477;8.969.906.999.999.990;;2.274.306
218966;01/09/2018 01.26;2.399.479;49.088.539.123.535.200;5.186.632;448.784.713.745.117;6.236.516;7.571.678;15.010.129.999.999.900;1.670.284;1.619.647;1.508.247;3.981.758;41.387.679.999.999.900;3.329.242;1.305.758;4.197.833;;4.620.952;4.714.417;2.650.018;6.749.788;4.061.527;8.927.518;5.398.239;1.109.065;6.098.035;7.014.675;7.986.557;6.524.136;815.472;4.975.907;6.712.963;8.630.208;8.958.137;5.004.327;2.368.725;5.115.699;780.967;00.00;4.453.125;3.385.416;68.75;3.177.083;3.177.083;4.010.416;59.895.830.000.000.000;44.560.179.999.999.900;6.134.259;434.027.786.254.883;29.195.599.999.999.900;8.854.166;;2.271.412
218967;01/09/2018 01.27;2.402.431;49.088.539.123.535.200;5.190.972;448.784.713.745.117;6.307.869.999.999.990;7.461.202;1.511.863;1.656.539;161.603;1.511.863;40.817.240.000.000.000;4.131.903;335.521;13.131.639.999.999.900;419.115;;4.597.198;4.560.412;24.424.360.000.000.000;6.776.735;4.043.176;8.956.604;5.405.658;1.106.062;611.038;7.012.465;7.990.729;6.767.512;7.978.728;502.189;6.986.111;8.666.666;8.997.613;4.793.122;2.388.672;5.219.205;7.859.711;00.00;453.125;3.307.291;6.927.083;3.151.042;3.151.042;4.036.458;619.213;462.963;6.221.065;4.311.343;2.986.111;8.738.426;;2.271.412
218968;01/09/2018 01.28;2.402.431;49.088.539.123.535.200;519.097.213.745.117;448.784.713.745.117;6.341.435.546.875;7.168.134;15.010.129.999.999.900;166.088;1.619.647;1.508.247;4.081.092;4.175.799;336.608;13.209.929.999.999.900;4.206.237;;4.631.197;4.658.176;2.596.884;6.762.234;4.060.011;8.925.317;5.435.089;1.108.882;6.104.733;7.023.098;8.033.821;7.152.792;810.185;5.017.539;7.009.259;8.624.999;8.965.939;4.838.047;2.454.967;5.324.837;7.862.405;00.00;4.557.291;3.255.208;68.75;3.177.083;3.151.042;40.625;6.365.741;4.803.241;62.05.00;4.253.472;3.009.259;8.564.815;;2.271.412
218969;01/09/2018 01.29;24.004.630.000.000.000;49.088.539.123.535.200;5.190.972;448.784.713.745.117;62.511.572.265.625;6.950.944;15.198.210.000.000.000;166.522;161.603;1.508.247;4.209.347;414.323;3.301.843;131.059;4.197.086;;4.655.957;4.691.039;26.155.720.000.000.000;6.753.776;4.060.778;8.970.591;5.416.634;1.107.621;6.090.126;7.014.096;8.002.794;7.474.869;8.065.917;4.962.597;7.078.704;8.968.749;8.699.492;4.848.912;2.443.043;5.319.648;7.899.285;16.869.720.000.000.000;4.609.375;3.177.083;6.822.916;31.770.832.061.767.600;3.177.083;4.036.458;6.655.093.000.000.000;5.179.398;6.278.935;42.534.721.374.511.700;2.962.963;8.391.203;;2.271.412
218970;01/09/2018 01.30;2.406.366;4.908.854;5.186.632;448.784.713.745.117;6.274.305.419.921.880;7.155.872;151.548;166.522;16.124.129.999.999.900;1.497.396;4.163.939;4.153.079;3.293.027;129.094;4.214.576;;4.626.558;4.737.467;2.653.836;674.325;4.056.461;8.911.359;5.401.743;1.105.827;6.071.789;6.994.473;7.987.303;7.344.545;8.168.364;4.768.977;6.898.148;8.812.499;8.780.172;4.764.645;2.483.946;5.285.153;7.956.582;00.00;4.713.541;31.25.00;6.744.791;31.770.832.061.767.600;3.151.042;4.036.458;6.857.639;5.642.361;6.336.805;4.253.472;2.939.815;865.162;;2.282.986
218971;01/09/2018 01.31;2.402.431;49.088.539.123.535.200;5.190.972;448.784.713.745.117;62.824.072.265.625;7.117.614;150.897;1.670.284;162.037;1.508.247;4.059.083;411.878;3.305.825;1.295.335;4.191.252;;4.618.604;4.612.466;25.155.369.999.999.900;6.772.036;4.043.191;8.907.941;5.423.918;1.106.992;6.088.447;7.000.409;8.027.458;7.906.099;8.133.954;4.979.748;7.060.185;8.770.833;9.028.878;4.733.458;2.533.737;5.443.332;8.122.548;00.00;4.739.583;31.25.00;6.822.916;3.177.083;31.25.00;4.010.416;6.915.509;60.474.540.000.000.000;6.423.611;4.224.537;2.951.389;8.854.166;;2.300.347
218972;01/09/2018 01.32;24.004.630.000.000.000;49.088.539.123.535.200;5.195.312;448.784.713.745.117;6.339.119.873.046.880;7.181.054;150.463;1.675.347;16.124.129.999.999.900;1.511.863;4.135.089;4.052.753;32.851.009.999.999.900;131.986;4.201.446;;4.644.446;4.578.019;2.494.246;6.755.878;4.070.521;8.952.504;5.406.653;1.106.777;6.075.688;6.989.937;8.001.457;7.579.359;8.179.673;4.932.912;6.814.814;9.510.416;8.745.325;4.767.896;2.560.219;5.493.181;819.257;00.00;46.875;3.098.958;6.614.583;3.229.166;31.25.00;4.010.416;6.944.444;6.134.259;6.568.287;4.224.537;29.108.799.999.999.900;8.998.843.000.000.000;;2.326.389
218973;01/09/2018 01.33;2.406.366;4.908.854;51.953.121.185.302.700;448.784.713.745.117;635.763.916.015.625;7.298.751;1.511.863;166.522;1.629.051;1.511.863;4.248.125;40.721.759.999.999.900;3.334.644;1.328.752;4.210.267;;4.604.836;4.535.158;245.572;6.789.609;4.054.714;8.975.322;5.407.762;1.107.674;6.084.091;7.002.209;8.030.114;8.213.082;8.070.859;5.048.482;6.949.074;9.536.458;9.109.597;4.803.504;2.545.466;5.609.249;8.420.881;00.00;4.713.541;3.046.875;6.640.625;3.177.083;3.151.042;3.958.333;6.770.834;6.134.259;6.770.834;4.253.472;2.838.542;9.288.194;;2.349.537
218974;01/09/2018 01.34;24.004.630.000.000.000;4.904.514;51.953.121.185.302.700;448.784.713.745.117;636.111.083.984.375;721.457;150.463;166.522;1.631.944;1.511.863;42.686.809.999.999.900;4.076.696;3.364.355;131.964;4.203.145;;4.628.323;4.562.925;2.479.693;6.778.663;4.061.795;8.950.974;5.426.522;1.108.714;6.099.203;6.988.636;8.006.684;8.124.618;7.969.022;4.945.071;6.458.333;9.098.958;8.945.358;4.806.534;2.560.043;5.554.195;8.268.441;00.00;4.869.791;3.020.833;68.75;3.177.083;31.25.00;3.958.333;6.799.769;6.105.324;6.857.639;4.253.472;27.633.099.999.999.900;1.030.093;;2.375.579
218975;01/09/2018 01.35;2.402.431;4.904.514;5.195.312;448.784.713.745.117;625.462.951.660.156;707.392;151.548;166.522;16.283.279.999.999.900;1.508.247;436.264;4.073.285;3.385.618;1.298.904;4.201.029;;4.606.721;4.567.101;2.463.264;6.761.368;4.057.983;8.910.692;5.411.282;1106.39.00;6.073.513;6.999.567;8.024.691;8.133.406;8.158.714;4.997.592;6.800.926;9.046.874;8.854.004;4.745.752;2.581.279;5.591.545;8.365.352;00.00;50.00.00;3.020.833;734.375;3.151.042;31.25.00;4.010.416;7.060.185;59.895.830.000.000.000;708.912;4.224.537;2.679.398;1.111.111;;2.384.259
218976;01/09/2018 01.36;2.402.431;4.908.854;5.190.972;4.487.847;62.534.716.796.875;6.895.195;1.511.863;1.675.347;1.619.647;1.508.247;444.176;41.481.159.999.999.900;3.426.726;1.306.911;4.219.965;;4.649.946;4.685.399;2.609.439;6.771.097;4.076.424;8.963.571;5.444.083;1.110.474;6.097.330.000.000.000;7.015.777;8.026.868;8.376.307;8.047.676;4.989.183;6.995.369.999.999.990;9.380.208;9.290.526;4.861.266;2.530.269;5.623.123;8.365.668;00.00;5.130.208;31.25.00;7.916.666;3.177.083;3.151.042;4.088.541;7.204.861;59.895.830.000.000.000;7.262.731;4.253.472;2.601.273;1.154.514;;2.384.259
218977;01/09/2018 01.37;2.404.398;4.904.514;5.195.312;4.492.188;629.861.083.984.375;686.986;15.234.379.999.999.900;166.522;1.623.264;1.511.863;4.344.936;4.166.782;34.364.740.000.000.000;13.151.670.000.000.000;4.186.117;;4.602.175;4.597.746;2.503.038;6.761.514;4.060.475;8.982.074;5.433.138;1.109.177;6.147.637;6.996.617;8.009.085;8.571.523;7.930.986;5.165.496;6.861.111;9.145.833;915.085;4.823.877;2.464.718;5.475.493;8.339.282;1.680.604;5.208.333;3.255.208;8.229.166;31.770.832.061.767.600;3.177.083;4.270.833;7.060.185;6.278.935;7.378.472;42.534.721.374.511.700;2.528.935;1.177.662;;2.398.727
218978;01/09/2018 01.38;2.404.398;4.908.854;5.195.312;44.921.875;634.375;6.907.952;150.463;166.088;161.603;15.010.129.999.999.900;42.365.829.999.999.900;4.132.221;3.395.298;1.310.648;4.205.479;;4.680.807;472.015;26.371.689.999.999.900;6.751.862;4.058.636;9.013.395;5.417.192;1.107.632;6.074.997;6.980.045;7.992.185;9.215.057;808.275;498.86;6.916.666;8.989.583;8.812.147;4.806.605;2.488.068;5.541.309;8.515.968;00.00;5.182.291;3.255.208;8.255.208;3.177.083;3.229.166;4.322.916;7.002.315;6.712.963;7.378.472;42.534.721.374.511.700;2.488.426;120.081;;2.407.407
218979;01/09/2018 01.39;24.004.630.000.000.000;49.088.539.123.535.200;5.190.972;44.921.875;642.476.806.640.625;714.015;150.897;166.522;1.629.051;1.511.863;4.119.153;4.193.701;3.460.634;13.307.020.000.000.000;419.351;;4.619.386;4.652.865;25.792.509.999.999.900;6.763.710.000.000.000;4.059.221;8.943.062;5.427.145;1.108.744;6.109.181;700.953;8.030.516;9.587.682;8.062.809;5.013.955;6.759.259;9.067.708;8.939.645;4.936.437;25.019.099.999.999.900;5.529.243;8.378.047;6.025.487;5.182.291;3.255.208;8.072.916;3.151.042;3.255.208;4.296.875;7.060.185;7.233.796;7.146.991;42.534.721.374.511.700;2.508.681;1.203.704;;2.421.875
218980;01/09/2018 01.40;2.406.366;49.088.539.123.535.200;5.195.312;44.921.875;62.847.216.796.875;7.402.411;151.548;1.656.539;1.605.903;1.508.247;4.144.944;4.196.788;3.462.341;1.324.595;4.205.115;;4.623.176;476.051;26.983.759.999.999.900;6.727.360.000.000.000;4.058.962;8.942.363;5.413.652;11.072.169.999.999.900;609.556;7.000.078;8.018.771;9.832.427;8.064.878;5.219.191;6.722.222;8.796.874;8.971.917;4.802.116;2.498.623;5.448.677;8.201.653;00.00;5.078.125;3.229.166;7.526.041;3.151.042;3.229.166;421.875;7.002.315;7.841.435;6.770.834;42.534.721.374.511.700;2.534.722;1.215.278;;2.430.556
218981;01/09/2018 01.41;24.004.630.000.000.000;49.088.539.123.535.200;51.953.121.185.302.700;44.921.875;638.657.409.667.969;7.272.142;151.548;166.522;1.610.966;1.506.076;4.224.765;4.172.933;34.829.409.999.999.900;1.327.444;4.199.978;;4.650.974;454.463;2.456.059;6.736.985;4.048.184;8.892.653;5.412.567;1109.66;6.100.408;7.014.047;8.008.065;1.013.442;8.035.004;5.000.443;6.754.630.000.000.000;9.406.249;8.988.376;479.273;247.262;5.432.391;8.450.491;1.478.675;5.208.333;31.25.00;7.317.708;31.25.00;322.916.641.235.352;4.140.625;6.770.834;859.375;6.481.481;4.253.472;255.787;1.258.681;;2.433.449
218982;01/09/2018 01.42;2.402.431;49.088.539.123.535.200;5.195.312;44.921.875;6.282.407;7.336.349;150.897;1.670.284;162.037;1.511.863;4.368.121;4.215.828;3.432.893;132.651;4.185.431;;4.630.207;4.585.371;2.494.621;6.745.039.999.999.990;4.049.443;8.945.098;5.403.784;1.109.026;6.058.713;6.978.729;7.993.991;1.013.846;7.913.079;5.127.538;6.995.369.999.999.990;9.276.041;8.910.912;4.774.599;2.484.577;5.533.021;8.356.292;8.046.389;5.390.625;3.046.875;7.291.666;3.177.083;3.229.166;4.036.458;6.539.352;9.027.778;6.278.935;4.195.602;2.601.273;1.328.125;;2.456.597
218983;01/09/2018 01.43;2.402.431;4.908.854;5.190.972;44.921.875;626.967.529.296.875;7.269.319;151.548;166.522;16.030.089.999.999.900;1.511.863;4.336.938;4.209.324;3.369.482;13.257.710.000.000.000;4.224.109;;4.623.839;4.670.789;2.586.682;6.744.375;4.060.022;8.911.492;5.405.135;1.105.785;6.077.969;7.007.993;7.998.008;1.032.979;8.128.860.000.000.000;5.042.205;6.805.555;9.010.416;9.239.812;4.746.177;2.490.372;5.483.856;8.209.589;00.00;56.25.00;3.046.875;7.213.541;328.125;3.177.083;4.036.458;6.278.935;9.143.519;6.221.065;4.195.602;2.638.889;1.333.912;;2.476.852
218984;01/09/2018 01.44;2.399.479;4.904.514;519.097.213.745.117;44.921.875;62.511.572.265.625;7.062.510.999.999.990;150.463;166.522;1.632.668;1.508.247;4.373.294;42.384.209.999.999.900;33.416.340.000.000.000;1.324.743;4.211.266;;4.673.088;46.631.199.999.999.900;2.578.924;6.760.584;4.057.146;8.907.739.999.999.990;5.414.877;1.104.976;6.075.134;6.964.393;7.965.567;1.024.245;7.794.553;5.154.868;699.074;9.114.583;9.059.822;4.876.754;2.500.344;5.504.768;8.277.821;00.00;578.125;3.098.958;7.135.416;3.385.416;31.770.832.061.767.600;4.010.416;6.076.389;9.288.194;619.213;4.253.472;2.673.611;1.342.593;;2.485.532
218985;01/09/2018 01.45;2.399.479;4.904.514;5.190.972;44.921.875;62.511.572.265.625;7.062.510.999.999.990;150.463;166.522;1.632.668;1.508.247;4.373.294;42.384.209.999.999.900;33.416.340.000.000.000;1.324.743;4.205.984;;4.638.099;4.616.156;25.350.759.999.999.900;6.779.622;4.056.697;8.955.052;5.415.826;1.108.336;6.098.998;6.968.734;7.973.782;9.842.824;8.111.951;4.982.115;6.694.445;9.046.874;9.094.761;484.374;2.460.091;551.53.00;8.176.591;00.00;578.125;3.098.958;7.135.416;3.385.416;3.177.083;4.010.416;6.076.389;9.288.194;619.213;4.253.472;2.673.611;1.342.593;;2.485.532
218986;01/09/2018 01.46;24.004.630.000.000.000;4.908.854;5.195.312;44.921.875;637.05.00;6.839.262;150.897;1.675.347;1.602.286;1.520.544;4.296.738;4.282.056;3.266.946;13.237.470.000.000.000;418.49.00;;4.625.458;4.606.093;251.012;6.756.541;4.057.844;8.926.091;5.403.676;1.105.353;6.072.985;6.979.324;7.938.889.999.999.990;1.008.732;7.896.318;5.209.587;6.851.852;9.484.374;9.005.467;4.805.482;2.477.785;5.335.219;8.145.059;00.00;5.859.375;3.151.042;7.135.416;3.489.583;3.229.166;3.958.333;5.815.971.999.999.990;8.940.972;59.895.830.000.000.000;4.369.213;2.734.375;1.333.912;;2.462.384
218987;01/09/2018 01.47;2.402.431;49.088.539.123.535.200;5.190.972;44.921.875;632.523.132.324.219;70.892;150.897;166.522;1.619.647;150.897;4.174.684;4.290.717;3.287.563;1.334.557;4.201.708;;4.655.128;4.603.579;2.515.589;6.774.024;4.050.428;8.966.548;540.178;1.107.656;6.088.554;6.957.344;7.946.254;925.184;7.900.022;5.169.448;6.754.630.000.000.000;9.296.874;8.954.222;4.836.003;2.516.451;5.431.462;8.170.361;00.00;578.125;3.151.042;7.213.541;34.375;322.916.641.235.352;3.932.291;5.700.232;8.391.203;5.815.971.999.999.990;4.398.148;280.382;1.319.444;;2.459.491
218988;01/09/2018 01.48;2.406.366;49.088.539.123.535.200;5.190.972;44.921.875;6.365.740.966.796.880;7.234.716.999.999.990;151.548;1.670.284;162.037;1.512.587;4.122.173;4.298.578;3.343.976;1.334.668;4.200.769;;4.694.233;4.709.854;2.650.307;678.819;40.800.300.000.000.000;8.988.514;5.429.042;1.106.639;6.110.657;6.981.352;8.003.182;9.178.623;7.902.456;5.177.679;6.921.296;9.427.083;9.322.618;49.068.300.000.000.000;24.997.400.000.000.000;5.508.929;8.229.504;00.00;5.651.041;31.25.00;7.005.208;341.145.820.617.676;322.916.641.235.352;3.958.333;552.662;7.841.435;5.613.426;4.398.148;28.616.900.000.000.000;1.319.444;;2.465.278
218989;01/09/2018 01.49;2.396.528;4.908.854;5.195.312;44.921.875;62.488.427.734.375;7.109.774;15.234.379.999.999.900;1.675.347;1.619.647;15.053.529.999.999.900;4.140.893;4.307.993;3.323.718;1.334.861;4.201.534;;4.633.613;4.549.404;2.455.686;6.762.419;4.051.331;8.920.325;5.416.287;1.106.451;6.071.264;6.961.837;7.927.424;8.690.721;7.934.034;5.044.405;6.652.778;9.239.583;9.066.718;4.984.828;2.472.693;5.342.016;8.096.185;00.00;5.572.916;3.098.958;6.901.041;3.385.416;3.229.166;3.958.333;552.662;7.407.406.999.999.990;5.497.685;4.369.213;29.108.799.999.999.900;1.316.551;;2.471.065
218990;01/09/2018 01.50;240.735;4.913.194;5.195.312;44.921.875;63.738.427.734.375;7.280.611;15.198.210.000.000.000;1.670.284;1.632.668;1.508.247;4.099.092;4.298.876;3.403.376;1.319.343;4.223.725;;4.636.265;4.576.139;2.486.414;6.771.592;4.055.528;8.939.653;5.407.288;1.105.492;6.100.278;6.969.752;7.970.902;8.132.448;7.730.743;4.871.547;6.675.926;9.499.999;9.195.008;4.868.552;2.449.513;5.382.774;8.131.354;1.717.555;546.875;31.25.00;7.083.333;3.385.416;3.177.083;3.932.291;546.875;697.338;5.381.944;4.369.213;2.994.792;1.287.616;;2.485.532
218991;01/09/2018 01.51;2.402.431;491.319.427.490.234;5.190.972;4.492.188;629.745.361.328.125;700.554;151.548;1.670.284;1.614.583;1.508.247;4.096.523;4.300.756;3.423.884;13.269.070.000.000.000;4.209.299;;4.638.227;4.636.038;2.543.045;6.758.986;4.047.499;8.938.141;541.54.00;1.105.733;6.091.699;6.948.596;796.551;7.574.986;7.835.679;5.023.175;6.717.593;9.645.833;8.896.374;4.921.465;2.446.471;5.373.268;8.142.112;00.00;5.390.625;3.177.083;703.125;3.359.375;3.177.083;3.958.333;5.324.074;6.655.093.000.000.000;5.324.074;434.027.786.254.883;3.136.574;1.273.148;;2.508.681
218992;01/09/2018 01.52;24.004.630.000.000.000;491.319.427.490.234;5.190.972;44.965.270.000.000.000;627.083.312.988.281;7.053.308;150.897;1.670.284;1.614.583;15.053.529.999.999.900;4.145.552;4.265.617;3.330.328;13.154.929.999.999.900;4.187.812;;4.640.105;465.564;2.580.837;6.755.377;4.059.809;8.935.587;5.428.574;11.106.680.000.000.000;6.114.379;6.949.656;8.011.813;7.632.839;792.488;491.616;6.550.926;9.458.333;8.930.815;4.968.942;2.489.682;5.406.392;8.043.062;0.003687459;5.260.416;3.359.375;6.953.125;3.359.375;3.229.166;4.010.416;5.121.528;6.336.805;52.372.679.999.999.900;4.311.343;3.252.315;1.284.722;;2.534.722
218993;01/09/2018 01.53;2.406.366;491.319.427.490.234;5.186.632;44.965.274.810.790.900;621.875;7.155.864;151.548;166.522;161.603;1.511.863;4.046.443;42.803.329.999.999.900;3.371.174;1.317.099;4.226.496;;4.635.706;4.591.929;2.511.489;6.743.293;4.062.615;9.001.697;5.415.004;1.107.078;616.05.00;6.961.232;8.023.099;7.841.286;8.041.294;4.994.617;6.712.963;9.291.666;9.135.798;4.964.384;24.194.099.999.999.900;5.193.569;8.031.816;00.00;5.182.291;3.541.666;6.953.125;3.359.375;325.520.820.617.676;3.958.333;4.976.852;6.076.389;52.372.679.999.999.900;431.134.262.084.961;3.315.972;1.284.722;;2.552.083
218994;01/09/2018 01.54;2.399.479;4.913.194;5.195.312;44.965.274.810.790.900;6.259.259.033.203.130;7.231.541.999.999.990;150.897;166.522;1.629.051;15.053.529.999.999.900;4.016.637;4.256.777;336.963;1.323.499;4.210.737;;4.668.966;4.621.432;2.523.409;6.784.518;4.056.472;8.948.064;5.436.897;1.111.286;6.101.343;7.034.045;7.986.031;8.419.311;8.210.075;5.035.606;7.370.369.999.999.990;9.369.791;9.157.205;4.959.598;2.386.076;5.234.005;8.015.276;0.0004505875;5.078.125;3.541.666;6.901.041;3.307.291;328.125;3.958.333;4.832.176;5.902.778.000.000.000;5.381.944;4.311.343;3.344.908;1.258.681;;2.566.551
218995;01/09/2018 01.55;2.402.431;4.921.875;5.190.972;44.965.274.810.790.900;6.309.028;721.068;151.548;1.670.284;16.124.129.999.999.900;1.508.247;4.047.936;42.682.959.999.999.900;3.402.702;1.330.236;4.201.327;;4.650.188;4.651.594;25.792.740.000.000.000;6.761.207;4.049.356;8.958.074;5.413.273;1107.13.00;6.096.174;6.952.678;7.975.168;7.872.743;7.758.632;4.846.628;699.074;9.499.999;9.227.354;4.986.935;2.449.447;5.304.993;8.101.883;00.00;50.00.00;3.515.625;6.770.833;328.125;325.520.820.617.676;3.932.291;4.803.241;57.870.369.999.999.900;541.088;4.253.472;3.356.481;1.221.065;;2.575.231
218996;01/09/2018 01.56;2.404.398;4.921.875;519.097.213.745.117;44.965.274.810.790.900;6.251.563;7.318.200.999.999.990;15.198.210.000.000.000;1.670.284;162.037;150.897;39.807.320.000.000.000;4.283.905;3.486.673;13.316.370.000.000.000;4.208.904;;4.640.223;4.707.719;26.449.130.000.000.000;6.791.528;4.047.566;8.955.831;542.65;1.109.036;6.123.093;6.950.905;7.993.607;7.573.204;8.051.096;50.144.800.000.000.000;6.953.704;9.395.833;9.258.129;498.417;2.485.108;5.375.025;7.992.297;00.00;5.052.083;3.489.583;65.625;3.255.208;3.229.166;3.932.291;4.803.241;59.606.480.000.000.000;5.497.685;42.245.368.957.519.400;3.359.375;1.189.236;;2.575.231
218997;01/09/2018 01.57;2.399.479;4.921.875;519.097.213.745.117;44.965.274.810.790.900;6.334.491;7.107.871.999.999.990;150.463;1.675.347;1.629.051;1.511.863;40.387.029.999.999.900;4.306.061;35.182.559.999.999.900;132.721;4.184.213;;4.624.852;46.292.900.000.000.000;2.540.034;6.773.611;4.051.413;8.857.459;540.984;1.107.106;6.094.138;699.313;7.978.361;7.252.944;7.915.367;4.964.487;6.699.074;9.244.791;8.913.276;4.883.738;2.447.663;5.314.571;8.070.682;00.00;5.078.125;34.375;6.354.166;325.520.820.617.676;3.229.166;390.625;4.803.241;6.394.676;552.662;4.195.602;3.313.079;1.140.046;;2.566.551
218998;01/09/2018 01.58;240.735;4.921.875;519.097.213.745.117;44.965.274.810.790.900;6.306.712.646.484.380;7.147.783.000.000.000;150.897;166.088;162.037;15.053.529.999.999.900;406.774;42.779.509.999.999.900;35.347.640.000.000.000;131.694;4.222.151;;4.642.989;469.704;2.620.415;6.767.286;4.049.054;8.899.636;5.430.336;1.106.765;6.082.258;7.001.581;7.960.875;7.635.468;7.927.188;5.071.608;6.736.111;8.859.374;900.313;4.940.109;2.530.427;5.353.093;7.910.418;00.00;5.078.125;3.411.458;61.458.330.000.000.000;3.255.208;3.177.083;3.880.208;4.832.176;7.002.315;5.497.685;4.166.667;328.125;1.099.537;;2.560.764
218999;01/09/2018 01.59;24.004.630.000.000.000;4.921.875;519.097.213.745.117;44.965.274.810.790.900;6.291.666.259.765.630;6.932.809;1.511.863;1.670.284;1.605.903;1.508.247;4.147.777;425.389;35.548.159.999.999.900;1.308.352;4.195.216;;4.653.531;4.712.347;2.631.031;6.792.305;405.722;8.967.476;5.439.301;1.112.743;6.106.294;7.028.304;8.006.943;728.805;8.003.809;4.882.658;6.745.369.999.999.990;8.942.708;8.988.007;4.901.063;2.523.605;5.408.403;8.092.473;00.00;50.00.00;3.307.291;59.895.830.000.000.000;3.229.166;31.770.832.061.767.600;3.802.083;48.900.459.999.999.900;7.436.343.000.000.000;5.381.944;416.666.679.382.324;32.899.300.000.000.000;1.053.241;;2.563.658
219000;01/09/2018 02.00;2.406.366;4.926.215;5.186.632;44.965.274.810.790.900;6.310.186;6.878.291;1.511.863;1.670.284;1.614.583;1.516.204;4.221.902;4.276.788;3.628.412;1.318.171;4.195.239;;4.682.171;4.677.118;2.594.877;6.783.437;40.605.800.000.000.000;8.950.471;5.438.528;1.107.021;6.081.536;7.000.498;8.000.571;7.241.310.000.000.000;7.941.904;4.981.918;6.939.814;8.468.749;9.159.973;493.159;2.596.547;5.597.651;8.179.328;0.19157079999999999;4.921.875;3.229.166;6.432.291;3.151.042;31.770.832.061.767.600;3.802.083;5.092.593;7.407.406.999.999.990;52.662.040.000.000.000;41.087.959.999.999.900;34.866.900.000.000.000;943.287;;2.543.403
219001;01/09/2018 02.01;2.406.366;4.926.215;5.186.632;44.965.274.810.790.900;6.310.186;6.878.291;1.511.863;1.670.284;1.614.583;1.516.204;4.221.902;4.276.788;3.628.412;1.318.171;4.195.239;;4.682.171;4.677.118;2.594.877;6.783.437;40.605.800.000.000.000;8.950.471;5.438.528;1.107.021;6.081.536;7.000.498;8.000.571;7.241.310.000.000.000;7.941.904;4.981.918;6.939.814;8.468.749;9.159.973;493.159;2.596.547;5.597.651;8.179.328;0.19157079999999999;4.921.875;3.229.166;6.432.291;3.151.042;31.770.832.061.767.600;3.802.083;5.092.593;7.407.406.999.999.990;52.662.040.000.000.000;41.087.959.999.999.900;34.866.900.000.000.000;943.287;;2.543.403
219002;01/09/2018 02.02;2.399.479;49.262.149.810.790.900;518.663.177.490.234;44.965.274.810.790.900;6.350.695;6.845.900.999.999.990;150.897;1.670.284;1.614.583;1.508.247;4.265.071;4.254.546;3.611.237;13.243.529.999.999.900;4.196.043;;4.621.435;463.392;254.872;6.770.676;4.063.564;8.961.442;5.446.966;1.110.579;6.101.094;7.014.594;8.016.773;7.101.934;811.433;4.911.433;6.662.037;8.994.791;8.702.817;4.827.623;2.660.911;5.642.877;8.201.115;00.00;4.869.791;3.307.291;7.265.625;3.177.083;31.770.832.061.767.600;390.625;52.372.679.999.999.900;7.146.991;5.208.333;4.079.861;3.541.667;8.998.843.000.000.000;;2.508.681
219003;01/09/2018 02.03;2.406.366;4.926.215;518.663.177.490.234;44.965.274.810.790.900;6.348.785;7.145.854;150.463;1.670.284;1.614.583;1.508.247;4.209.465;4.250.315;3.563.434;1.330.669;418.866;;4.707.165;4.580.389;2.497.824;6.746.916;4.063.515;8.934.575;5.411.433;1.108.531;6.077.346;6.955.505;7.964.596;7.216.755;8.016.791;4.862.186;7.157.407;8.473.958;8.733.433;4.695.169;2.643.653;5.737.291;8.199.749;00.00;4.817.708;3.307.291;7.942.708;3.151.042;31.770.832.061.767.600;40.625;5.353.009;6.915.509;5.208.333;40.798.610.687.255.800;3.501.158;8.825.231;;2.485.532
219004;01/09/2018 02.04;2.399.479;4.930.555;518.663.177.490.234;44.965.274.810.790.900;6.394.676;7.237.248.000.000.000;1.511.863;166.522;16.283.279.999.999.900;1.508.247;4.145.578;425.802;3.500.472;13.213.420.000.000.000;4.220.153;;4.624.368;4.706.704;2.657.927;6.782.602;4.073.236;9.025.671;5.425.728;1.107.257;6.116.427;6.994.119.999.999.990;8.030.814;6.978.252;7.850.079;486.094;6.986.111;8.552.083;9.045.411;4.742.834;2.659.142;5.823.104;8.478.111;00.00;4.817.708;3.359.375;8.307.291;3.151.042;3.177.083;421.875;5.381.944;6.655.093.000.000.000;5.208.333;40.798.610.687.255.800;3.469.329;8.709.491;;2.445.023
219005;01/09/2018 02.05;24.004.630.000.000.000;493.055.534.362.793;5.186.632;44.965.274.810.790.900;6.350.695;7.418.007;150.897;166.522;1.619.647;15.053.529.999.999.900;4.187.643;4.232.999;3.455.919;1.324.874;4.207.101;;4.660.487;4.633.095;2.544.956;6.778.216;4.062.077;8.979.767;5.439.777;1109.38.00;6.090.925;6.979.554;7.982.722;6.460.082;7.882.878;4.793.952;712.05.00;9.046.874;8.981.576;4.661.951;2.644.295;5.806.157;8.317.364;00.00;4.791.666;3.255.208;8.359.375;31.25.00;3.229.166;4.296.875;52.662.040.000.000.000;6.365.741;5.324.074;4.079.861;3.425.926;8.680.556;;2.407.407
219006;01/09/2018 02.06;2.410.301;493.055.534.362.793;5.182.291;44.965.274.810.790.900;6.305.555.419.921.880;7.402.988;15.234.379.999.999.900;1.670.284;16.124.129.999.999.900;1.511.863;4.234.701;4.232.336;3.425.796;1.323.535;4.198.738;;4.635.454;4.628.885;2.552.841;6.767.466;4.044.125;8.919.073;5.413.654;11.067.169.999.999.900;6.119.134;6.957.015;7.967.614;6.508.265;7.920.659;497.33.00;662.05.00;9.005.208;8.860.403;4.554.601;2.624.048;5.611.549;8.349.491;00.00;484.375;3.177.083;8.333.333;31.25.00;322.916.641.235.352;4.296.875;5.179.398;6.105.324;541.088;4.050.925.827.026.370;3.382.523;8.940.972;;2.361.111
219007;01/09/2018 02.07;2.399.479;4.930.555;5.186.632;44.965.274.810.790.900;634.722.229.003.906;7.469.991.999.999.990;1.496.672;1.675.347;161.603;150.897;4.418.286;4.220.053;34.478.840.000.000.000;1.319.406;4.213.106;;468.04.00;4.672.816;2.604.107;6.785.276;4.080.039;8.951.315;5.413.198;1.112.349;6.106.664;7.014.943;802.877;5.352.521;7.783.996;4.810.397;6.569.445;8.598.958;8.837.354;4.566.157;2.596.693;5.610.073;8.248.915;00.00;4.869.791;3.151.042;8.046.875;3.151.042;322.916.641.235.352;4.296.875;5.092.593;5.844.906.999.999.990;5.642.361;4.021.991;3.327.546;9.143.519;;2.297.454
219008;01/09/2018 02.08;2.406.366;4.934.896;5.186.632;44.965.274.810.790.900;6.351.851.806.640.630;7.719.115;151.548;166.522;161.603;1.516.204;42.452.329.999.999.900;4.186.078;3.408.887;1.319.261;4.217.389;;463.459;4.630.656;2.557.185;676.926;406.519;8.979.117;5.440.651;1108.78;6.132.788;7.046.934;8.038.976;5.981.609;8.041.444;4.913.553;6.546.296;9.244.791;8.844.467;4.504.151;2.529.552;5.463.397;8.294.368;00.00;4.921.875;3.177.083;7.916.666;3.177.083;3.229.166;4.270.833;5.092.593;56.712.959.999.999.900;5.815.971.999.999.990;3.935.185;3.298.611;931.713;;2.248.264
219009;01/09/2018 02.09;2.399.479;493.489.570.617.676;5.182.291;44.965.274.810.790.900;6.354.166.259.765.630;7.528.481;150.897;1.670.284;161.603;1.511.863;4.115.225;4.235.204;34.672.990.000.000.000;13.106.489.999.999.900;4.211.879;;4.611.495;4.658.222;25.769.599.999.999.900;6.785.917;4.070.613;8.949.991;5.435.789;1.108.522;610.644;7.006.285;7.982.053;5.916.763;7.921.403;4.963.991;6.305.555;8.463.541;8.902.915;4.589.923;2.455.291;5.460.331;8.314.329;00.00;4.947.916;3.151.042;78.125;3.177.083;325.520.820.617.676;421.875;5.063.657;552.662;5.902.778.000.000.000;390.625;3.260.995;9.577.546;;2.228.009
219010;01/09/2018 02.10;2.402.431;4.934.896;5.182.291;44.965.274.810.790.900;6.336.805.419.921.880;7.502.676;1.511.863;1.675.347;16.124.129.999.999.900;1.511.863;4.121.904;42.900.459.999.999.900;3.437.063;13.174.470.000.000.000;4.214.224;;4.635.768;4.634.518;254.598;6.772.037;4.058.374;8.863.509;5.428.018;1.108.355;6.103.381;7.021.954;8.010.026;6.301.165;8.132.854;5.122.691;6.708.333;8.588.541;8.902.828;4.685.009;2.386.389;528.989;8.281.317;00.00;4.947.916;3.151.042;7.682.291;3.151.042;328.125;4.192.708;5.092.593;541.088;59.606.480.000.000.000;390.625;3.258.102;9.895.834;;2.216.435
219011;01/09/2018 02.11;2.406.366;49.435.759.999.999.900;5.186.632;44.965.274.810.790.900;6.336.805.419.921.880;7.465.181;150.463;166.088;16.283.279.999.999.900;15.010.129.999.999.900;4.004.076;4.291.701;33.769.490.000.000.000;13.148.779.999.999.900;4.194.239;;4.618.864;4.639.772;2.542.575;6.767.737;4.064.016;8.921.188;5.412.272;1.108.572;6.088.973;7.039.458;7.994.471;6.676.246;7.932.111;4.966.288;6.560.185;8.526.041;8.914.245;4.688.628;2.356.007;5.115.222;8.185.036;00.00;4.869.791;3.151.042;7.578.125;3.151.042;3.255.208;4.166.666;5.034.722;5.381.944;6.076.389;390.625;3.275.463;1.032.986;;2.225.116
219012;01/09/2018 02.12;2.399.479;49.435.760.498.046.800;5.182.291;44.965.274.810.790.900;6.258.102;7.376.586.999.999.990;151.548;166.522;1.614.583;1.516.204;4.022.052;42.850.970.000.000.000;33.777.429.999.999.900;1.297.567;4.209.338;;4.659.384;4.577.449;2.477.693;6.780.214;4.059.361;8.924.601;5.442.727;1.111.344;6.120.907;7.012.759;7.978.418;6.915.204;8.054.069;5.299.544;6.861.111;8.499.999;9.002.429;4.791.985;2.330.828;5.311.594;8.219.762;1.140.661;4.817.708;31.25.00;734.375;31.25.00;3.255.208;4.166.666;5.063.657;5.497.685;6.076.389;390.625;3.269.676;1.076.389;;2.239.583
219013;01/09/2018 02.13;240.735;49.435.760.498.046.800;51.822.914.123.535.200;44.965.274.810.790.900;6.365.741;7.491.418;150.897;166.522;1.631.944;1.511.863;3.991.191;4.292.525;34.326.640.000.000.000;13.179.529.999.999.900;4.205.656;;461.925;4.578.881;2.482.155;6.757.512;4.051.613;8.926.749;5.436.569.999.999.990;11.114.289.999.999.900;6.111.843;7.001.013;8.026.971;6.779.991;7.922.775;5.079.836;6.712.963;9.036.458;9.146.223;4.790.563;2.283.483;5.138.398;8.160.781;00.00;4.713.541;3.046.875;71.875;312.499.980.926.514;3.229.166;4.140.625;5.063.657;5.555.556;6.105.324;393.518.524.169.922;3.203.125;1.096.644;;2.256.944
219014;01/09/2018 02.14;24.004.630.000.000.000;49.435.759.999.999.900;51.822.914.123.535.200;44.965.274.810.790.900;6.260.822;738.913;15.198.210.000.000.000;1.670.284;1.610.966;1.511.863;4.080.601;4.252.004;3.446.614;1.297.693;42.073.699.999.999.900;;4.669.557;4.659.507;2.565.346;6.765.515;405.615;8.922.706;5.450.974;1.107.725;6.086.661;702.942;7.986.541;7.065.706;8.021.057;5.124.382;6.666.666;8.958.333;9.112.588;4.753.049;2.262.901;5.041.892;8.044.709;00.00;46.875;3.020.833;7.161.458;312.499.980.926.514;322.916.641.235.352;4.088.541;5.208.333;552.662;6.134.259;396.412;3.110.533;1.105.324;;228.588
219015;01/09/2018 02.15;2.402.431;4.947.916;5.182.291;44.965.270.000.000.000;6.305.555;733.932;150.463;1.670.284;1.606.626;1.508.247;42.076.679.999.999.900;4.257.027;3.457.175;130.649;42.073.699.999.999.900;;4.669.557;4.659.507;2.565.346;6.765.515;405.615;8.922.706;5.450.974;1.107.725;6.086.661;702.942;7.986.541;7.065.706;8.021.057;5.124.382;6.666.666;8.958.333;9.112.588;4.753.049;2.262.901;5.041.892;8.044.709;00.00;4.791.666;3.020.833;7.083.333;312.499.980.926.514;3.229.166;4.088.541;52.662.040.000.000.000;5.497.685;6.336.805;396.412;3.020.833;1.096.644;;2.306.134
219016;01/09/2018 02.16;2.406.366;49.479.164.123.535.200;5.173.611;44.965.274.810.790.900;6.270.833.740.234.380;7.492.109;1.511.863;166.088;1.631.221;15.053.529.999.999.900;4.192.507;4.253.685;345.318;13.138.129.999.999.900;4.188.127;;47.173.199.999.999.900;4.618.926;2.528.542;6.748.257;4.063.513;902.697;541.996;1.109.702;6.107.742;7.008.004;8.001.828;7.264.133;7.959.464;5.079.667;6.949.074;9.354.166;8.997.409;4.750.772;2.477.853;5.245.813;7.893.911;1.923.471;4.869.791;3.151.042;7.005.208;31.25.00;3.177.083;40.625;5.381.944;5.497.685;6.626.156.999.999.990;4.021.991;2.954.283;1.082.176;;2.311.921
219017;01/09/2018 02.17;2.396.528;49.479.164.123.535.200;5.182.291;44.965.274.810.790.900;6.259.259;7.699.341;1.511.863;1.670.284;1.610.966;15.010.129.999.999.900;4.186.677;4.206.965;34.903.220.000.000.000;1.310.308;4.203.513;;4.587.945;4.642.696;25.438.669.999.999.900;6.740.541;4.059.785;889.189;5.403.294;1.107.424;6.082.412;6.974.811;7.986.085;6.444.321;7.970.757;4.748.024;6.629.630.000.000.000;8.833.333;8.886.726;4.710.636;2.532.163;5.366.135;7.851.701;00.00;484.375;3.177.083;6.822.916;3.177.083;31.770.832.061.767.600;4.036.458;5.497.685;552.662;6.944.444;4.050.925.827.026.370;2.980.324;1.059.028;;2.303.241
219018;01/09/2018 02.18;2.405.382;49.479.164.123.535.200;5.173.611;44.965.274.810.790.900;6.287.037;7.797.549.000.000.000;1.511.863;166.088;1.619.647;1.497.396;4.251.585;4.216.343;3.474.777;13.152.429.999.999.900;4.188.145;;4.612.356;4.577.183;2.485.027;6.781.293;4.067.685;8.931.628;5.429.467;1.109.667;6.093.389;7.024.612;8.017.462;7.031.144;8.121.987;494.017;6.787.037;8.864.583;9.073.417;4.704.668;2.535.889;5.465.603;7.879.436;0.5749918;484.375;31.25.00;6.614.583;31.770.832.061.767.600;3.177.083;3.958.333;5.700.232;552.662;7.118.056;4.079.861;3.093.171;1.053.241;;228.588
219019;01/09/2018 02.19;2.401.447;4.947.916;5.182.291;44.965.274.810.790.900;6.354.166;734.494;150.463;1.670.284;1.629.051;15.198.210.000.000.000;4.197.957;4.194.851;3.320.811;13.160.839.999.999.900;4.208.699;;4.600.594;4.623.664;2.541.557;6.786.423;405.871;8.908.755;5.448.226;1.110.499;6.142.523;7.054.052;8.035.483;7.238.863;7.837.439;4.978.064;6.717.593;9.072.916;8.855.877;4.687.326;2.496.625;5.458.102;8.079.306;1.102.487;4.869.791;3.098.958;6.614.583;31.770.832.061.767.600;3.151.042;3.932.291;5.700.232;5.497.685;7.146.991;40.798.610.687.255.800;3.246.528;1.032.986;;2.262.731
219020;01/09/2018 02.20;2.399.479;4.952.257;5.173.611;44.965.274.810.790.900;6.300.926;7.155.196;1.511.863;166.088;161.603;1.511.863;4.322.144;41.902.840.000.000.000;3.258.909;1.328.085;4.189.897;;46.194.699.999.999.900;4.622.469;2.554.357;6.741.659;40.643.699.999.999.900;893.538;5.410.795;1.106.682;6.095.283;6.998.149;7.963.106;7.171.468;8.008.342;4.897.667;6.976.852;8.833.333;8.820.834;4.742.237;2.494.491;5.368.539;8.067.585;0.07870738;484.375;3.046.875;6.510.416;31.770.832.061.767.600;315.104.160.308.838;390.625;57.870.369.999.999.900;5.700.232;708.912;4.079.861;3.324.653;1.024.306;;2.248.264
219021;01/09/2018 02.21;2.404.398;495.225.677.490.234;5.173.611;44.965.274.810.790.900;6.329.109;7.198.306;1.511.863;1.670.284;162.037;1.508.247;4.299.672;422.963;3.276.443;1.295.527;4.211.677;;4.611.185;45.911.800.000.000.000;2.514.189;6.759.489;4.067.759;8.955.473;5.418.054;1.109.392;6.106.393;7.001.353;8.015.789;693.753;7.956.213;4.971.058;6.578.704;8.901.041;8.858.944;479.485;2.418.763;5.416.738;8.349.626;0.04529566;4.817.708;2.994.792;62.05.00;31.770.832.061.767.600;315.104.160.308.838;390.625;5.815.971.999.999.990;6.076.389;7.060.185;41.087.959.999.999.900;3.382.523;1.027.199;;2.230.903
219022;01/09/2018 02.22;2.399.479;4.952.257;5.182.291;44.965.274.810.790.900;6.333.334;7.053.368;151.548;166.522;162.037;1.511.863;4.285.837;42.52.00;3.304.084;1.307.857;4.208.052;;4.645.564;4.611.079;25.358.110.000.000.000;6.780.777;4.074.285;8.994.412;5.416.329;1.109.931;6.112.407;7.000.252;8.011.777;7.191.246;8.047.061;4.961.018;6.675.926;9.083.333;906.27.00;4.719.625;2.411.399;5.439.864;8.192.373;2.634.185;4.817.708;296.875;6.015.625;31.770.832.061.767.600;315.104.160.308.838;3.880.208;5.815.971.999.999.990;6.336.805;697.338;4.224.537;3.402.778;1.032.986;;2.213.542
219023;01/09/2018 02.23;2.405.382;4.934.896;5.173.611;44.965.274.810.790.900;6.349.537;711.963;150.897;166.522;1.629.051;150.897;4.330.427;4.259.946;3.370.315;1.310.155;4.200.922;;4.616.624;4.638.467;2.561.451;6.744.245;4.050.617;8.937.933;5.400.883;1.104.242;6.085.057;6.969.516;7.951.413;7.144.272;7.872.479;4.851.879;6.648.148;8.718.749;8.804.778;4.770.683;2.461.492;5.274.262;8.149.294;1.919.298;4.817.708;296.875;6.119.791;3.177.083;3.151.042;3.802.083;56.712.959.999.999.900;6.539.352;6.857.639;4.224.537;3.376.736;1.061.921;;2.201.968
219024;01/09/2018 02.24;2.402.431;4.952.257;5.182.291;44.965.274.810.790.900;6.413.195;7.032.025;151.548;166.088;1.605.903;1.508.247;4.284.407;4.256.799;3.397.391;1.312.985;4.202.815;;4.620.462;4.649.801;2.572.342;6.750.127;4.042.864;8.902.314;5.449.467;1.108.379;6.090.544;7.004.738;7.992.762;7.083.228;7.942.736;4.864.729;6.814.814;8.760.416;9.015.007;4.881.308;2.453.372;5.340.872;8.191.010.000.000.000;6.181.083.999.999.990;4.739.583;2.916.667;640.625;3.229.166;31.25.00;3.802.083;5.613.426;6.799.769;6.684.028;4.253.472;3.315.972;1.140.046;;2.196.181
219025;01/09/2018 02.25;24.004.630.000.000.000;495.225.677.490.234;5.173.611;44.965.274.810.790.900;6.291.666;7.048.962;1.511.863;166.522;1.614.583;1.512.587;4.328.988;424.458;3.358.098;129.531;4.213.772;;4.624.313;4.636.577;2.559.782;6.768.085;4.071.377;8.917.708;5.423.437;1.106.665;6.098.115;7.010.992;8.028.908;6.910.648;8.178.773;5.200.554;6.708.333;8.932.291;9.200.734;4.812.163;2.483.145;5.305.173;8.174.279;0.0004500861;4.661.458;2.890.625;6.666.666;322.916.641.235.352;312.499.980.926.514;3.828.125;5.497.685;7.291.666;6.510.416;42.534.721.374.511.700;3.255.208;1.203.704;;2.199.074
219026;01/09/2018 02.26;2.404.398;495.225.677.490.234;51.736.110.687.255.800;44.965.270.000.000.000;631.25.00;7.186.679.000.000.000;15.198.210.000.000.000;166.088;1.610.966;15.010.129.999.999.900;4.267.584;4.231.798;34.346.270.000.000.000;1.255.758;4.205.399;;4.650.819;4.670.394;2.572.978;676.409;4.060.792;8.994.744;5.418.969;1.108.691;6.102.597;6.997.418;7.999.431;6.897.362;791.217;5.130.766;674.074;9.177.083;9.027.971;4.757.736;2.456.023;5.434.703;816.452;0.02781381;4.557.291;2.916.667;6.666.666;3.229.166;31.25.00;3.880.208;5.381.944;7.696.759;6.336.805;42.534.721.374.511.700;3.226.273;1.247.106;;2.210.648
219027;01/09/2018 02.27;24.004.630.000.000.000;495.225.677.490.234;51.736.110.687.255.800;4.500.868;6.283.564;7.123.824;1.511.863;166.088;1.623.264;1.511.863;4.231.917;4.203.751;3.484.134;1.286.353;4.194.018;;4.681.206;4.655.985;2.570.662;6.760.775;4.067.656;8.902.791;5.434.295;1.106.156;6.089.578;7.018.548;8.019.448;7.088.144;7.817.014;4.965.598;6.898.148;9.291.666;9.225.389;46.717.900.000.000.000;2.552.343;5.297.283;8.006.597;0.06896549;453.125;2.890.625;6.640.625;3.177.083;3.151.042;3.880.208;52.372.679.999.999.900;7.667.824;619.213;42.534.721.374.511.700;3.246.528;1.258.681;;2.239.583
219028;01/09/2018 02.28;2.401.447;495.225.677.490.234;51.736.110.687.255.800;450.086.784.362.793;6.365.740.966.796.880;7.034.562;1.512.587;166.522;1.614.583;15.198.210.000.000.000;42.484.429.999.999.900;4.185.239;34.854.690.000.000.000;1.303.231;4.201.777;;4.604.603;4.531.707;2.434.135;674.587;4.073.116;897.562;5.418.987;1110.01.00;6.111.453;6.957.615;8.071.210.000.000.000;5.243.858;7.932.737;4.597.485;6.791.666;8.359.374;8.423.765;4.590.088;2.444.378;533.506;7.990.319.999.999.990;00.00;4.453.125;2.916.667;6.640.625;3.177.083;31.25.00;3.828.125;5.121.528;7.523.148;6.076.389;42.534.721.374.511.700;3.258.102;1.255.787;;2.300.347
219029;01/09/2018 02.29;2.404.398;495.225.677.490.234;51.736.110.687.255.800;450.086.784.362.793;6.332.175;694.088;1.511.863;1.675.347;1.605.903;1.497.396;41.284.259.999.999.900;4.212.908;350.306;13.240.160.000.000.000;4.203.878;;462.885;4.716.198;2.653.469;6.756.429;4.055.851;8.967.171;5.410.369;1.109.557;6.101.833;7.050.153;8.023.772;7.074.781;8.136.083;4.949.073;661.574;8.640.624;8.839.035;4.620.089;2.241.029;5.115.552;7.847.622;0.9667562;4.348.958;2.994.792;6.666.666;3.151.042;312.499.980.926.514;3.828.125;5.034.722;7.349.537;59.895.830.000.000.000;42.534.721.374.511.700;3.229.167;1.247.106;;2.361.111
219030;01/09/2018 02.30;2.399.479;495.225.677.490.234;51.736.110.687.255.800;450.086.784.362.793;6.329.861;6.810.378;151.548;166.522;1.614.583;1.508.247;4.136.922;4.236.464;34.415.620.000.000.000;1.308.635;4.188.053;;4.631.586;4.520.449;2.444.185;675.293;4.049.466;8.957.863;5.409.615;1104.57.00;6.062.255;6.992.888;7.989.908;6.867.147;8.151.727;4.998.401;6.824.074;8.916.666;9.026.619;4.694.306;2.224.233;5.103.685;7.935.822;0.12761689999999998;4.348.958;3.020.833;6.796.875;31.25.00;312.499.980.926.514;3.880.208;4.947.917;7.146.991;59.317.130.000.000.000;42.534.721.374.511.700;31.741.900.000.000.000;1.247.106;;2.413.194
219031;01/09/2018 02.31;2.406.366;495.225.677.490.234;5.173.611;450.086.784.362.793;6.252.314;6.851.244;1.511.863;166.522;1.623.264;1.501.736;4.094.258;4.280.536;3.379.173;13.129.229.999.999.900;4.199.008;;4.625.658;4.592.902;2.495.668;6.762.069;4.054.069;8.936.674;5.399.492;1108.07.00;6.090.124;7.015.933;8.026.371;7.505.293;8.123.315;4.834.999;6.851.852;8.749.999;9.052.991;4.641.773;2.292.422;4.972.095;7.891.846;00.00;4.348.958;2.994.792;6.822.916;312.499.980.926.514;312.499.980.926.514;390.625;5.034.722;6.857.639;5.844.906.999.999.990;42.534.721.374.511.700;3.197.338;1.229.745;;2.427.662
219032;01/09/2018 02.32;2.399.479;495.225.677.490.234;5.182.291;450.086.784.362.793;6.384.259;6.788.861;1.511.863;166.522;1.623.987;1.511.863;3.958.248;4.257.581;3.384.852;1.317.521;4.206.452;;4.624.129;4.668.566;2.587.684;6.742.774;405.96;8.913.477;5.394.008;1.105.431;6.067.738;6.998.457;7.973.094;7.449.395;7.998.896;4.864.138;7.018.519;9.015.624;8.949.014;4.679.645;2.358.799;5.074.418;7.928.044;0.04328926;4.401.041;3.020.833;6.692.708;312.499.980.926.514;312.499.980.926.514;390.625;5.063.657;6.568.287;5.815.971.999.999.990;4.253.472;33.304.400.000.000.000;1.226.852;;2.436.343
219033;01/09/2018 02.33;2.404.398;495.225.677.490.234;5.173.611;450.086.784.362.793;639.467.590.332.031;6.897.209.000.000.000;150.897;1.670.284;1.623.987;1.508.247;396.174;42.351.459.999.999.900;3.385.373;13.197.029.999.999.900;4.208.623;;4.659.118;4.608.546;25.392.419.999.999.900;6.778.885;4.054.171;8.943.779;5.437.729;1.107.052;6.078.973;6.955.971;7.955.074;7.101.227;8.050.234;510.356;6.736.111;9.197.916;8.767.906;4.821.422;2.401.685;5.194.103;7.978.261;00.00;4.401.041;2.994.792;6.614.583;312.499.980.926.514;312.499.980.926.514;390.625;5.092.593;6.336.805;57.581.019.999.999.900;4.224.537;3.454.861;1.270.255;;245.081
219034;01/09/2018 02.34;2.404.398;495.225.677.490.234;5.182.291;4.500.868;6.289.351.806.640.630;6.816.105;151.548;166.522;162.037;1.512.587;3.958.939;42.480.059.999.999.900;34.281.209.999.999.900;1.308.638;4.197.027;;4.598.908;4.654.583;25.678.400.000.000.000;677.924;405.139;8.959.213;5.399.241;1.107.249;6.095.618;6.986.477;7.977.202;7.560.397;8.110.069;5.059.967;7.037.037;9.062.499;9.017.192;4.767.335;2.354.854;5.215.917;7.983.885;0.06896549;4.401.041;296.875;640.625;312.499.980.926.514;31.25.00;3.880.208;5.063.657;6.134.259;57.581.019.999.999.900;4.224.537;353.588;1.284.722;;2.456.597
219035;01/09/2018 02.35;2.399.479;4.952.257;5.173.611;45.095.490.000.000.000;621.875;6.750.887;150.463;1.670.284;162.037;1.508.247;3.964.145;4.242.127;3.506.825;1.308.314;4.200.388;;4.619.026;4.685.426;2.604.552;6.743.135;4.063.533;8.935.885;5.424.637;1.104.371;6.132.982;7.000.842;7.976.619;7.460.093;8.119.697;5.084.711;6.777.778;8.572.916;9.157.101;4.754.751;23.759.900.000.000.000;5.181.015;7.986.279;1.569.084;4.479.166;3.046.875;63.020.830.000.000.000;31.25.00;3.098.958;3.880.208;5.034.722;59.606.480.000.000.000;57.870.369.999.999.900;4.253.472;3.547.454;1.276.042;;2.459.491
219036;01/09/2018 02.36;2.406.366;4.947.916;5.182.291;45.095.485.687.255.800;6.261.979;6.772.733.000.000.000;1.511.863;166.088;162.037;1.516.204;3.948.106;4.225.914;3.482.065;1.306.517;42.067.900.000.000.000;;4.655.558;4.518.336;2.416.144;6.760.405;4.055.924;8.946.968;5.412.554;1.108.876;614.93;6.967.832;8.017.004;7.550.966;8.000.606;5.113.075;6.652.778;8.723.958;8.976.573;48.177.099.999.999.900;2.362.036;5.216.682;8.001.554;6.887.658.999.999.990;4.557.291;3.151.042;6.276.041;3.151.042;3.098.958;3.828.125;4.976.852;57.870.369.999.999.900;5.815.971.999.999.990;42.534.721.374.511.700;3.472.222;1.258.681;;2.447.917
219037;01/09/2018 02.37;2.402.431;49.479.164.123.535.200;51.822.914.123.535.200;45.095.485.687.255.800;6.303.241;6.701.125;1.511.863;166.522;1.623.264;1.511.863;3.880.896;4.228.897;34.385.979.999.999.900;12.881.739.999.999.900;4.201.593;;4.649.852;4.632.677;25.529.509.999.999.900;6.759.882;4.066.105;8.963.415;5.411.687;1.106.058;6.089.257;6.984.738;7.989.966;7.422.064;8.040.088;5.007.677;7.111.111;8.671.874;9.072.554;4.859.505;2.370.105;5.181.855;7.896.241;00.00;4.583.333;3.229.166;62.239.580.000.000.000;315.104.160.308.838;31.25.00;3.802.083;5.063.657;5.642.361;5.902.778.000.000.000;4.253.472;3.405.671;1.232.639;;2.447.917
219038;01/09/2018 02.38;2.402.431;49.479.164.123.535.200;5.182.291;45.095.485.687.255.800;642.013.916.015.625;6.693.784.000.000.000;151.548;1.670.284;16.283.279.999.999.900;15.053.529.999.999.900;3.800.237;4.235.217;33.672.709.999.999.900;1.298.605;4.199.681;;4.620.947;4.646.086;2.557.092;6.772.182;4.052.194;8.964.422;5.425.469;11.091.860.000.000.000;6.107.389;7.013.473;8.020.735;7.473.330.000.000.000;7.951.772;5.003.181;6.666.666;8.859.374;8.639.254;4.746.042;2.372.163;5.173.094;7.996.747;0.009657653;4.609.375;3.255.208;6.015.625;315.104.160.308.838;312.499.980.926.514;3.802.083;5.324.074;552.662;59.317.130.000.000.000;4.311.343;33.304.400.000.000.000;1.189.236;;2.445.023
219039;01/09/2018 02.39;2.405.382;49.479.164.123.535.200;5.173.611;45.095.485.687.255.800;6.337.962.646.484.380;6.686.646;150.897;1.670.284;1.619.647;15.053.529.999.999.900;3.773.574;4.214.734;3.295.832;12.946.819.999.999.900;4.197.099;;4.661.492;4.654.066;25.968.080.000.000.000;6.753.078;4.063.454;8.910.078;5.417.158;1.109.762;6.102.875;6.959.971;8.025.989.999.999.990;7.921.093;8.090.732;515.284;6.787.037;8.885.416;8.794.106;4.777.507;2.353.707;5.048.795;7.952.465;00.00;4.583.333;328.125;609.375;315.104.160.308.838;312.499.980.926.514;3.776.041;552.662;5.497.685;59.895.830.000.000.000;4.311.343;3.260.995;1.134.259;;2.433.449
219040;01/09/2018 02.40;2.399.479;49.479.164.123.535.200;5.182.291;45.095.490.000.000.000;6.303.240.966.796.880;6.679.675;151.548;1.670.284;1.629.051;1.511.863;381.622;42.461.059.999.999.900;3.253.454;13.135.979.999.999.900;42.237.699.999.999.900;;4.607.267;4.626.273;2.555.784;6.759.587;4.056.083;8.912.330.000.000.000;5.411.121;11.071.989.999.999.900;6.104.985;7.008.754;7.985.988;8.182.056;7.877.375;4.981.071;7.273.148;9.098.958;8.917.585;4.760.908;2.327.911;5.166.337;7.953.803;00.00;4.583.333;3.255.208;609.375;3.151.042;312.499.980.926.514;3.776.041;56.712.959.999.999.900;552.662;6.105.324;434.027.786.254.883;3.156.829;1.082.176;;244.213
219041;01/09/2018 02.41;2.406.366;49.479.164.123.535.200;5.186.632;4.513.889;6.258.102;6.755.764;1.511.863;1.670.284;1.623.264;1.511.863;3.819.637;422.851;3.234.482;13.307.229.999.999.900;41.973.900.000.000.000;;461.337;4.616.863;2.526.541;6.762.281;4.055.545;892.11.00;5.414.097;1.109.874;6.104.596;6.963.516;7.986.901;7.874.113;8.110.693;5.027.006;6.953.704;8.760.416;8.979.497;4.697.527;2.391.545;5.128.177;7.908.647;00.00;4.583.333;3.359.375;609.375;3.177.083;312.499.980.926.514;37.05.00;57.870.369.999.999.900;57.581.019.999.999.900;6.134.259;4.369.213;3.084.491;1.032.986;;2.456.597
219042;01/09/2018 02.42;2.402.431;49.479.164.123.535.200;5.173.611;45.138.885.498.046.800;6.319.445;6.640.181;150.463;1.670.284;1.638.455;1.511.863;3.753.098;42.472.609.999.999.900;328.654;13.006.269.999.999.900;419.532;;4.651.218;458.059;2.488.603;6.775.734;405.165;8.968.579;5.429.647;1.105.027;6.103.537;7.023.215;8.052.766;8.301.471;8.141.848;4.963.475;6.694.445;8.833.333;8.788.265;4.641.222;2.432.205;5.219.728;7.892.001;00.00;453.125;3.411.458;6.015.625;3.177.083;312.499.980.926.514;3.776.041;59.317.130.000.000.000;59.606.480.000.000.000;619.213;436.921.310.424.805;3.043.981;9.953.703;;2.462.384
219043;01/09/2018 02.43;2.402.431;4.947.916;5.182.291;45.138.885.498.046.800;6.355.324;6.626.756.999.999.990;151.548;166.522;16.283.279.999.999.900;15.053.529.999.999.900;379.326;4.226.468;3.358.323;1.294.097;4.207.669;;4.663.608;465.767;2.607.702;6.774.666;4.072.229;8.974.987;5.427.769;1108.95;6.136.764;7.049.262;8.010.235;8.544.724;8.020.579;4.949.333;6.870.369.999.999.990;9.328.124;9.158.021;4.661.137;2.414.005;5.276.743;7.943.793;0.36590290000000003;4.479.166;3.489.583;5.963.541;3.151.042;31.25.00;37.05.00;6.105.324;6.221.065;6.278.935;4.369.213;3.015.046;9.548.611;;245.081
219044;01/09/2018 02.44;2.404.398;49.435.759.999.999.900;51.822.914.123.535.200;45.138.885.498.046.800;6.377.314.453.125;6.743.822;150.897;1.675.347;1.610.966;15.053.529.999.999.900;377.839;4.184.838;3.360.862;1.279.481;42.135.400.000.000.000;;4.641.003;4.682.802;2.612.566;6.762.534;4.065.343;8.907.472;5.422.079;1.104.735;6.098.272;6.997.372;7.985.157;8.946.028;7.972.982;50.601.800.000.000.000;6.939.814;9.020.833;9.238.053;4.750.146;2.399.755;5.206.932;7.954.002;00.00;453.125;3.541.666;5.859.375;31.25.00;3.151.042;37.05.00;6.336.805;6.365.741;6.278.935;4.340.278;2.997.685;9.172.453;;2.430.556
219045;01/09/2018 02.45;2.399.479;49.435.760.498.046.800;51.822.914.123.535.200;45.138.885.498.046.800;6.291.666.259.765.630;6.797.646;151.548;1.670.284;161.603;1.508.247;3.835.239;4.150.801;3.341.225;1.286.239;4.205.806;;4.638.144;4.570.537;2.498.683;6.768.903;4.053.809;8.918.869;5.448.753;1.109.536;6.089.913;6.977.524;8.013.893;9.343.759;8.002.828;5.208.263;6.856.481;9.114.583;900.702;485.814;2.357.218;5.222.944;8.002.745;00.00;453.125;3.541.666;57.552.080.000.000.000;31.25.00;3.151.042;37.05.00;6.539.352;6.568.287;62.05.00;4.369.213;3.023.727;8.854.166;;239.294
219046;01/09/2018 02.46;2.406.366;49.435.760.498.046.800;51.822.914.123.535.200;4.513.889;631.712.951.660.156;7.045.535;1.511.863;1.670.284;16.030.089.999.999.900;15.053.529.999.999.900;3.821.822;416.151;3.308.532;1.292.729;4.198.705;;4.627.474;4.708.541;2.610.378;677.313;4.058.598;8.963.721;5.452.198;1.108.482;6.125.323;6.975.961;799.688;9.687.455;8.129.878;5.080.305;687.05.00;9.192.708;9.433.348;4.853.763;22.755.200.000.000.000;5.135.634;801.702;00.00;4.453.125;3.567.708;5.651.041;3.098.958;3.177.083;3.697.916;6.770.834;6.712.963;619.213;436.921.310.424.805;3.038.195;8.738.426;;2.375.579
219047;01/09/2018 02.47;2.404.398;49.435.759.999.999.900;51.822.914.123.535.200;4.518.229;629.282.409.667.969;6.890.298;150.897;166.522;1.606.626;1.508.247;3.824.583;4.147.015;3.352.539;1.285.293;4.192.215;;4.626.265;4.674.201;2.604.909;6.784.362;4.066.458;8.919.385;5.444.678;11.072.160.000.000.000;6.069.026;7.032.339.999.999.990;8.002.816;1.023.905;8.036.492;4.966.884;6.898.148;9.072.916;9.456.702;4.900.355;2.313.964;4.972.672;800.428;00.00;4.427.083;3.645.833;5.572.916;3.098.958;31.770.832.061.767.600;3.671.875;7.002.315;6.857.639;6.105.324;4.369.213;3.035.301;8.883.102;;2.349.537
219048;01/09/2018 02.48;2.401.447;4.930.555;5.182.291;45.182.289.123.535.200;626.504.638.671.875;7.037.699;150.463;1.675.347;1.623.264;1.512.587;38.606.429.999.999.900;41.248.000.000.000.000;34.025.729.999.999.900;1.316.665;4.222.978;;4.654.314;4.706.079;2.639.549;6.758.323;4.072.484;8.965.959;5.416.053;1.108.994;6.126.158;7.030.392;7.984.185;9.412.649;7.856.622;5.110.833;6.476.852;9.838.541;9.458.161;5.007.247;2.272.125;5.029.544;8.055.706;00.00;4.427.083;3.697.916;546.875;3.046.875;3.177.083;3.645.833;7.204.861;708.912;6.076.389;434.027.786.254.883;3.015.046;9.230.324;;2.326.389
219049;01/09/2018 02.49;2.404.398;49.435.759.999.999.900;5.186.632;45.182.289.123.535.200;6.372.685;7.058.149;151.548;166.522;1.629.051;1.516.204;3.800.312;41.002.340.000.000.000;338.598;13.192.910.000.000.000;4.194.458;;461.66;4.549.666;24.598.150.000.000.000;6.786.483;4.046.433;8.890.298;5.395.261;1.108.156;6.070.217;7.004.293;8.008.777;1.174.694;8.005.386;5.057.445;700.00.00;9.385.416;9.136.407;4.983.309;2.285.615;5.165.187;8.091.160.000.000.000;00.00;4.401.041;37.05.00;53.645.830.000.000.000;304.687.480.926.514;3.229.166;3.619.791;7.233.796;7.204.861;59.606.480.000.000.000;4.311.343;3.064.236;9.664.352;;2.303.241
219050;01/09/2018 02.50;2.399.479;4.934.896;5.186.632;45.182.289.123.535.200;6.356.887;7.080.483.000.000.000;150.463;166.088;1.619.647;15.053.529.999.999.900;385.982;4.143.295;3.362.742;1.325.032;4.208.497;;4.653.678;4.583.951;2.492.352;6.755.546;4.054.084;8.961.384;5.440.790.000.000.000;11.088.980.000.000.000;6.119.637;7.006.210.000.000.000;8.021.984;1.163.347;7.915.421;5.030.416;6.967.593;9.453.124;9.085.045;5.026.815;2.391.076;5.244.088;8.037.933;0.5321411;4.322.916;3.697.916;546.875;304.687.480.926.514;3.177.083;3.619.791;7.523.148;7.204.861;59.317.130.000.000.000;4.311.343;3.052.662;1.004.051;;2.300.347
219051;01/09/2018 02.51;24.004.630.000.000.000;493.489.570.617.676;5.182.291;45.182.289.123.535.200;6.320.602;7.296.263;15.234.379.999.999.900;1.670.284;16.124.129.999.999.900;1.516.204;391.826;41.199.259.999.999.900;3.389.495;1.279.092;4.210.078;;4.632.271;4.642.189;2.570.347;674.762;40.468.699.999.999.900;8.912.996;5.392.693;11.057.730.000.000.000;6.076.868;6.971.735;7.966.387;11.599.180.000.000.000;7.984.774;4.803.128;6.416.666;9.255.208;8.973.204;499.425;2.433.947;5.176.594;7.837.796;00.00;4.270.833;3.619.791;578.125;304.687.480.926.514;31.770.832.061.767.600;3.619.791;7.696.759;7.204.861;59.606.480.000.000.000;434.027.786.254.883;3.096.065;1.053.241;;228.588
219052;01/09/2018 02.52;240.735;493.489.570.617.676;5.186.632;4.518.229;633.101.806.640.625;7.543.244;1.496.672;1.670.284;161.603;1.497.396;3.917.696;4.160.477;3.387.492;1.283.344;4.205.497;;4.646.589;4.679.868;26.101.419.999.999.900;6.758.212;4.055.211;8.925.518;540.845;1.105.948;6.080.703;699.868;7.966.868;1.166.098;7.964.839;5.109.191;674.074;9.359.374;9.089.575;4.899.501;2.423.824;5.328.201;7.992.896;00.00;4.192.708;3.567.708;6.119.791;3.046.875;3.177.083;3.671.875;7.841.435;708.912;59.317.130.000.000.000;4.369.213;3.093.171;1.090.856;;2.274.306
219053;01/09/2018 02.53;24.004.630.000.000.000;493.489.570.617.676;5.186.632;4.522.569;628.587.951.660.156;7.448.724;150.897;166.088;16.283.279.999.999.900;1.516.204;4.061.703;414.946;33.875.409.999.999.900;12.886.569.999.999.900;419.666;;4.625.478;463.394;2.554.989;6.779.064;4.056.977;8.918.106;5.419.157;1.103.808;6.068.385;6.997.148;7.979.794;1.170.722;806.297;4.855.112;6.824.074;8.760.416;9.266.558;5.030.428;2.449.546;5.249.592;7.839.837;00.00;4.140.625;3.567.708;6.432.291;3.020.833;3.151.042;37.05.00;8.015.046;6.944.444;5.844.906.999.999.990;434.027.786.254.883;3.078.704;1.114.005;;2.274.306
219054;01/09/2018 02.54;2.406.366;493.489.570.617.676;5.190.972;452.256.927.490.234;6.304.398;7.557.552;1.511.863;1.670.284;1.631.944;1.508.247;396.703;41.448.840.000.000.000;3.381.176;13.112.729.999.999.900;4.188.831;;4.625.562;4.700.673;2.614.784;6.756.818;4.066.505;8.974.409;5.405.737;1.107.002;6.104.319;7.013.583;7.974.499;1.168.492;8.061.462;501.974;6.861.111;8.989.583;8.701.617;5.035.221;2.484.553;5.371.047;7.829.007;00.00;40.625;3.645.833;6.666.666;30.208.332.061.767.600;3.177.083;3.802.083;8.130.787;6.857.639;5.844.906.999.999.990;4.311.343;3.049.768;1.128.472;;2.271.412
219055;01/09/2018 02.55;2.402.431;4.934.896;5.186.632;452.256.927.490.234;6.233.796;7.488.416;1.511.863;166.522;1.610.966;1.501.736;3.901.935;4.156.597;3.380.623;129.306;4.197.774;;4.628.623;4.535.714;2.435.956;676.515;4.067.075;9.013.189;5.423.652;1.109.312;611.851;7.006.884;7.980.504;1.167.307;7.987.197;5.212.988;6.944.445;9.734.374;9.132.245;5.002.608;2.490.792;5.485.199;791.679;0.009362723;4.036.458;3.645.833;6.692.708;30.208.332.061.767.600;3.177.083;3.828.125;8.304.398;6.857.639;5.844.906.999.999.990;4.253.472;30.266.200.000.000.000;1.131.366;;2.248.264
219056;01/09/2018 02.56;2.401.447;4.930.555;518.663.177.490.234;4.522.569;6.327.951;7.620.838;150.463;1.670.284;1.619.647;15.169.270.000.000.000;3.887.952;415.774;3.384.738;13.212.710.000.000.000;4.207.897;;4.615.292;4.585.853;24.992.259.999.999.900;6.755.472;4.041.299;8.945.024;5.411.922;11.059.180.000.000.000;6.107.242;6.982.094;8.012.523;1.164.126;8.049.261;4.873.026;6.787.037;9.380.208;9.003.729;502.409;2.537.818;5.440.389;7.922.827;0.9395363000000001;3.958.333;3.541.666;6.614.583;3.020.833;3.151.042;3.828.125;8.449.074;6.828.703;5.902.778.000.000.000;42.245.368.957.519.400;30.266.200.000.000.000;114.294;;2.210.648
219057;01/09/2018 02.57;2.406.366;493.055.534.362.793;518.663.177.490.234;453.125;6.392.361;7.778.181;15.198.210.000.000.000;166.522;161.603;15.010.129.999.999.900;3.983.213;4.205.055;3.364.765;1.320.145;4.209.768;;4.625.865;4.580.396;2.486.684;6.784.548;4.065.135;8.980.851;541.871;1.109.222;6.128.432;7.047.645;8.034.663;1150.96;7.984.301;4.756.576;6.532.407;9.083.333;8.984.183;483.526;2.599.763;5.549.372;8.147.789;4.106.027;40.625;34.375;6.640.625;2.994.792;31.25.00;3.828.125;8.680.556;6.828.703;5.844.906.999.999.990;4.195.602;3.055.555;1.171.875;;2.173.032
219058;01/09/2018 02.58;2.399.479;493.055.534.362.793;5.186.632;453.125;6.288.195;7.819.906;150.463;166.522;1.623.987;1.508.247;4.073.385;4.182.105;3.347.938;13.210.460.000.000.000;4.201.089;;4.644.961;4.635.746;25.574.169.999.999.900;6.773.271;4.067.446;8.958.152;5.421.466;1107.99;6.084.326;7.006.842;8.017.612;1.175.214;8.075.528;4.771.382;6.486.111;8.604.166;8.793.243;4.771.588;26.483.799.999.999.900;5.643.483;8.151.081;0.005362774;4.166.666;3.359.375;6.744.791;299.479.160.308.838;312.499.980.926.514;3.828.125;8.998.843.000.000.000;6.799.769;5.902.778.000.000.000;4.166.667;3.084.491;119.213;;2.167.245
219059;01/09/2018 02.59;240.735;493.055.534.362.793;5.190.972;453.125;6.365.741;7.805.337;1.511.863;166.522;1.623.987;1.508.247;4.231.135;4.188.166;32.976.620.000.000.000;1.311.631;4.205.697;;4.659.332;4.599.323;25.055.389.999.999.900;6.792.554;4.060.729;8.959.212;5.432.255;1.109.735;609.34.00;7.051.045;8.013.615;1.187.369;7.927.660.000.000.000;4.984.699;7.018.519;8.468.749;8.823.265;4.661.789;2.657.302;5.666.045;8.134.576;0.0161034;4.348.958;3.229.166;6.796.875;299.479.160.308.838;312.499.980.926.514;3.880.208;9.259.259;6.626.156.999.999.990;59.606.480.000.000.000;4.195.602;3.093.171;1.212.384;;2.173.032
219060;01/09/2018 03.00;2.404.398;4.930.555;5.186.632;453.125;6.295.139;7.854.786;15.234.379.999.999.900;1.675.347;16.124.129.999.999.900;15.053.529.999.999.900;43.081.179.999.999.900;4.204.954;32.214.059.999.999.900;129.413;4.215.399;;4.593.244;4.644.164;2.560.384;6.760.382;4.053.278;8.964.349;5.404.267;1.107.053;6.113.594;699.054;800.922;1.193.915;8.033.846;5.007.966;699.074;8.619.791;8.798.687;4.568.156;2.642.409;5.780.098;8.322.978;977.881;4.791.666;3.255.208;7.578.125;3.020.833;312.499.980.926.514;3.932.291;9.548.611;62.05.00;6.134.259;4.166.667;3.064.236;1.235.532;;2.230.903
219061;01/09/2018 03.01;2.404.398;4.930.555;5.186.632;453.125;6.295.139;7.854.786;15.234.379.999.999.900;1.675.347;16.124.129.999.999.900;15.053.529.999.999.900;43.081.179.999.999.900;4.204.954;32.214.059.999.999.900;129.413;4.215.399;;4.593.244;4.644.164;2.560.384;6.760.382;4.053.278;8.964.349;5.404.267;1.107.053;6.113.594;699.054;800.922;1.193.915;8.033.846;5.007.966;699.074;8.619.791;8.798.687;4.568.156;2.642.409;5.780.098;8.322.978;977.881;4.791.666;3.255.208;7.578.125;3.020.833;312.499.980.926.514;3.932.291;9.548.611;62.05.00;6.134.259;4.166.667;3.064.236;1.235.532;;2.230.903
219062;01/09/2018 03.02;2.404.398;4.926.215;5.195.312;453.125;6.356.482;77.343;150.897;166.088;1.610.966;1.508.247;423.805;4.242.167;3.184.954;12.846.689.999.999.900;4.210.659;;4.639.313;4.670.544;2.590.757;6.778.029;4.066.243;8.956.954;5.443.976;1.109.233;6.128.868;7.030.793;8.001.617;1.199.401;8.048.648;50.131.199.999.999.900;6.856.481;8.958.333;8.858.718;4.657.104;2.561.333;5.673.604;8.398.032;00.00;484.375;3.359.375;7.994.791;3.020.833;31.25.00;40.625;9.519.676;60.474.540.000.000.000;62.05.00;4.195.602;3.038.195;1.241.319;;2.248.264
219063;01/09/2018 03.03;2.396.528;49.262.149.810.790.900;5.190.972;453.559;6.366.898.193.359.380;7.504.205.999.999.990;15.234.379.999.999.900;1.670.284;1.623.264;1.506.076;41.826.240.000.000.000;42.408.390.000.000.000;3.230.055;1.300.249;4.199.049;;4.653.452;4.657.281;2.586.182;6.773.896;4.072.213;8.969.087;5.413.463;1.110.905;6.113.271;6.993.973;7.984.661;1.202.057;7.968.127;5.263.095;6.810.185;9.145.833;9.101.821;464.287;2.508.452;5.619.576;8.371.874;0.8869019;4.791.666;3.385.416;8.046.875;3.046.875;3.151.042;4.166.666;9.519.676;5.815.971.999.999.990;6.365.741;42.245.368.957.519.400;3.006.366;1.258.681;;2.274.306
219064;01/09/2018 03.04;240.735;49.262.149.810.790.900;5.195.312;45.355.899.810.790.900;632.986.083.984.375;7.577.023;150.897;1.670.284;1.610.966;150.897;4.263.255;42.638.000.000.000.000;3.233.289;1.276.614;4.195.611;;474.379;4.700.695;26.073.470.000.000.000;6.777.686;4.066.086;8.957.915;5.442.673;1.109.665;6.116.356;7.008.316;8.018.578;1206.25.00;7.973.559;5.110.772;6.805.555;9.317.708;8.996.043;4.658.245;2.521.834;5.486.934;8.357.098;204.837;4.739.583;328.125;7.708.333;3.046.875;3.151.042;4.192.708;93.75;56.712.959.999.999.900;6.481.481;4.253.472;2.983.217;1.278.935;;228.588
219065;01/09/2018 03.05;2.397.512;49.262.149.810.790.900;5.190.972;45.355.899.810.790.900;639.004.638.671.875;7.455.273.000.000.000;150.897;1.675.347;1.610.966;1.511.863;4.333.436;4.280.778;3.281.151;1.292.726;4.193.945;;4.527.906;4.418.932;23.306.869.999.999.900;6.713.399;4.058.122;8.861.612;5.400.852;1.106.147;6.103.677;6.921.716;8.011.023;1.134.396;7.785.862;4.564.368;6.361.111;8.614.583;8.731.028;4.639.792;241.34.00;5.311.627;8.284.857;00.00;484.375;3.177.083;71.875;3.046.875;31.25.00;4.140.625;93.75;5.555.556;6.770.834;4.253.472;2.986.111;1.287.616;;2.288.773
219066;01/09/2018 03.06;2.404.398;49.262.149.810.790.900;5.190.972;45.355.899.810.790.900;634.837.951.660.156;7.543.596;1.511.863;1.670.284;1.605.903;1.520.544;5.042.013;4.277.434;3.422.396;1.320.302;4.212.139;;4.632.592;4.710.237;26.507.810.000.000.000;6.769.144;4.045.359;8.923.589.999.999.990;5.448.503;1.110.062;6.109.278;7.038.589.999.999.990;8.042.769.999.999.990;1.197.703;817.694;4.873.507;6.902.778;8.776.041;9.032.943;4.525.483;2.396.652;5.299.135;8.150.793;0.003699365;50.00.00;3.177.083;6.796.875;31.25.00;31.25.00;40.625;9.172.453;5.613.426;697.338;4.224.537;2.994.792;1.304.977;;2.303.241
219067;01/09/2018 03.07;2.405.382;49.262.149.810.790.900;5.195.312;45.355.899.810.790.900;627.083.312.988.281;7.458.282;151.548;1.670.284;1.610.966;1.516.204;44.847.770.000.000.000;4.260.411;34.189.409.999.999.900;12.837.489.999.999.900;4.199.187;;4.520.596;4.649.138;2.565.888;6.754.667;4.059.926;8.817.717;5.418.751;1.107.698;6.102.996;6.994.146;7.995.948;9.977.869;7.822.706;4.922.833;6.745.369.999.999.990;8.619.791;9.064.276;485.532;2.400.193;5.188.274;8.075.394;00.00;5.182.291;3.229.166;6.484.375;3.151.042;3.151.042;3.958.333;8.854.166;57.581.019.999.999.900;7.146.991;4.253.472;3.012.153;1.302.083;;2.326.389
219068;01/09/2018 03.08;2.396.528;49.262.149.810.790.900;5.195.312;45.355.899.810.790.900;6.238.425;7.456.612;1.511.863;166.522;161.603;1.508.247;4.508.664;4.085.649;3.474.173;1.293.552;4.197.306;;4.586.922;4.642.028;25.484.709.999.999.900;6.788.843;4.051.108;9.024.874;5.412.485;1109.62;6.119.092;7.011.755;8.008.517;11.566.680.000.000.000;8.030.762;4.993.392;687.05.00;8.572.916;9.157.532;4.756.038;2.370.909;5.330.341;7.991.362;0.00010279729999999999;5.182.291;3.229.166;62.239.580.000.000.000;3.229.166;315.104.160.308.838;3.932.291;853.588;60.474.540.000.000.000;708.912;4.340.278;2.997.685;1.293.403;;2.335.069
219069;01/09/2018 03.09;240.735;49.262.149.810.790.900;5.190.972;45.355.899.810.790.900;6.332.581;7.489.922;150.897;166.522;161.603;1.508.247;43.948.809.999.999.900;408.409;34.874.179.999.999.900;129.706;4.200.168;;4.636.508;4.618.337;2.527.255;6.752.867;4.038.355;8.851.564;5.425.825;1.106.211;6.089.203;7.005.243;7.973.860.000.000.000;1.214.952;7.935.425;5.081.699;699.074;9.270.833;908.395;4.932.111;2.308.154;5.229.146;7.945.759;0.35119759999999994;5.104.166;3.177.083;6.041.666;3.229.166;315.104.160.308.838;3.880.208;8.217.593.000.000.000;6.076.389;6.857.639;4.369.213;2.994.792;1.276.042;;2.361.111
219070;01/09/2018 03.10;24.004.630.000.000.000;49.262.149.810.790.900;5.190.972;453.559;6.355.323;7.309.929;151.548;166.522;1.632.668;1.511.863;4.405.265;42.560.190.000.000.000;34.909.240.000.000.000;1.322.967;4.197.022;;4.634.513;4.598.217;2.492.724;6.777.844;4.047.271;897.676;5.400.612;1.108.396;6.097.339;6.980.572;7.986.044;9.899.048;8.024.128;4.898.124;6.782.407;9.369.791;9.122.247;4.770.688;2.242.609;5.148.649;793.882;00.00;5.078.125;3.151.042;59.895.830.000.000.000;3.229.166;315.104.160.308.838;3.828.125;7.957.176;60.474.540.000.000.000;6.626.156.999.999.990;4.369.213;2.991.898;1.247.106;;2.398.727
219071;01/09/2018 03.11;2.404.398;49.262.149.810.790.900;5.195.312;453.993;6.409.722;7.277.982;15.198.210.000.000.000;166.522;1.610.966;1.511.863;436.955;4.282.085;3.541.693;1.324.594;4.207.848;;4.656.185;458.843;2.497.945;6.762.894;4.059.866;8.919.002;5.401.759.999.999.990;1.109.433;6.073.166;6.972.933;7.977.737;9.941.094;8.010.119;5.268.429;6.754.630.000.000.000;9.437.499;9.137.954;48.836.400.000.000.000;2.263.826;4.982.721;7.987.355;60.268.809.999.999.900;50.00.00;3.098.958;61.458.330.000.000.000;3.177.083;315.104.160.308.838;3.776.041;7.667.824;59.606.480.000.000.000;6.481.481;4.398.148;297.743;1.229.745;;2.407.407
219072;01/09/2018 03.12;2.406.366;49.262.149.810.790.900;5.195.312;453.993.034.362.793;6.342.997;731.002;15.010.129.999.999.900;1.670.284;162.037;150.897;4.509.778;4.275.055;3.530.195;1.275.603;4.191.124;;4.622.184;4.606.359;2.518.296;6.750.303;4.044.293;8.856.937;5.452.649;1.107.006;608.589;7.028.249;7.959.752;1.084.509;7.857.825;5.160.054;6.763.889;9.161.458;9.352.472;4.915.955;2.322.787;5.148.259;7.927.625;1.383.198;4.947.916;3.020.833;6.119.791;3.177.083;315.104.160.308.838;3.776.041;7.262.731;59.317.130.000.000.000;6.394.676;44.560.179.999.999.900;2.962.963;1.221.065;;2.433.449
219073;01/09/2018 03.13;2.399.479;49.262.149.810.790.900;5.190.972;453.993.034.362.793;6.227.257.080.078.130;7.290.229.000.000.000;15.198.210.000.000.000;166.088;162.037;1.511.863;4.573.359;426.554;35.974.140.000.000.000;1.302.433;4.195.793;;4.633.231;4.637.466;2.550.438;6.737.979;40.682.800.000.000.000;8.959.028;5.435.396;1.110.406;6.070.564;7.013.991;7.984.724;9.211.433;7.963.235;5.161.765;6.486.111;9.369.791;8.797.253;4.884.515;2.382.887;5.310.858;7.973.575;00.00;4.921.875;296.875;6.119.791;3.151.042;315.104.160.308.838;3.776.041;6.915.509;5.844.906.999.999.990;6.365.741;44.560.184.478.759.700;2.954.283;1.212.384;;244.213
219074;01/09/2018 03.14;240.735;49.262.149.810.790.900;5.195.312;453.993.034.362.793;6.268.518;7.294.046.999.999.990;150.463;166.522;161.603;1.508.247;4.706.132;4.260.723;362.915;13.013.689.999.999.900;4.191.428;;4.636.661;4.613.832;25.296.529.999.999.900;6.745.425;4.055.399;8.938.752;5.388.416;1.103.234;6.060.042;6.959.658;8.000.706;1.031.298;8.030.381;49.669.699.999.999.900;6.976.852;9.463.541;9.007.825;4.922.066;2.424.897;5.297.731;8.001.962;0.02597356;4.921.875;2.916.667;609.375;3.177.083;3.151.042;37.05.00;6.539.352;59.895.830.000.000.000;6.365.741;44.560.179.999.999.900;2.942.708;1.229.745;;2.433.449
219075;01/09/2018 03.15;24.004.630.000.000.000;49.262.149.810.790.900;5.190.972;453.993.034.362.793;6.339.119.999.999.990;7.071.109;15.234.379.999.999.900;1.670.284;1.619.647;1.511.863;4.626.624;4.256.428;3.612.695;13.085.230.000.000.000;4.201.972;;4.643.528;4.706.266;2.612.197;6.730.291;4.057.482;8.944.711;5.434.304;1.105.145;6.100.359;6.998.265;7.982.352;9.883.133;7.982.191;5.074.227;6.666.666;9.093.749;9.001.196;5.011.297;2.441.455;5.238.195;7.935.055;00.00;4.869.791;2.864.583;59.895.830.000.000.000;3.229.166;31.25.00;37.05.00;619.213;6.336.805;6.278.935;4.398.148;2.965.856;1.264.468;;2.421.875
219076;01/09/2018 03.16;2.402.431;49.262.149.810.790.900;5.195.312;453.993.034.362.793;6.273.148;7.066.931;1.511.863;166.522;1.602.286;15.227.139.999.999.900;4.661.123;426.413;3.653.922;1.277.787;4.203.069;;4.626.847;4.668.332;2.599.817;6.779.135;4.075.394;8.959.860.000.000.000;5.417.972;1107.02.00;606.04.00;6.966.992;8.008.079;9.562.026;8.009.587;4.927.911;7.092.593;9.281.249;9.057.351;4.881.531;2.432.307;5.287.454;7.837.149;1.303.092;4.869.791;2.864.583;5.885.416;3.255.208;312.499.980.926.514;37.05.00;5.902.778.000.000.000;6.770.834;619.213;4.398.148;2.983.217;1.276.042;;2.445.023
219077;01/09/2018 03.17;2.402.431;4.926.215;5.195.312;453.993.034.362.793;6.287.037;7.109.275;150.463;166.522;1.619.647;1.511.863;458.825;42.660.109.999.999.900;3.641.641;1.302.843;4.198.988;;4.659.115;4.631.081;2.541.058;6.772.693;4.064.025;8.938.948;5.408.668;1.107.667;6.111.755;6.973.785;7.993.403;8.760.327;8.030.559;5.160.405;6.976.852;8.822.916;8.807.116;4.916.111;2.454.097;5.471.241;8.151.288;75.522.800.000.000.000;4.869.791;2.864.583;58.333.330.000.000.000;3.229.166;312.499.980.926.514;37.05.00;5.642.361;6.857.639;6.076.389;44.560.179.999.999.900;3.000.579;1.284.722;;2.476.852
219078;01/09/2018 03.18;2.399.479;49.262.149.810.790.900;5.195.312;453.993.034.362.793;6.280.093;6.907.706;150.897;166.088;1.623.264;1.511.863;453.925;42.692.840.000.000.000;36.870.129.999.999.900;13.158.220.000.000.000;4.205.429;;4.652.044;4.635.161;25.427.150.000.000.000;6.771.196;4.058.582;8.913.381;5.430.111;1.106.424;6.084.679;6.968.945;7.983.905;8.261.116;8.135.522;493.345;6.791.666;9.265.624;9.256.628;4.853.974;247.416;5.498.356;8.260.981;2.225.194;4.817.708;2.838.542;58.333.330.000.000.000;3.177.083;312.499.980.926.514;37.05.00;541.088;6.915.509;59.317.130.000.000.000;44.560.184.478.759.700;3.038.195;1.278.935;;2.473.958
219079;01/09/2018 03.19;2.406.366;49.262.149.810.790.900;5.195.312;453.993.034.362.793;6.324.073;6.941.941;1.511.863;1.670.284;1.606.626;15.198.210.000.000.000;4.432.987;42.509.879.999.999.900;3.752.185;1.300.394;4.201.675;;4.623.699;4.618.344;2.519.996;676.658;4.067.155;8.989.218;5.400.434;1.109.395;6.119.612;696.743;8.016.623;8.227.654;8.133.743;5.014.044;7.018.519;9.255.208;8.933.756;4.921.534;2.560.605;5.619.156;8.499.777;6.185.848;4.739.583;2.838.542;59.895.830.000.000.000;3.229.166;312.499.980.926.514;37.05.00;5.208.333;6.799.769;5.844.906.999.999.990;44.560.184.478.759.700;3.035.301;1.270.255;;2.447.917
219080;01/09/2018 03.20;2.402.431;49.262.149.810.790.900;5.190.972;453.993.034.362.793;637.05.00;6.993.724;151.548;166.088;161.603;1.508.247;4.462.968;4.220.576;3.709.025;1.307.367;4.202.874;;4.615.166;4.709.446;26.383.259.999.999.900;6.742.863;4.066.761;8.985.298;5.398.136;1.107.661;6.093.004;6.973.831;7.971.277;809.789;8.035.387;4.885.156;7.185.185;8.781.249;9.043.049;48.955.699.999.999.900;2.542.074;5.363.480.000.000.000;8.145.848;00.00;4.713.541;2.864.583;6.015.625;3.177.083;312.499.980.926.514;3.776.041;5.034.722;6.626.156.999.999.990;57.870.369.999.999.900;44.560.179.999.999.900;3.035.301;1.258.681;;2.430.556
219081;01/09/2018 03.21;2.402.431;49.262.149.810.790.900;5.195.312;453.993.034.362.793;6.277.778;6.961.887;1.511.863;166.522;1.623.987;1.506.076;4.293.104;42.063.320.000.000.000;373.619;1.313.165;4.199.796;;4.601.711;4.700.146;2.627.255;6.766.465;4.056.626;8.942.126;5.444.424;1.110.597;6.130.863;6.978.177;8.002.944;8.199.388;797.57.00;495.235;6.995.369.999.999.990;8.953.124;9.017.393;48.360.699.999.999.900;2.509.651;5.563.499;8.185.709;00.00;46.875;2.890.625;6.015.625;3.177.083;312.499.980.926.514;3.828.125;4.832.176;6.481.481;5.700.232;4.398.148;3.058.449;1.218.171;;2.436.343
219082;01/09/2018 03.22;2.404.398;49.262.149.810.790.900;5.195.312;453.993.034.362.793;6.289.352;6.820.568;15.198.210.000.000.000;1.675.347;161.603;15.053.529.999.999.900;4.197.207;4.210.035;3.747.704;1.318.457;4.233.312;;4.659.998;4.653.234;25.912.990.000.000.000;6.773.225;4.051.899;8.896.445;5.426.528;11.104.180.000.000.000;6.089.573;6.935.855;8.002.827;7.870.842;7.923.911;4.837.514;6.782.407;8.651.041;9.070.084;4.885.331;250.28.00;5.516.697;8.226.057;0.6118073;4.661.458;2.890.625;6.015.625;3.151.042;31.25.00;3.828.125;474.537;6.423.611;5.700.232;4.369.213;3.072.917;1.171.875;;2.456.597
219083;01/09/2018 03.23;2.396.528;49.262.149.810.790.900;5.195.312;453.993.034.362.793;6.276.619.999.999.990;6.719.655.999.999.990;150.897;1.670.284;1.623.987;15.169.270.000.000.000;4.138.172;4.202.693;3.757.263;1.317.425;4.197.877;;4.672.737;4.622.194;2.543.523;6.758.789.999.999.990;4.066.305;897.595;5.443.229;11.108.319.999.999.900;6.107.161;6.987.215;7.953.334;7.916.274;7.962.496;4.933.691;7.069.445;9.010.416;9.318.039;490.985;2.479.055;5.381.974;8.197.993;00.00;4.609.375;2.890.625;6.041.666;3.151.042;3.098.958;3.828.125;462.963;6.423.611;5.700.232;4.340.278;3.087.384;1.131.366;;2.471.065
219084;01/09/2018 03.24;2.406.366;49.262.149.810.790.900;5.203.993;453.993.034.362.793;6.284.722;6.987.601;1.511.863;166.522;161.603;15.053.529.999.999.900;4.144.937;4.177.732;3.748.655;13.170.110.000.000.000;4.207.971;;4.554.014;4.656.688;2.567.943;6.783.818;40.581.800.000.000.000;8.914.882;5.412.429;11.090.539.999.999.900;6.091.874;6.996.711;7.972.443;7.460.083;8.098.207;4.979.758;6.694.445;8.807.291;9.018.885;4.873.755;2.503.387;5.485.551;8.165.818;0.0007509791000000001;4.609.375;2.916.667;609.375;3.151.042;3.098.958;3.828.125;4.542.824;6.336.805;57.581.019.999.999.900;4.253.472;3.098.958;1.087.963;;2.473.958
219085;01/09/2018 03.25;2.404.398;49.262.149.810.790.900;5.195.312;453.993.034.362.793;6.362.268;696.722;150.463;166.522;162.037;1.516.204;4.112.947;4.151.426;3.672.067;13.125.639.999.999.900;4.215.513;;4.617.738;4.646.876;2.578.617;6.778.864;4.064.313;8.965.618;5.427.726;1.110.775;6.123.096;7.014.889.999.999.990;801.067;6.985.535;7.888.773;5.103.567;6.513.889;8.859.374;886.382;4.836.319;2.536.866;5.539.598;8.295.034;00.00;4.609.375;296.875;62.05.00;31.25.00;31.25.00;3.880.208;44.560.179.999.999.900;619.213;5.815.971.999.999.990;4.253.472;3.107.639;1.047.454;;2.476.852
219086;01/09/2018 03.26;24.004.630.000.000.000;49.262.149.810.790.900;5.195.312;453.993;6.317.130.000.000.000;6.934.259;151.548;166.522;162.037;15.010.129.999.999.900;4.079.485;4.091.682;3.620.964;131.692;4.206.798;;4.554.075;4.612.135;252.115;6.765.214;4.047.973;8.899.799;5.428.096;1.109.115;6.115.682;7.019.779;8.026.655;6.962.126;8.116.533;4.910.404;6.893.519;8.682.291;893.855;4.893.245;256.683;5.648.530.000.000.000;8.192.861;0.04635634;4.583.333;296.875;6.276.041;31.25.00;31.25.00;390.625;4.369.213;59.895.830.000.000.000;59.606.480.000.000.000;42.245.368.957.519.400;3.098.958;1.009.838;;2.491.319
219087;01/09/2018 03.27;2.404.398;49.262.149.810.790.900;5.190.972;453.993.034.362.793;6.325.232;7.002.951;150.897;166.088;1.605.903;15.053.529.999.999.900;4.079.945;41.187.540.000.000.000;35.431.979.999.999.900;1.314.374;4.205.273;;4.631.079;4.664.551;2.588.797;6.752.197;4.051.942;8.947.108;5.412.836;1.105.862;6.104.599;7.006.967;8.029.485;6.991.569.999.999.990;7.958.125;4.854.893;6.800.926;8.494.791;8.928.719;4.899.849;2.566.073;5.523.729;8.174.012;0.0034630040000000004;4.609.375;2.994.792;63.802.080.000.000.000;3.098.958;3.098.958;390.625;4.340.278;5.902.778.000.000.000;60.474.540.000.000.000;4.195.602;3.113.426;9.837.963;;2.494.213
219088;01/09/2018 03.28;2.396.528;49.262.149.810.790.900;5.195.312;453.993.034.362.793;631.25.00;6.845.908;151.548;1.670.284;1.602.286;1.511.863;39.961.999.999.999.900;4.099.496;352.037;13.203.520.000.000.000;4.201.678;;4.641.846;462.681;2.533.918;6.759.825;4.054.789;8.939.339;5.470.005;1.108.809;6.086.481;7.028.716;8.011.091;6.887.791;7.953.063;4.986.716;6.546.296;8.807.291;8.880.869;4.763.827;2.578.454;5.663.628;8.341.669.999.999.990;1.088.517;4.583.333;2.994.792;6.276.041;3.098.958;30.989.582.061.767.600;3.880.208;4.369.213;57.581.019.999.999.900;6.076.389;4.166.667;3.122.106;9.606.481;;2.485.532
219089;01/09/2018 03.29;2.406.366;49.262.149.810.790.900;5.195.312;453.993;6.309.028;6.928.888;150.897;166.522;1.605.903;1.512.587;3.977.523;4.061.889;34.629.329.999.999.900;13.166.429.999.999.900;4.218.771;;4.627.281;4.665.931;25.946.860.000.000.000;6.762.346;4.061.495;8.913.152;5.435.331;1.107.172;607.75;6.996.066;7.983.878;7.156.957;7.888.668;4.871.311;6.597.222;8.781.249;8.709.352;4.748.536;2.598.459;5.611.022;8.182.101;00.00;4.583.333;3.098.958;6.041.666;31.25.00;30.989.582.061.767.600;3.880.208;44.560.179.999.999.900;5.642.361;6.105.324;416.666.679.382.324;3.127.893;943.287;;2.465.278
219090;01/09/2018 03.30;2.402.431;49.262.149.810.790.900;5.190.972;4.544.271;6.306.713;6.965.987;151.548;166.522;1.619.647;150.897;39.172.290.000.000.000;40.853.609.999.999.900;3.362.271;1.313.211;4.194.589;;4.684.928;4.517.338;2.425.937;6.788.264;4.044.325;8.950.682;5.397.126;1.107.369;6.068.658;6.995.337;7.966.475;701.528;7.936.367;5.129.442;6.583.333;9.187.499;896.658;4.624.052;2.601.335;5.728.653;8.224.998;0.9102135;4.609.375;3.255.208;5.885.416;3.098.958;30.989.582.061.767.600;3.828.125;4.658.565;552.662;6.134.259;416.666.679.382.324;3.151.042;9.172.453;;2.456.597
219091;01/09/2018 03.31;2.399.479;4.926.215;5.195.312;454.427.070.617.676;6.333.333;7.074.571.999.999.990;15.010.129.999.999.900;166.088;1.623.264;1.508.247;390.775;4.099.825;3.307.835;1.312.364;4.217.209;;4.631.451;4.575.255;2.483.511;6.765.923;4.064.405;8.908.795;5.410.883;1.103.843;6.083.706;6.977.847;7.985.067;7.081.661;8.029.248;4.930.101;6.953.704;8.953.124;932.097;4.713.062;2.624.793;5.685.483;8.324.233;0.02833466;4.609.375;3.359.375;57.552.080.000.000.000;3.098.958;30.989.582.061.767.600;3.802.083;49.189.820.000.000.000;546.875;6.221.065;416.666.679.382.324;3.151.042;8.940.972;;2.445.023
219092;01/09/2018 03.32;2.402.431;4.930.555;5.195.312;454.427.070.617.676;63.136.572.265.625;6.971.533.000.000.000;1.511.863;166.522;16.124.129.999.999.900;15.010.129.999.999.900;3.837.212;402.884;3.230.507;1.311.299;4.210.288;;4.639.784;4.642.174;25.564.419.999.999.900;6.752.259;4.057.159;8.957.985;5.423.201;1.107.285;6.084.766;7.008.932;7.954.751;7.040.651;8.080.608;5.001.084;6.972.222;8.604.166;9.164.225;4.757.425;2.592.583;5.672.027;8.370.674;00.00;4.609.375;3.359.375;5.703.125;3.098.958;30.989.582.061.767.600;3.776.041;5.034.722;541.088;62.05.00;4.166.667;3.194.445;8.709.491;;244.213
219093;01/09/2018 03.33;24.004.630.000.000.000;493.055.534.362.793;5.190.972;454.427.070.617.676;6.329.861;687.178;150.463;166.522;16.124.129.999.999.900;15.053.529.999.999.900;38.240.390.000.000.000;40.465.740.000.000.000;3.170.481;13.177.179.999.999.900;4.227.466;;4.625.881;4.611.578;2.533.999;6.780.999;4.061.202;8.939.215;5.433.161;1.108.111;612.538;7.002.137;7.990.236;6.419.580.000.000.000;8.077.592;4.932.816;7.037.037;8.838.541;8.993.281;4.747.725;2.571.822;5.752.313;8.361.589;874.811;4.661.458;34.375;5.729.166;3.098.958;3.098.958;3.697.916;5.179.398;5.381.944;6.278.935;4.195.602;3.185.764;8.449.074;;244.213
219094;01/09/2018 03.34;2.402.431;493.055.534.362.793;5.195.312;454.427.070.617.676;6.256.945;6.922.688.000.000.000;1.511.863;166.522;1.623.264;15.227.139.999.999.900;3.839.065;405.613;3.237.259;1.314.065;4.218.524;;4.729.365;4.609.178;2.520.677;6.756.007;4.064.441;9.049.919;5.436.575;1110.39.00;6.107.482;7.004.166;7.988.404;6.501.126;8.170.873;5.164.788;6.939.814;9.046.874;9.272.077;4.743.883;2.543.723;5.663.621;8.463.772;0.11494249999999999;4.661.458;34.375;5.651.041;3.098.958;31.25.00;3.671.875;5.324.074;5.353.009;6.278.935;41.956.016.540.527.200;3.096.065;8.217.593.000.000.000;;2.416.088
219095;01/09/2018 03.35;2.404.398;493.055.534.362.793;5.195.312;454.427.070.617.676;6.309.028;7.120.315;1.511.863;1.656.539;161.603;1.493.056;38.387.440.000.000.000;4.088.224;3.223.986;1.311.108;4.203.289;;4.658.404;46.005.800.000.000.000;25.138.689.999.999.900;675.35.00;4.064.671;8.936.461;5.410.277;1.107.404;6.098.441;6.991.485;7.980.887;6.224.409;8.030.562;5.091.365;6.717.593;9.369.791;8.889.276;4.870.713;253.399;5.559.889;8.517.696;0.04742102;4.609.375;3.411.458;5.572.916;31.25.00;312.499.980.926.514;3.671.875;541.088;546.875;6.336.805;41.956.016.540.527.200;3.029.514;8.015.046;;239.294
219096;01/09/2018 03.36;2.397.512;493.055.534.362.793;5.203.993;454.427.070.617.676;6.230.323;7.125.426;151.548;166.088;1.638.455;1.508.247;38.930.640.000.000.000;4.062.936;32.476.859.999.999.900;1.293.454;4.208.891;;4.539.669;453.786;2.450.831;6.712.466;4.049.912;8.938.979;5.381.182;1.105.675;6.046.259;6.897.126;7.917.407;6.026.569.999.999.990;7.872.827;50.083.099.999.999.900;6.388.889;8.619.791;9.019.373;4.892.028;2.552.949;5.579.366;8.309.481;0.0004478732;4.557.291;3.385.416;55.989.580.000.000.000;31.25.00;312.499.980.926.514;3.645.833;546.875;5.555.556;6.278.935;41.956.016.540.527.200;3.035.301;787.037;;2.375.579
219097;01/09/2018 03.37;2.406.366;493.055.534.362.793;5.195.312;454.427.070.617.676;6.377.314;7.338.293;15.010.129.999.999.900;1.670.284;1.606.626;1.508.247;3.963.538;4.064.555;32.592.490.000.000.000;130.204;4.206.213;;46.060.900.000.000.000;4.569.852;2.473.991;6.749.352;405.659;8.913.752;5.458.032;1.105.421;6.084.715;7.011.572;8.023.067;5.919.977;8.083.972;4.823.366;6.925.926;8.645.833;9.003.105;474.796;2.444.986;537.159;8.202.672;00.00;453.125;3.385.416;5.859.375;31.25.00;312.499.980.926.514;3.645.833;5.381.944;60.474.540.000.000.000;62.05.00;41.956.016.540.527.200;30.266.200.000.000.000;787.037;;2.349.537
219098;01/09/2018 03.38;2.402.431;493.055.534.362.793;5.195.312;454.427.070.617.676;6.214.119.873.046.880;7.326.675.999.999.990;151.548;166.522;161.603;150.897;3.991.597;406.031;31.664.209.999.999.900;1.291.178;4.202.681;;4.664.958;4.586.592;2.500.455;6.773.622;4.059.203;895.998;5.446.371;1.106.522;6.100.513;7.050.057;7.988.339;6.455.459.999.999.990;7.904.749;4.990.545;7.194.445;8.901.041;8.936.226;4.845.029;2.396.606;5.468.101;8.241.154;1.393.726;4.479.166;34.375;62.05.00;3.098.958;31.25.00;3.671.875;5.381.944;6.770.834;6.221.065;4.195.602;3.000.579;7.986.111;;2.332.176
219099;01/09/2018 03.39;24.004.630.000.000.000;493.055.534.362.793;5.203.993;454.427.070.617.676;632.638.916.015.625;7.353.848;150.463;166.522;162.037;1.508.247;3.967.302;400.521;3.159.055;1.314.715;4.198.072;;4.640.974;4.643.469;2.540.349;6.756.912;4.066.567;8.970.514;5.440.017;1.108.367;610.611;7.022.971;8.045.149;6.553.651;8.229.188;5.009.307;7.055.555;8.645.833;8.936.011;4.753.525;2.413.439;5.221.256;8.164.359;0.001251633;4.479.166;3.515.625;65.625;3.046.875;3.151.042;3.776.041;541.088;7.060.185;6.105.324;4.166.667;3.023.727;8.362.269;;2.320.602
219100;01/09/2018 03.40;2.410.301;493.055.534.362.793;5.203.993;454.427.070.617.676;636.111.083.984.375;7.349.183.000.000.000;15.234.379.999.999.900;166.522;162.037;1.516.204;39.347.159.999.999.900;4.000.966;31.310.090.000.000.000;13.125.029.999.999.900;4.222.803;;4.605.539;4.648.288;2.564.906;6.770.266;4.067.385;8.930.739;5.400.798;11.079.089.999.999.900;6.109.638;7.006.996;8.053.184;6.651.189.999.999.990;8.076.631;4.715.487;7.078.704;8.812.499;8.989.219;4.894.951;2.430.725;5.333.973;8.154.469;2.020.557;4.453.125;3.567.708;6.770.833;3.046.875;315.104.160.308.838;3.828.125;546.875;7.291.666;6.076.389;4.166.667;3.096.065;8.738.426;;2.300.347
219101;01/09/2018 03.41;2.399.479;493.055.534.362.793;5.203.993;454.427.070.617.676;6.318.287.353.515.630;7.431.219;1.511.863;166.522;1.606.626;1.508.247;3.914.548;4.032.225;31.322.779.999.999.900;1.302.075;4.190.651;;4.653.894;4.631.191;25.357.689.999.999.900;6.758.137;4.055.972;8.936.942;5.412.604;1.107.938;6.087.679;6.976.912;7.965.412;6.451.672;8.022.107;4.879.753;6.777.778;9.057.291;9.093.343;4.776.389;2.435.071;5.399.954;8.004.913;25.759.510.000.000.000;4.348.958;3.541.666;6.901.041;3.046.875;3.151.042;390.625;5.613.426;78.125;6.105.324;41.087.959.999.999.900;31.828.700.000.000.000;9.259.259;;2.268.519
219102;01/09/2018 03.42;2.404.398;493.055.534.362.793;5.195.312;454.427.070.617.676;6.399.305;7.479.215;1.511.863;1.670.284;162.037;1.511.863;39.263.870.000.000.000;40.779.379.999.999.900;3.145.325;1.299.425;4.198.368;;4.636.317;4.638.074;2.558.893;6.773.815;4.058.656;8.930.234;5.446.154;1.109.156;6.101.688;7.003.975;8.054.108;6.605.979;8.013.961;49.257.099.999.999.900;6.995.369.999.999.990;8.848.958;9.285.056;4.757.142;2.458.657;5.385.883;7.994.366;00.00;4.348.958;3.567.708;6.953.125;3.020.833;31.25.00;3.932.291;57.581.019.999.999.900;8.072.916;6.221.065;41.087.959.999.999.900;3.260.995;9.519.676;;2.242.477
219103;01/09/2018 03.43;2.404.398;4.930.555;5.195.312;454.427.070.617.676;6.288.195;7.544.479;150.463;1.670.284;161.603;1.511.863;4.019.793;40.548.120.000.000.000;3.100.129;13.038.160.000.000.000;4.220.757;;4.679.831;4.653.257;25.774.049.999.999.900;6.745.899;4.070.902;8.994.643;5.442.791;1.109.013;6.120.234;7.016.754;8.013.608;6.272.499;7.951.342;4.887.638;6.787.037;8.937.499;9.063.954;4.725.267;25.171.099.999.999.900;5.457.863;8.214.059;00.00;4.322.916;3.619.791;7.083.333;3.020.833;31.25.00;3.958.333;59.317.130.000.000.000;8.072.916;6.278.935;4.166.667;3.260.995;9.519.676;;2.225.116
219104;01/09/2018 03.44;2.402.431;4.926.215;5.195.312;454.427.070.617.676;6.288.195;789.342;1.511.863;1.670.284;161.603;1.508.247;4.069.151;4.086.633;31.369.909.999.999.900;1.282.447;4.195.358;;4.624.411;4.619.236;25.301.810.000.000.000;6.775.325;4.058.391;8.942.721;5.408.864;1.107.787;6.103.875;6.986.796;801.325;6.330.219.999.999.990;786.19.00;4.962.079;6.648.148;8.447.916;8.959.686;4.695.046;256.105;552.043;8.087.506;00.00;4.270.833;3.619.791;71.875;2.994.792;3.151.042;4.010.416;59.895.830.000.000.000;787.037;6.336.805;4.166.667;31.741.900.000.000.000;9.519.676;;2.216.435
219105;01/09/2018 03.45;2.406.366;4.930.555;5.195.312;4.544.271;6.319.445;8.109.903;1.511.863;166.522;1.605.903;1.508.247;3.974.458;4.163.428;3.154.247;1.282.755;4.205.862;;4.627.101;464.463;2.563.528;6.784.965;4.073.455;8.978.510.000.000.000;5.441.861;1.108.618;6.088.107;6.992.963;8.031.417;6.079.691;804.709;4.967.874;6.722.222;8.598.958;900.955;4.747.922;2.545.425;558.845;8.230.198;0.34499509999999994;4.270.833;3.541.666;6.953.125;296.875;315.104.160.308.838;4.036.458;60.474.540.000.000.000;7.581.019;6.394.676;4.195.602;311.632;9.664.352;;2.204.861
219106;01/09/2018 03.46;2.399.479;493.055.534.362.793;5.195.312;454.427.070.617.676;6.336.805;779.529;1.511.863;166.522;16.283.279.999.999.900;1.511.863;3.977.281;4.178.852;3.201.474;129.026;4.215.248;;4.678.518;4.652.903;25.611.650.000.000.000;6.767.161;4.061.483;8.969.686;5.398.965;1.105.287;6.084.542;6.985.916;8.027.776;6.009.881;8.013.615;501.256;6.666.666;8.442.708;8.959.485;4.580.513;2.469.914;5.607.795;8.370.049;31.135.009.999.999.900;421.875;3.411.458;6.666.666;296.875;315.104.160.308.838;4.010.416;6.076.389;7.378.472;6.481.481;4.195.602;30.266.200.000.000.000;9.751.156.999.999.990;;2.199.074
219107;01/09/2018 03.47;2.405.382;493.055.534.362.793;5.195.312;454.427.070.617.676;6.273.148;7.711.641;150.897;1.675.347;1.614.583;1.506.076;4.065.813;4.139.332;3.279.891;129.114;4.201.646;;4.612.845;4.607.342;2.527.955;6.761.816;4.045.639;8.925.144;5.418.159;1.105.662;6.091.257;7.015.239;7.989.759;5.937.632;8.004.889.999.999.990;4.867.497;6.731.481;8.770.833;9.084.279;4.814.117;2.449.373;544.448;8.155.269.999.999.990;4.436.666.000.000.000;4.166.666;328.125;6.510.416;296.875;3.151.042;3.958.333;619.213;7.060.185;6.626.156.999.999.990;4.224.537;2.986.111;9.722.222;;2.213.542
219108;01/09/2018 03.48;2.404.398;493.055.534.362.793;5.203.993;454.427.070.617.676;6.336.805;7.426.514;151.548;166.088;1.610.966;1.508.247;41.749.140.000.000.000;41.279.959.999.999.900;3.366.137;12.977;4.200.253;;4.621.942;4.604.133;2.519.737;6.767.595;4.070.454;8.968.026;5.427.939;1.112.138;6.118.076;7.004.691;801.049;5.765.863;7.983.712;479.56.00;6.736.111;8.901.041;898.253;480.478;2.482.964;5.260.294;8.261.619.999.999.990;2.713.123;4.166.666;3.151.042;6.614.583;2.916.667;31.25.00;3.932.291;6.221.065;6.770.834;6.799.769;42.245.368.957.519.400;2.957.176;9.837.963;;2.213.542
219109;01/09/2018 03.49;24.004.630.000.000.000;4.930.555;5.195.312;454.427.070.617.676;635.879.638.671.875;7.434.524;151.548;166.522;162.037;150.897;4.285.454;4.187.336;33.733.670.000.000.000;1.282.207;4.211.682;;4.616.199;4.662.911;25.884.549.999.999.900;6.764.485;4.058.296;8.942.343;540.96;1108.37.00;6.104.406;6.989.829;8.040.007;6.022.885;8.130.686;5.020.632;6.949.074;8.854.166;8.922.377;4.798.468;2.501.882;5.344.922;8.274.113;00.00;4.296.875;3.046.875;6.536.458;2.916.667;3.098.958;3.958.333;6.221.065;6.539.352;6.915.509;4.224.537;29.108.799.999.999.900;1.027.199;;2.201.968
219110;01/09/2018 03.50;2.404.398;4.934.896;5.195.312;454.427.070.617.676;6.368.055.419.921.880;7.632.311;15.096.929.999.999.900;166.522;1.619.647;15.053.529.999.999.900;4.302.558;4.224.219;3.384.879;1.312.199;42.168.800.000.000.000;;4.632.115;4.638.997;2.548.798;6.761.577;4.065.569;8.903.226;5.433.223;1.110.151;6.093.762;7.039.831;7.999.436;6.423.265;8.023.845;4.856.454;6.546.296;8.848.958;8.886.395;4.764.599;2.574.989;5.623.079;8.261.373;00.00;4.479.166;3.046.875;6.640.625;296.875;30.989.582.061.767.600;4.010.416;6.134.259;6.336.805;697.338;4.311.343;2.855.903;1.070.602;;2.219.329
219111;01/09/2018 03.51;24.004.630.000.000.000;493.489.570.617.676;5.203.993;454.427.070.617.676;6.217.593;7.544.933;150.897;166.522;1.614.583;15.053.529.999.999.900;4.363.283;4.256.064;3.351.314;1.311.762;4.189.382;;469.825;4.619.764;2.535.125;6.773.919.999.999.990;4.056.066;9.030.557;5.399.771;1.106.522;6.089.343;7.000.273;7.978.546;6.338.898;8.004.499;488.606;6.305.555;8.786.458;9.050.496;4.741.973;2.513.277;5.593.896;8.266.164;1.803.746;4.713.541;31.25.00;6.484.375;3.020.833;3.098.958;4.010.416;6.221.065;6.221.065;697.338;4.253.472;2.806.713;1.114.005;;2.271.412
219112;01/09/2018 03.52;2.404.398;493.489.570.617.676;5.195.312;454.427.070.617.676;6.289.352;7.612.029;151.548;1.670.284;1.623.264;1.508.247;4.382.946;420.956;3.332.452;1.319.682;4.200.717;;4.632.455;4.643.517;2.528.436;676.493;4.053.721;8.971.392;5.406.663;1.106.609;6.081.537;6.999.769;7.938.893;6.267.948;8.044.551;5.146.633;6.722.222;8.656.249;8.884.772;47.681.199.999.999.900;2.515.047;5.458.098;8.238.257;00.00;4.947.916;3.177.083;6.354.166;3.151.042;3.151.042;4.010.416;6.770.834;6.076.389;697.338;4.224.537;27.546.299.999.999.900;1.163.194;;2.317.708
219113;01/09/2018 03.53;2.404.398;493.489.570.617.676;5.195.312;454.427.070.617.676;6.337.963;7.156.005;1.511.863;1.670.284;1.623.264;15.053.529.999.999.900;4.385.163;42.752.720.000.000.000;32.760.329.999.999.900;13.160.860.000.000.000;4.202.265;;4.671.145;4.583.013;2.489.543;6.787.388;4.060.707;9.016.639;5.430.353;1.107.917;6.114.512;7.015.184;8.020.342;6.426.661;806.585;5.010.652;6.629.630.000.000.000;8.697.916;8.924.418;4.679.232;2.467.932;5.422.011;8.036.419;0.5847288;5.104.166;3.177.083;6.171.875;3.229.166;315.104.160.308.838;3.958.333;7.407.406.999.999.990;60.474.540.000.000.000;7.002.315;4.224.537;2.737.268;1.212.384;;2.349.537
219114;01/09/2018 03.54;2.402.431;4.934.896;5.195.312;454.427.070.617.676;6.347.222;7.106.676.999.999.990;150.897;166.522;16.124.129.999.999.900;15.053.529.999.999.900;4.396.985;4.260.306;3.308.828;132.364;4.200.042;;4.654.218;4.605.846;2.525.704;6.757.894;4.058.393;894.421;5.404.534;11.050.410.000.000.000;6.137.916;6.961.965;7.983.409;6.446.685;8.121.802;4.989.309;6.856.481;9.197.916;9.169.771;4.677.255;2.503.326;5.429.998;8.060.157;00.00;5.130.208;328.125;61.458.330.000.000.000;328.125;315.104.160.308.838;390.625;787.037;62.05.00;7.060.185;4.195.602;2.751.736;1.232.639;;2.358.218
219115;01/09/2018 03.55;2.402.431;49.435.759.999.999.900;5.195.312;454.427.070.617.676;6.256.945;7.103.177;150.463;1.670.284;1.614.583;1.508.247;4.417.445;4.273.111;33.806.020.000.000.000;13.182.089.999.999.900;4.202.912;;4.618.695;4.551.035;245.665;6.753.916;4.062.787;8.902.732;5.393.917;1.106.735;6.083.291;6.922.313;7.947.286;6.186.511;7.904.863;4.841.027;6.606.481;9.140.624;898.189;4.677.066;2.424.112;5.437.465;8.125.515;00.00;5.130.208;3.411.458;6.171.875;3.255.208;3.151.042;3.880.208;8.159.722;6.423.611;697.338;41.956.016.540.527.200;27.633.099.999.999.900;125.00.00;;2.369.792
219116;01/09/2018 03.56;2.399.479;49.435.760.498.046.800;5.195.312;454.427.070.617.676;6.334.490.966.796.880;7.006.943.000.000.000;150.463;166.522;162.037;1.508.247;4.357.819;430.245;3.395.436;131.868;4.202.851;;460.735;4.594.305;2.512.197;6.779.629;40.568.699.999.999.900;8.971.833;5.447.234;1.112.935;613.257;7.061.584;8.063.734;6.528.636;7.916.877;4.821.331;6.777.778;8.666.666;8.966.269;4.766.207;2.447.542;5.458.463;8.192.142;0.13108270000000002;5.130.208;3.541.666;63.020.830.000.000.000;3.229.166;3.177.083;3.880.208;8.130.787;6.423.611;6.857.639;4.195.602;2.818.287;1.261.574;;2.398.727
219117;01/09/2018 03.57;2.404.398;49.435.760.498.046.800;5.203.993;454.427.070.617.676;630.208.312.988.281;7.297.053.000.000.000;151.548;1.670.284;1.623.264;1.516.204;4.374.524;42.719.809.999.999.900;3.413.445;1.314.785;4.206.336;;4.606.943;4.597.073;2.499.402;6.773.764;40.554.699.999.999.900;8.966.234;5.427.621;11.076.019.999.999.900;6.089.863;7.047.408;7.999.888;6.807.446;7.957.513;4.869.844;6.930.555;9.036.458;8.550.222;470.43.00;2.361.041;5.327.907;8.197.324;00.00;5.130.208;3.645.833;6.484.375;3.177.083;3.229.166;390.625;8.101.852;6.336.805;6.828.703;4.166.667;2.905.092;1.273.148;;2.413.194
219118;01/09/2018 03.58;2.404.398;49.435.760.498.046.800;5.195.312;454.427.070.617.676;6.284.722;7.134.198;150.897;1.670.284;1.614.583;15.053.529.999.999.900;4.434.107;4.277.176;3.491.992;13.143.360.000.000.000;4.213.899;;4.584.019;4.596.369;2.513.255;6.747.915;405.48.00;8.989.947;5.448.323;11.114.660.000.000.000;6.129.587;703.54.00;8.049.127;6.437.716;795.217;509.528;6.717.593;8.328.124;8.687.792;4.485.495;2.269.282;5.110.736;8.224.838;2.448.834;5.104.166;3.828.125;68.75;3.151.042;3.229.166;3.932.291;8.101.852;6.539.352;6.915.509;416.666.679.382.324;2.971.643;1.302.083;;2.421.875
219119;01/09/2018 03.59;2.402.431;49.435.760.498.046.800;5.203.993;454.427.070.617.676;6.385.417;6.962.874.000.000.000;1.511.863;1.670.284;162.037;1.511.863;44.010.220.000.000.000;4.283.791;3.475.833;1.311.469;4.220.528;;4.642.038;4.660.806;2.592.971;6.755.631;40.564.099.999.999.900;8.913.167;5.439.503;1.106.454;6.106.488;703.27.00;8.016.413;6.656.427;7.925.049;5.044.105;6.638.889;8.901.041;8.876.764;4.670.786;2.222.431;5.071.489;8.039.504;00.00;5.104.166;4.010.416;7.265.625;31.25.00;325.520.820.617.676;4.010.416;8.015.046;6.828.703;708.912;416.666.679.382.324;3.029.514;1.333.912;;2.427.662
219120;01/09/2018 04.00;2.399.479;49.435.760.498.046.800;5.203.993;454.427.070.617.676;6.342.593;7.039.188;1.511.863;166.522;161.603;1.508.247;4.421.402;42.455.059.999.999.900;3.442.062;13.107.339.999.999.900;4.203.366;;4.648.598;4.636.541;2.532.053;6.759.393;4.048.111;9.005.978;5.399.802;1.107.537;6.054.388;6.948.983;7.969.197;7.109.766;8.071.379;5.002.137;6.671.296;9.249.999;9.021.737;4.662.814;2.220.388;5.004.193;7.903.141;17.301.549.999.999.900;5.052.083;40.625;7.682.291;3.046.875;328.125;4.166.666;8.101.852;6.626.156.999.999.990;7.407.406.999.999.990;41.087.959.999.999.900;3.084.491;1.423.611;;2.427.662
219121;01/09/2018 04.01;2.399.479;49.435.760.498.046.800;5.203.993;454.427.070.617.676;6.342.593;7.039.188;1.511.863;166.522;161.603;1.508.247;4.421.402;42.455.059.999.999.900;3.442.062;13.107.339.999.999.900;4.203.366;;4.648.598;4.636.541;2.532.053;6.759.393;4.048.111;9.005.978;5.399.802;1.107.537;6.054.388;6.948.983;7.969.197;7.109.766;8.071.379;5.002.137;6.671.296;9.249.999;9.021.737;4.662.814;2.220.388;5.004.193;7.903.141;17.301.549.999.999.900;5.052.083;40.625;7.682.291;3.046.875;328.125;4.166.666;8.101.852;6.626.156.999.999.990;7.407.406.999.999.990;41.087.959.999.999.900;3.084.491;1.423.611;;2.427.662
219122;01/09/2018 04.02;2.404.398;49.435.760.498.046.800;520.399.284.362.793;454.427.070.617.676;627.777.770.996.094;7.053.473.000.000.000;150.897;166.522;162.037;15.010.129.999.999.900;4.426.381;4.262.515;3.527.383;1.313.827;4.207.741;;4.600.531;4.654.309;257.939;6.757.619;4.050.188;8.909.133;5.417.783;1.109.198;609.558;7.021.703;8.024.155;743.81;8.044.229;4.976.056;6.675.926;9.630.208;8.990.304;4.750.268;2.288.686;5.081.333;7.947.441;0.00985934;5.052.083;4.036.458;7.786.458;304.687.480.926.514;328.125;421.875;8.130.787;6.423.611;7.523.148;41.087.963.104.248;3.110.533;1.467.014;;2.413.194
219123;01/09/2018 04.03;2.404.398;49.435.759.999.999.900;5.203.993;454.427.070.617.676;6.277.778;7.053.473.000.000.000;150.897;166.522;162.037;15.010.129.999.999.900;4.426.381;4.262.515;3.527.383;1.313.827;4.202.743;;4.645.793;4.664.228;2.586.414;6.753.137;4.047.619;891.928;5.411.127;1.107.836;6.102.377;6.988.038;7.991.762;767.334;8.191.110.000.000.000;4.956.624;6.902.778;8.880.208;9.091.353;4.761.246;2.326.514;5.137.407;7.908.215;00.00;5.052.083;4.036.458;7.786.458;3.046.875;328.125;421.875;8.130.787;6.423.611;7.523.148;41.087.959.999.999.900;3.110.533;1.467.014;;2.413.194
219124;01/09/2018 04.04;24.004.630.000.000.000;4.947.916;5.190.972;454.427.070.617.676;6.378.472;6.875.435;150.897;1.670.284;1.619.647;1.508.247;4.289.205;4.269.266;3.556.865;131.212;4.216.192;;4.638.117;4.626.702;2.554.422;676.591;4.072.039;8.953.702;5.398.009.999.999.990;11.074.160.000.000.000;6.127.534;7.004.552;8.022.461;7.651.566;8.011.383;5.020.625;6.810.185;9.135.416;9.055.718;4.778.712;2.418.915;5.378.959;805.048;0.02804051;4.869.791;3.671.875;7.213.541;2.994.792;325.520.820.617.676;4.296.875;8.072.916;6.423.611;7.349.537;4.079.861;3.194.445;1.487.269;;2.416.088
219125;01/09/2018 04.05;2.405.382;49.479.164.123.535.200;5.190.972;454.427.070.617.676;6.350.694.580.078.130;6.863.539;151.548;166.522;1.614.583;1.516.204;426.542;4.263.818;3.567.476;1.312.524;4.189.547;;467.439;4.569.861;2.491.295;6.763.359;4.055.455;892.835;5.388.391;1.108.776;6.096.476;6.992.385;8.009.291;7.897.233;7.974.423;5.039.684;6.717.593;8.927.083;9.140.212;4.691.767;24.156.099.999.999.900;5.334.799;8.106.614;00.00;4.817.708;3.489.583;6.953.125;299.479.160.308.838;3.229.166;421.875;7.928.241;6.568.287;7.233.796;4.166.667;3.214.699;1.452.546;;2.471.065
219126;01/09/2018 04.06;2.399.479;4.947.916;5.195.312;454.427.070.617.676;6.236.111;6.782.765;150.897;1.670.284;161.603;15.010.129.999.999.900;41.891.000.000.000.000;4.277.944;3.660.438;1.308.715;4.211.232;;4.655.974;4.664.976;2.594.807;6.765.828;4.058.217;8.945.958;5.432.626;1108.89;6.128.629;6.993.641;8.003.079;7.985.001;7.817.073;5.078.326;6.486.111;9.656.249;9.095.901;4.844.579;2.370.542;5.336.043;8.146.085;00.00;4.739.583;3.359.375;6.666.666;299.479.160.308.838;3.177.083;4.270.833;78.125;6.857.639;7.146.991;4.195.602;327.257;1.438.079;;2.520.255
219127;01/09/2018 04.07;2.404.398;4.930.555;5.195.312;454.427.070.617.676;6.339.119.999.999.990;6.859.045;15.198.210.000.000.000;166.522;1.629.051;15.010.129.999.999.900;4.145.704;4.256.831;369.215;1.308.765;4.201.331;;461.289;4.627.926;2.543.078;6.763.201;4.055.913;8.938.303;5.406.924;1.108.675;6.109.313;7.014.671;8.018.468;8.277.397;7.859.853;4.852.232;6.597.222;9.031.249;8.910.588;4.905.314;2.360.465;5.276.825;8.015.738;00.00;4.713.541;3.229.166;6.484.375;299.479.160.308.838;3.151.042;421.875;8.101.852;708.912;7.204.861;4.224.537;32.899.300.000.000.000;150.463;;255.787
219128;01/09/2018 04.08;2.402.431;4.947.916;5.203.993;454.427.070.617.676;6.337.963;6.891.571;150.897;166.522;1.623.264;1.506.076;4.110.576;42.778.220.000.000.000;365.684;13.154.720.000.000.000;4.208.693;;4.640.153;4.668.952;25.841.979.999.999.900;6.758.472;4.068.005;8.997.664;541.749;1.109.484;6.107.071;7.000.152;8.035.648;8.269.397;7.895.495;5.226.918;6.648.148;8.677.083;8.840.172;48.238.599.999.999.900;2.356.523;5.268.142;8.111.669;00.00;4.609.375;3.151.042;62.05.00;2.994.792;31.25.00;4.192.708;8.246.528;7.436.343.000.000.000;7.204.861;4.224.537;3.313.079;1.605.903;;2.581.018
219129;01/09/2018 04.09;24.004.630.000.000.000;4.952.257;520.399.284.362.793;4.544.271;6.314.814;6.860.085;151.548;1.656.539;1.623.264;1.512.587;41.176.159.999.999.900;43.012.209.999.999.900;3.646.843;1.314.429;4.201.563;;4.595.561;4.663.208;2.600.131;6.749.373;4.058.841;887.438;5.407.397;1.107.479;6.063.337;695.778;7.991.215;844.628;8.030.989;4.903.489;6.898.148;8.874.999;9.217.467;4.791.518;2.345.743;5.117.181;7.945.576;0.009567387;4.479.166;31.25.00;5.885.416;3.020.833;312.499.980.926.514;4.192.708;8.246.528;7.928.241;7.204.861;4.253.472;33.304.400.000.000.000;1.704.282;;2.589.699
219130;01/09/2018 04.10;2.404.398;4.952.257;520.399.284.362.793;453.993;631.25.00;6.909.705;150.463;1.675.347;1.610.966;1.516.204;4.216.233;42.715.340.000.000.000;3.616.617;132.351;4.201.897;;4.673.166;4.691.194;2.603.326;6.780.817;4.058.101;8.972.113;543.825;1.110.631;6.142.958;7.008.868;8.006.214;8.268.297;7.962.629;5.147.921;6.578.704;9.124.999;9.148.443;4.835.984;234.088;5.244.277;8.136.509;13.025.789.999.999.900;453.125;3.046.875;5.729.166;30.208.332.061.767.600;312.499.980.926.514;4.166.666;8.217.593.000.000.000;8.217.593.000.000.000;7.146.991;42.245.368.957.519.400;3.333.333;1.805.556;;2.581.018
219131;01/09/2018 04.11;2.402.431;4.947.916;5.203.993;453.993.034.362.793;6.293.981;6.687.408;151.548;1.670.284;161.603;1.511.863;4.205.128;4.258.661;3.576.871;1.316.875;4.209.052;;4.651.437;4.611.567;2.534.248;6.765.895;4.053.592;8.968.087;5.416.956;1.108.567;6.108.981;6.988.694;7.966.753;8.330.646;8.017.589.999.999.990;5.162.644;6.976.852;9.406.249;8.903.359;483.555;2.352.198;5.317.795;8.148.076;1.279.474;4.583.333;3.046.875;5.729.166;3.020.833;31.25.00;40.625;8.015.046;8.506.944;7.146.991;4.195.602;3.362.268;1.901.042;;2.592.592
219132;01/09/2018 04.12;2.406.366;4.952.257;5.195.312;453.993.034.362.793;6.403.936;6.647.549.000.000.000;150.897;166.522;161.603;15.053.529.999.999.900;4.264.072;42.678.540.000.000.000;36.327.870.000.000.000;1.318.939;4.202.547;;462.819;46.326.099.999.999.900;2.546.059;6.727.202;4.050.815;8.931.633;5.428.235;1108.46.00;6.079.001;696.36.00;7.991.879;8.538.563;7.932.001;5.160.706;6.925.926;8.677.083;8.988.081;4.789.941;2.384.556;5.293.569;8.004.943;00.00;4.661.458;3.151.042;59.114.580.000.000.000;3.046.875;3.098.958;4.036.458;7.696.759;8.998.843.000.000.000;7.060.185;4.224.537;3.356.481;1.909.722;;2.650.463
219133;01/09/2018 04.13;2.402.431;4.952.257;5.195.312;453.993.034.362.793;6.320.602;666.376;151.548;166.522;16.124.129.999.999.900;15.053.529.999.999.900;42.069.559.999.999.900;4.234.802;3.638.482;13.205.060.000.000.000;4.219.897;;4.641.599;4.590.247;24.999.689.999.999.900;6.725.012;4.065.566;8.914.719;5.411.971;1.107.472;6.075.881;6.920.987;7.936.796;7.763.077;7.888.673;527.23.00;6.583.333;8.786.458;8.863.365;4.665.356;2.372.296;5.315.423;8.246.944;16.277.479.999.999.900;4.661.458;328.125;6.171.875;3.098.958;31.25.00;4.010.416;7.378.472;8.940.972;6.915.509;4.224.537;333.912;1.877.894;;2.745.949
219134;01/09/2018 04.14;24.004.630.000.000.000;4.947.916;5.203.993;453.993.034.362.793;6.258.101.806.640.630;6.690.041;15.010.129.999.999.900;166.522;161.603;1.508.247;410.926;4.185.042;3.654.629;13.184.779.999.999.900;4.212.496;;4.611.821;4.585.051;2.486.904;6.763.209;4.053.905;895.802;5.407.308;11.061.789.999.999.900;6.071.898;6.977.745;7.910.755;7.775.533;7.950.912;4.930.656;6.833.333;9.088.541;8.917.560.000.000.000;4.817.528;235.541;5.205.973;7.874.348;0.000287593;4.609.375;3.411.458;640.625;3.046.875;31.25.00;4.036.458;7.581.019;865.162;6.770.834;4.253.472;3.324.653;1.843.171;;2.824.074
219135;01/09/2018 04.15;2.406.366;4.956.597;5.203.993;453.993.034.362.793;6.285.880.000.000.000;6.511.662;150.897;166.522;1.632.668;1.511.863;4.045.288;4.194.079;3.569.149;131.972;4.198.021;;4.666.212;4.634.055;2.544.248;6.772.781;4.051.971;8.920.891;5.425.922;1.110.371;6.128.016;6.987.286;7.980.485;7.572.825;7.987.371;5.180.632;6.953.704;9.541.666;9.086.587;4.696.342;236.847;5.239.717;8.144.946;00.00;4.557.291;3.541.666;6.614.583;304.687.480.926.514;3.151.042;4.036.458;7.928.241;8.362.269;6.626.156.999.999.990;4.311.343;3.310.185;1.811.343;;2.899.305
219136;01/09/2018 04.16;24.004.630.000.000.000;495.659.713.745.117;5.195.312;453.993;6.419.387;6.418.415.999.999.990;150.463;166.088;1.605.903;1.508.247;3.906.194;42.465.759.999.999.900;3.492.111;1.294.002;4.197.276;;4.646.526;4.656.817;25.712.990.000.000.000;6.790.817;40.517.199.999.999.900;8.879.443;5.433.645;1.109.511;6.098.724;7.006.503;8.002.069;7.379.626;7.779.514;50.635.900.000.000.000;6.398.148;8.916.666;8.911.744;4.655.881;2.442.667;5.334.995;8.253.275;00.00;4.557.291;3.567.708;6.927.083;3.046.875;3.151.042;40.625;8.101.852;8.015.046;6.423.611;4.311.343;3.347.801;1.741.898;;2.948.495
219137;01/09/2018 04.17;2.402.431;495.659.713.745.117;51.953.121.185.302.700;4.544.271;6.391.204;664.404;151.548;166.522;1.632.668;1.511.863;3.893.274;4.201.432;3.437.107;13.185.629.999.999.900;4.187.874;;4.616.671;4.642.581;256.687;6.769.429;4.060.876;8.942.637;5.431.109;11.067.830.000.000.000;6.097.086;7.010.269;8.018.778;7.692.276;7.892.634;4.854.273;6.722.222;8.781.249;8.991.107;4.692.925;2.374.738;5.389.064;7.971.053;00.00;4.479.166;3.515.625;6.953.125;3.020.833;31.25.00;4.140.625;8.101.852;7.841.435;6.336.805;434.027.786.254.883;3.376.736;1.684.028;;2.971.643
219138;01/09/2018 04.18;2.406.366;495.659.713.745.117;51.953.121.185.302.700;454.427.070.617.676;6.337.963;6.803.193;150.897;166.522;1.619.647;15.053.529.999.999.900;3.981.227;4.205.665;34.459.509.999.999.900;130.906;4.195.105;;4.645.201;4.659.187;2.567.466;6.769.656;405.722;8.955.073;5.402.051;1.106.238;6.098.194;6.979.359;7.950.309;7.353.818;8.014.122;4.875.779;6.699.074;8.749.999;8.819.806;47.737.699.999.999.900;2.293.748;5.145.129;7.926.142;00.00;4.453.125;3.385.416;6.744.791;3.020.833;31.25.00;4.166.666;7.841.435;7.696.759;62.05.00;4.369.213;33.883.099.999.999.900;166.956;;2.971.643
219139;01/09/2018 04.19;23.955.439.999.999.900;4.956.597;51.953.121.185.302.700;454.427.070.617.676;6.339.119.999.999.990;6.515.427;15.234.379.999.999.900;1.670.284;1.605.903;1.516.204;3.845.844;4.187.364;34.461.040.000.000.000;1.312.481;4.217.631;;4.603.387;4.657.009;2.581.325;6.758.515;4.045.716;8.947.062;5.402.534;1105.31.00;6.073.137;6.956.333;7.988.126;7.531.546;8.091.986;5.210.766;7.069.445;9.124.999;9.064.927;4.781.494;2.254.572;5.178.372;8.156.679;00.00;4.453.125;328.125;6.640.625;2.994.792;3.098.958;4.166.666;7.581.019;7.638.889;6.134.259;4.340.278;3.327.546;1.681.134;;2.939.815
219140;01/09/2018 04.20;240.735;49.652.770.000.000.000;51.953.121.185.302.700;454.427.070.617.676;6.275.462.646.484.380;6.564.591.999.999.990;150.463;1.670.284;1.614.583;15.053.529.999.999.900;3.839.503;4.153.951;347.347;13.083;4.207.774;;4.659.145;4.586.877;2.487.418;6.774.107;40.527.099.999.999.900;8.920.698;541.35.00;1.107.271;6.105.773;6.984.172;7.996.945;7.134.862;7.909.366;5.023.056;6.782.407;9.510.416;8.975.541;4.810.179;2.353.945;5.063.468;7.949.645;00.00;453.125;3.229.166;6.640.625;2.994.792;3.098.958;4.088.541;7.349.537;7.436.343.000.000.000;59.895.830.000.000.000;4.340.278;3.266.783;1.663.773;;2.913.773
219141;01/09/2018 04.21;24.004.630.000.000.000;49.652.774.810.790.900;5.195.312;454.427.070.617.676;633.101.806.640.625;6.687.708;1.511.863;166.522;1.619.647;15.010.129.999.999.900;3.843.967;413.394;3.397.645;1.308.801;4.203.341;;4.623.579;4.598.582;2.513.966;6.775.732;4.061.444;8.965.814;5.439.932;11.084.769.999.999.900;6.121.612;7.027.084;7.994.995;6.285.045;8.064.694;5.217.935;6.685.185;8.567.708;9.170.388;4.783.625;2.288.896;5.132.322;8.065.198;00.00;4.557.291;3.229.166;65.625;30.208.332.061.767.600;3.046.875;40.625;7.002.315;7.204.861;5.844.906.999.999.990;4.253.472;3.208.912;1.684.028;;2.876.158
219142;01/09/2018 04.22;2.404.398;49.652.770.000.000.000;5.203.993;454.427.070.617.676;62.824.072.265.625;6.812.727;151.548;166.522;162.037;15.198.210.000.000.000;39.417.629.999.999.900;4.101.812;3.377.851;1.304.925;4.197.863;;4.616.353;4.667.812;2.593.177;6.785.016;4.066.357;8.941.262;5.436.531;1.108.542;6.131.282;7.027.969;7.979.604;646.002;7.886.023;487.265;6.560.185;9.489.583;9.085.367;4.767.208;2.225.923;496.425;7.790.789;00.00;4.583.333;3.229.166;6.276.041;3.046.875;3.098.958;4.036.458;6.684.028;697.338;57.581.019.999.999.900;4.253.472;3.179.977;1.736.111;;2.835.648
219143;01/09/2018 04.23;2.406.366;4.973.958;520.399.284.362.793;454.427.070.617.676;639.583.312.988.281;6.817.251;1.511.863;166.088;1.629.051;1.516.204;38.582.029.999.999.900;41.215.920.000.000.000;3.364.849;1.285.604;419.673;;4.613.827;4.645.011;256.695;6.743.857;406.675;8.926.102;5.425.412;1.109.146;6.082.938;6.993.998;7.995.479;6.602.892;7.982.587;512.471;6.685.185;9.135.416;9.358.366;4.752.072;2.261.462;5.015.638;7.878.478;00.00;4.609.375;3.229.166;6.041.666;3.046.875;3.098.958;4.010.416;6.568.287;6.712.963;5.555.556;4.224.537;3.194.445;1.736.111;;2.809.606
219144;01/09/2018 04.24;2.396.528;49.652.770.000.000.000;5.203.993;454.427.070.617.676;632.407.409.667.969;6.819.201;150.897;1.670.284;161.603;1.516.204;3.901.746;4.113.946;3.400.593;1.293.827;421.577;;4.611.128;4.618.685;2.549.789;6.770.123;40.645.099.999.999.900;8.950.848;5.413.422;1.108.327;6.121.543;7.022.828;8.008.004;6.779.793;8.022.961;4.876.109;6.717.593;9.348.958;9.054.775;4.777.361;2.206.946;5.043.719;7.858.137;0.0001713289;4.609.375;3.177.083;59.114.580.000.000.000;3.098.958;3.046.875;3.932.291;6.770.834;6.539.352;546.875;4.253.472;3.275.463;1.684.028;;281.25.00
219145;01/09/2018 04.25;2.410.301;49.652.770.000.000.000;5.195.312;454.427.070.617.676;6.349.537.353.515.630;6.881.265;15.234.379.999.999.900;1.670.284;162.037;1.511.863;3.868.734;4.127.507;3.397.161;1.304.402;4.209.306;;4.662.531;4.695.963;26.323.529.999.999.900;6.770.769;4.062.136;8.959.492;5.454.991;1107.71;611.98;7.032.338;801.066;6.738.463;8.025.153;5.073.116;6.601.852;9.072.916;8.975.259;4.772.259;2.228.024;4.986.879;7.796.813;00.00;4.583.333;3.177.083;5.859.375;30.989.582.061.767.600;304.687.480.926.514;3.880.208;7.002.315;6.481.481;546.875;4.340.278;3.327.546;1.640.625;;2.806.713
219146;01/09/2018 04.26;24.004.630.000.000.000;4.969.618;51.953.121.185.302.700;454.427.070.617.676;6.370.369.873.046.880;6.871.531.999.999.990;151.548;166.088;161.603;1.506.076;3.947.361;41.318.220.000.000.000;33.520.759.999.999.900;130.797;4.211.431;;4.629.592;4.610.048;25.253.259.999.999.900;6.763.873;405.776;8.987.833;5.417.156;1.109.234;6.122.356;7.027.387;8.044.897;7.661.052;7.918.127;4.883.452;6.861.111;9.265.624;8.853.774;4.803.491;2.319.404;5.042.675;7.728.858;7.270.753.999.999.990;4.557.291;3.229.166;5.963.541;30.989.582.061.767.600;3.046.875;3.802.083;7.291.666;6.510.416;552.662;4.398.148;3.266.783;16.116.899.999.999.900;;2.777.778
219147;01/09/2018 04.27;2.399.479;496.961.784.362.793;51.953.121.185.302.700;454.427.070.617.676;6.380.787;719.215;15.198.210.000.000.000;166.522;161.603;1.508.247;41.366.409.999.999.900;41.935;3.319.927;1.313.001;4.197.288;;4.654.068;4.622.869;2.538.493;6.784.146;4.054.668;8.876.443;5.441.537;1.108.639;6.100.663;7.015.372;8.019.854;7.460.748;7.991.039;4.949.418;6.837.963;8.708.333;8.846.924;4.816.301;2.395.843;5.175.345;7.833.984;0.003475395;453.125;3.177.083;58.333.330.000.000.000;30.989.582.061.767.600;31.25.00;3.828.125;7.841.435;6.684.028;5.497.685;439.814.796.447.754;3.179.977;16.116.899.999.999.900;;2.731.481
219148;01/09/2018 04.28;2.406.366;496.961.784.362.793;51.953.121.185.302.700;454.427.070.617.676;6.265.046;7.749.603;150.897;166.088;1.623.987;1.511.863;4.259.874;4.104.022;32.945.040.000.000.000;129.345;4.212.046;;464.841;4.653.473;2.577.235;6.781.025;4.069.868;8.970.035;5.418.824;1.110.194;6.120.822;7.042.421;8.032.468;8.439.992;7.922.455;5.159.935;6.620.369.999.999.990;8.770.833;8.956.575;4.870.269;2.416.349;5.288.962;7.848.102;00.00;4.557.291;31.25.00;6.119.791;3.098.958;312.499.980.926.514;3.828.125;8.449.074;6.915.509;541.088;4.398.148;3.070.023;1.623.264;;2.679.398
219149;01/09/2018 04.29;2.396.528;496.961.784.362.793;51.953.121.185.302.700;454.427.070.617.676;6.356.887;7.648.235;150.897;166.088;1.614.583;1.511.863;4.334.258;41.069.379.999.999.900;33.759.440.000.000.000;1.301.532;4.197.856;;4.638.898;4.650.543;2.593.968;6.780.777;4.066.566;8.936.736;5.429.301;1110.59.00;6.110.078;7.017.891;8.015.034;8.503.878;7.936.433;4.917.621;6.476.852;8.572.916;8.989.023;4.872.517;2.363.531;5.267.208;7.844.989;00.00;4.609.375;3.020.833;6.510.416;31.25.00;312.499.980.926.514;3.880.208;8.998.843.000.000.000;7.002.315;5.324.074;4.340.278;2.957.176;1.634.838;;2.633.102
219150;01/09/2018 04.30;2.405.382;496.961.784.362.793;51.953.121.185.302.700;454.427.070.617.676;6.269.676;7.746.033;150.897;166.088;1.610.966;1.511.863;447.492;4.063.155;335.056;12.959.439.999.999.900;4.221.628;;4.630.033;4.660.797;256.617;6.781.022;4.055.559;8.927.316;5.429.703;1.113.073;6.142.024;7.035.939.999.999.990;804.788;8.601.319;8.094.683;5.176.407;7.069.445;9.109.374;9.111.788;4.879.788;2.274.199;5.131.244;7.937.626;00.00;4.713.541;3.020.833;6.822.916;3.177.083;312.499.980.926.514;3.958.333;9.172.453;697.338;5.208.333;434.027.786.254.883;28.616.900.000.000.000;1.605.903;;2.601.273
219151;01/09/2018 04.31;2.402.431;496.961.784.362.793;5.195.312;454.427.070.617.676;626.388.916.015.625;7.599.006.999.999.990;1.511.863;166.522;1.623.264;15.053.529.999.999.900;4.576.421;4.061.006;3.358.595;12.993.789.999.999.900;4.193.679;;4.645.266;4.649.762;2.564.652;6.771.949;4.062.355;8.972.296;5.428.918;1.109.093;6.132.228;7.023.425;8.019.277;9.421.706;7.841.959;4.838.912;6.601.852;9.151.041;9.135.447;4.820.267;2.328.851;5.138.148;7.883.221;00.00;4.791.666;31.25.00;7.005.208;3.255.208;31.25.00;4.088.541;9.143.519;6.915.509;5.121.528;4.340.278;27.633.099.999.999.900;1.597.222;;2.586.805
219152;01/09/2018 04.32;2.402.431;4.969.618;5.203.993;4.544.271;628.587.951.660.156;7.546.379;150.463;1.670.284;1.610.966;1.493.056;4.631.224;4.071.632;333.954;130.156;41.948.199.999.999.900;;4.619.303;4.636.214;2.545.919;6.775.110.000.000.000;4.049.802;8.922.233;5.392.175;1.107.381;6.094.607;702.439;8.015.394;1.089.401;8.216.694;5.015.369;7.111.111;8.984.374;8.961.844;4.791.568;238.283;5.250.328;8.182.551;00.00;4.791.666;3.255.208;7.604.166;325.520.820.617.676;3.151.042;421.875;8.825.231;6.626.156.999.999.990;5.179.398;4.369.213;2.696.759;1.652.199;;2.575.231
219153;01/09/2018 04.33;2.405.382;4.973.958;5.195.312;454.427.070.617.676;6.465.277.099.609.380;7.499.653;150.897;1.670.284;1.623.264;1.497.396;45.758.720.000.000.000;413.685;3.321.727;1.293.639;420.472;;465.403;465.269;2.584.329;6.778.112;4.054.569;8.895.605;5.417.184;1.105.215;608.544;6.998.112;7.972.097;9.926.848;7.914.559;4.944.846;662.05.00;8.942.708;8.855.751;4.849.658;2.472.489;5.359.341;7.975.099;00.00;4.791.666;3.229.166;796.875;3.255.208;3.177.083;4.348.958;8.362.269;6.336.805;546.875;44.849.540.000.000.000;2.650.463;171.875;;254.919
219154;01/09/2018 04.34;2.399.479;4.969.618;51.953.121.185.302.700;454.427.070.617.676;6.370.369.999.999.990;7.311.816.999.999.990;150.897;166.522;1.610.966;1.512.587;4.628.945;416.203;322.373;1.294.856;4.192.134;;4.634.354;4.611.729;2.528.705;6.774.109;4.064.315;8.952.952;5.449.586;1109.16.00;6.088.964;7.030.084;8.026.906;8.694.295;8.027.697;4.841.823;6.967.593;9.333.333;8.965.957;4.732.635;2.419.221;5.413.122;7.999.161;00.00;4.817.708;3.177.083;8.177.083;3.229.166;31.770.832.061.767.600;4.427.083;7.957.176;6.134.259;5.700.232;4.542.824;2.595.486;1.762.153;;2.537.616
219155;01/09/2018 04.35;2.404.398;4.973.958;5.195.312;454.427.070.617.676;6.329.109;708.912;1.511.863;166.522;162.037;1.511.863;4.590.923;42.444.340.000.000.000;32.292.590.000.000.000;1.308.233;4.199.871;;4.625.992;4.646.322;2.562.718;6.771.564;4.067.301;8.922.892;5.432.665;1.108.063;6.088.695;7.011.047;8.008.768;9.501.055;7.911.002;4.904.333;6.699.074;9.072.916;8.955.859;4.840.513;2.438.481;533.862;7.967.374;00.00;4.921.875;3.098.958;8.229.166;322.916.641.235.352;31.770.832.061.767.600;4.453.125;7.523.148;59.317.130.000.000.000;59.317.130.000.000.000;462.963;2.552.083;1.785.301;;2.528.935
219156;01/09/2018 04.36;2.404.398;497.395.820.617.676;5.203.993;454.427.070.617.676;620.833.312.988.281;7.175.831;150.897;166.522;162.037;1.511.863;456.885;42.626.509.999.999.900;318.229;1.297.653;4.199.871;;4.625.992;4.646.322;2.562.718;6.771.564;4.067.301;8.922.892;5.432.665;1.108.063;6.088.695;7.011.047;8.008.768;9.501.055;7.911.002;4.904.333;6.699.074;9.072.916;8.955.859;4.840.513;2.438.481;533.862;7.967.374;00.00;4.973.958;3.020.833;8.098.958;3.229.166;3.177.083;4.479.166;708.912;5.700.232;6.105.324;4.600.694;2.502.894;1.848.958;;2.531.829
219157;01/09/2018 04.37;24.004.630.000.000.000;497.395.820.617.676;5.195.312;454.427.070.617.676;633.217.590.332.031;7.240.009;15.234.379.999.999.900;166.522;162.037;15.010.129.999.999.900;4.548.192;42.803.259.999.999.900;31.928.359.999.999.900;1.294.891;4.223.131;;4.641.666;4.684.044;2.603.325;6.753.479;4.060.061;9.002.019;5.423.387;11.083.039.999.999.900;6.075.568;6.991.641;8.002.846;9.601.111;7.936.417;5.027.055;6.833.333;9.187.499;9.008.003;4.911.099;2.417.565;5.342.666;8.140.835;00.00;50.00.00;296.875;7.864.583;3.255.208;3.151.042;4.401.041;6.684.028;552.662;62.05.00;4.600.694;2.459.491;1.886.574;;2.537.616
219158;01/09/2018 04.38;2.406.366;497.395.820.617.676;51.953.121.185.302.700;454.427.070.617.676;6.314.814;7.397.935;1.511.863;1.670.284;1.632.668;1.508.247;44.804.359.999.999.900;42.812.129.999.999.900;3.216.068;1.288.622;4.201.561;;4.640.383;4.630.101;25.418.439.999.999.900;6.750.793;4.062.146;8.937.166;5.431.782;1.107.302;6.107.441;7.004.121;7.984.661;1006.87;7.953.297;5.071.422;6.759.259;9.291.666;8.965.489;4.837.662;2.386.304;5.154.293;8.047.862;00.00;4.973.958;296.875;765.625;3.255.208;315.104.160.308.838;4.322.916;6.278.935;546.875;62.05.00;4.542.824;2.433.449;1.909.722;;254.919
219159;01/09/2018 04.39;24.004.630.000.000.000;497.395.820.617.676;5.195.312;454.427.070.617.676;6.359.954;7.067.909;150.897;1.670.284;161.603;15.053.529.999.999.900;4.454.538;4.246.602;3.256.892;1.285.426;4.207.935;;4.649.746;4.638.819;2.551.862;6.784.164;4.050.405;8.937.389;5.410.036;1.107.395;6.072.624;7.008.568;7.972.441;9.241.933;7.990.106;5.061.259;661.574;9.369.791;8.944.317;4.900.881;2.454.777;5.443.752;8.122.869.999.999.990;66.799.550.000.000.000;50.00.00;2.994.792;7.447.916;3.229.166;315.104.160.308.838;421.875;59.895.830.000.000.000;552.662;6.134.259;45.138.889.312.744.100;2.418.981;1.866.319;;255.787
219160;01/09/2018 04.40;2.404.398;497.395.820.617.676;5.190.972;454.427.070.617.676;6.258.101.806.640.630;7.007.276;150.897;166.522;1.614.583;1.508.247;443.793;42.317.890.000.000.000;3.370.662;1.296.615;4.225.765;;4.739.911;4.540.893;2.438.758;6.762.455;4.049.918;8.980.366;5.407.809;1.109.597;6.101.133;6.986.448;7.990.153;1.025.769;7.972.596;5.111.154;6.930.555;8.953.124;8.940.554;4.840.248;2.396.202;5.338.779;8.117.631;00.00;5.078.125;31.25.00;7.317.708;3.229.166;3.151.042;4.166.666;5.700.232;57.870.369.999.999.900;59.895.830.000.000.000;44.849.536.895.752;2.427.662;1.811.343;;2.572.338
219161;01/09/2018 04.41;2.406.366;497.395.820.617.676;5.195.312;454.427.070.617.676;6.304.398.193.359.380;6.756.724;15.010.129.999.999.900;1.670.284;1.605.903;1.520.544;4.461.698;426.375;3.400.817;1.292.405;4.196.856;;4.593.578;4.580.972;2.495.612;6.766.586;4.047.585;8.947.441;539.618;1.107.192;6.078.018;6.978.839.999.999.990;7.981.395;9.771.668;7.980.145;5.016.201;6.810.185;8.802.083;9.158.001;5.000.181;2.442.734;5.404.308;8.327.902;00.00;5.208.333;3.255.208;703.125;325.520.820.617.676;3.177.083;4.088.541;5.497.685;60.474.540.000.000.000;5.844.906.999.999.990;44.560.179.999.999.900;2.421.875;1.733.218;;2.595.486
219162;01/09/2018 04.42;24.004.630.000.000.000;4.973.958;5.203.993;454.427.070.617.676;63.113.427.734.375;6.798.196;150.897;166.522;1.610.966;1.508.247;4.410.382;4.266.798;3.362.243;1.274.431;4.214.608;;4.645.395;4.675.336;2.585.695;6.734.973;4.051.051;8.948.852;5.433.961;1.106.029;6.095.303;7.004.288;7.995.598;1028.18.00;7.943.444;4.872.672;6.805.555;8.984.374;8.820.201;4.918.907;2.470.752;5.263.785;8.069.822;00.00;5.260.416;328.125;6.666.666;328.125;31.770.832.061.767.600;4.010.416;5.324.074;6.105.324;56.712.959.999.999.900;4.369.213;2.421.875;1.640.625;;2.618.634
219163;01/09/2018 04.43;2.406.366;49.782.990.000.000.000;5.195.312;454.427.070.617.676;635.995.361.328.125;6.803.844.000.000.000;1.511.863;166.088;1.629.051;15.053.529.999.999.900;4.433.457;4.265.478;3.355.696;1.287.186;4.211.812;;4.629.552;4.606.656;2.516.676;6.745.747;4.044.619;8.898.215;5.390.031;1.106.115;6.132.177;6.931.996;796.61;9.848.694;7.852.198;4.937.203;6.768.519;9.249.999;9.123.141;486.52.00;2.463.696;5.364.819;8.124.688;00.00;53.125;3.255.208;63.802.080.000.000.000;328.125;31.770.832.061.767.600;3.932.291;5.179.398;59.895.830.000.000.000;5.497.685;431.134.262.084.961;2.433.449;1.553.819;;2.609.954
219164;01/09/2018 04.44;24.004.630.000.000.000;49.782.985.687.255.800;5.195.312;454.427.070.617.676;6.385.416.259.765.630;6.768.625;150.897;1.675.347;1.623.264;15.169.270.000.000.000;4.480.388;423.876;3.364.179;129.644;4.197.197;;4.615.383;4.663.676;25.909.880.000.000.000;6.744.188;4.059.606;892.703;5.409.478;1.106.447;6.071.638;6.946.249;7.946.092;9.114.645;7.872.552;5.140.404;6.694.445;9.239.583;9.154.586;4.799.357;2.479.419;5.310.046;7.957.838;00.00;54.427.080.000.000.000;3.307.291;6.171.875;3.307.291;31.770.832.061.767.600;3.880.208;5.063.657;5.902.778.000.000.000;5.353.009;4.253.472;2.502.894;1.481.481;;26.070.599.999.999.900
219165;01/09/2018 04.45;2.402.431;49.782.985.687.255.800;5.203.993;454.427.070.617.676;627.083.312.988.281;6.774.718;151.548;1.670.284;1.610.966;15.053.529.999.999.900;447.803;4.253.315;33.210.190.000.000.000;1.295.508;4.190.188;;4.645.176;4.627.561;2.540.189;6.767.562;4.057.849;8.928.596;5.438.391;1.107.181;6.082.578;6.986.595;7.997.385;9.159.976;7.822.698;502.838;6.972.222;9.437.499;9.105.133;4.988.748;2.511.313;535.41.00;7.985.661;00.00;5.494.791;3.411.458;59.114.580.000.000.000;3.359.375;31.770.832.061.767.600;3.828.125;4.947.917;57.581.019.999.999.900;5.179.398;42.245.368.957.519.400;2.543.403;1.417.824;;2.595.486
219166;01/09/2018 04.46;2.404.398;49.782.985.687.255.800;5.195.312;454.427.070.617.676;6.355.323;6.767.828;1.511.863;166.522;1.623.264;15.053.529.999.999.900;4.379.419;4.240.822;3.394.865;1.308.112;4.205.992;;4.648.112;4.507.313;2.413.468;6.738.455;4.053.943;8.981.941;541.799;1.108.048;609.437;691.419;8.010.024;9.358.406;7.870.106;5.074.343;6.745.369.999.999.990;9.213.541;9.157.932;4.826.347;2.498.785;5.406.737;8.193.132;00.00;54.427.080.000.000.000;3.359.375;5.859.375;3.385.416;3.177.083;3.802.083;48.900.459.999.999.900;5.613.426;5.034.722;4.195.602;2.624.421;1.328.125;;2.578.125
219167;01/09/2018 04.47;24.004.630.000.000.000;49.782.985.687.255.800;5.203.993;4.544.271;625.00.00;6.758.816.999.999.990;150.463;1.670.284;1.614.583;1.508.247;43.814.409.999.999.900;4.283.891;34.912.620.000.000.000;1.309.174;419.587;;4.583.975;4.534.883;2.446.174;6.750.958;4.066.792;8.919.243;542.244;1.107.235;608.07.00;6.966.077;800.091;9.950.484;8.001.232;5.038.383;6.833.333;9.307.291;8.654.055;4.942.205;2.558.435;5.497.402;8.164.963;00.00;5.260.416;3.255.208;6.015.625;3.385.416;3.151.042;3.776.041;4.832.176;546.875;4.947.917;4.195.602;2.731.481;1.241.319;;2.578.125
219168;01/09/2018 04.48;2.405.382;49.782.990.000.000.000;5.195.312;454.427.070.617.676;6.428.240.966.796.880;6.980.318;1.511.863;1.675.347;1.619.647;15.053.529.999.999.900;4.470.821;4.281.372;36.594.879.999.999.900;13.086.960.000.000.000;4.207.541;;4.617.024;4.692.424;26.302.369.999.999.900;6.761.176;4.062.058;8.953.274;5.411.664;1.106.122;6.113.223;7.040.558;8.027.034;9.940.598;7.998.275;4.982.039;6.532.407;8.916.666;9.092.310.000.000.000;483.014;2.533.848;531.326;8.114.056;00.00;53.645.830.000.000.000;3.151.042;609.375;3.307.291;315.104.160.308.838;3.776.041;4.832.176;52.662.040.000.000.000;48.900.459.999.999.900;4.166.667;280.382;1.186.343;;2.581.018
219169;01/09/2018 04.49;2.404.398;4.973.958;5.190.972;4.544.271;6.381.944.580.078.130;6.857.587;15.010.129.999.999.900;1.670.284;1.624.711;1.516.204;44.941.829.999.999.900;4.282.385;3.722.651;1.310.724;4.177.725;;4.608.701;4.448.215;2.342.743;6.777.805;4.049.707;9.018.037;5.385.718;1.112.818;6.099.974;7.041.064;801.248;11.259.460.000.000.000;8.058.083;4.997.962;6.939.814;9.145.833;8.820.173;4.807.628;2.548.701;5.593.537;8.331.389;00.00;55.208.330.000.000.000;3.098.958;6.171.875;3.385.416;3.151.042;3.802.083;4.803.241;5.092.593;48.900.459.999.999.900;4.166.667;2.864.583;1.134.259;;2.572.338
219170;01/09/2018 04.50;24.004.630.000.000.000;49.782.990.000.000.000;5.195.312;45.529.509.999.999.900;6.354.166;6.866.814.000.000.000;1.511.863;1.670.284;162.037;1.508.247;4.549.438;42.725.629.999.999.900;37.694.179.999.999.900;130.826;4.208.726;;4.609.124;4.658.804;25.931.919.999.999.900;6.754.808;4.053.001;889.562;5.401.511;1.106.265;6.075.669;6.986.244;8.025.888;1.182.503;8.154.005;4.656.257;7.046.296;8.619.791;8.839.176;4.789.168;2.567.626;5.459.074;8.177.505;00.00;5.572.916;3.046.875;6.119.791;34.375;31.25.00;3.802.083;4.803.241;4.947.917;48.900.459.999.999.900;41.087.959.999.999.900;2.922.454;1.076.389;;2.601.273
219171;01/09/2018 04.51;2.406.366;49.782.985.687.255.800;5.203.993;45.529.510.498.046.800;6.250.752;6.936.791;150.897;1.670.284;162.037;1.508.247;45.544.109.999.999.900;42.607.490.000.000.000;3.688.474;1.295.858;4.204.081;;4.637.915;4.687.311;26.031.560.000.000.000;6.759.442;4.056.636;8.981.838;5.422.231;11.073.239.999.999.900;6.082.997;696.946;8.011.277;1.174.983;7.893.603;4.880.708;7.046.296;8.937.499;8.939.877;4.790.194;2.586.998;5.559.314;8.197.286;00.00;5.572.916;31.25.00;61.458.330.000.000.000;34.375;312.499.980.926.514;3.776.041;474.537;4.803.241;48.900.459.999.999.900;41.087.959.999.999.900;2.983.217;104.456;;2.635.995
219172;01/09/2018 04.52;2.396.528;49.782.985.687.255.800;5.203.993;45.529.510.498.046.800;6.297.454;6.804.958;1.511.863;166.522;1.623.987;1.508.247;4.552.336;42.274.029.999.999.900;373.269;1.310.079;4.202.531;;4.629.524;4.651.341;2.574.249;6.748.029;4.056.743;8.958.484;5.408.154;1.106.859;6.108.361;6.977.917;8.016.809;11.770.819.999.999.900;7.818.639.999.999.990;4.863.405;6.925.926;9.020.833;8.754.058;476.851;25.246.200.000.000.000;5.608.315;8.294.807;00.00;5.494.791;3.255.208;6.171.875;3.411.458;312.499.980.926.514;3.776.041;46.875;4.658.565;48.900.459.999.999.900;4.166.667;30.266.200.000.000.000;1.027.199;;2.609.954
219173;01/09/2018 04.53;2.404.398;49.782.985.687.255.800;5.195.312;45.529.510.498.046.800;629.785.888.671.875;6.953.883;1.493.779;1.670.284;16.124.129.999.999.900;150.897;4.472.193;423.965;36.990.759.999.999.900;1.318.525;4.218.225;;468.325;4.518.924;24.183.380.000.000.000;6.761.376;4.069.824;8.992.019;5.419.772;1.110.163;6.095.966;6.992.439.999.999.990;8.018.378;1.169.492;7.973.107;4.948.329;6.689.814;9.223.958;8.986.571;4.732.572;2.519.525;5.508.414;8.217.777;00.00;54.427.080.000.000.000;3.411.458;6.171.875;3.359.375;31.25.00;37.05.00;4.658.565;4.542.824;49.189.820.000.000.000;416.666.679.382.324;2.991.898;1.009.838;;2.563.658
219174;01/09/2018 04.54;2.402.431;49.782.985.687.255.800;51.953.121.185.302.700;45.529.510.498.046.800;6.292.824;6.892.751;150.897;166.522;162.037;1.508.247;4.369.677;4.167.066;3.705.805;13.083.210.000.000.000;4.207.939;;46.638.599.999.999.900;4.632.916;2.566.334;6.754.562;4.052.316;8.923.654;5.413.593;1105.01.00;6.107.597;7.013.914;8.039.132;1.180.183;8.095.876;4.910.704;6.856.481;8.723.958;9.205.924;4.755.299;2.528.888;5.438.484;8.270.461;00.00;5.338.541;3.489.583;6.119.791;3.307.291;3.151.042;3.776.041;462.963;44.560.179.999.999.900;5.034.722;416.666.679.382.324;2.922.454;1.001.157;;2.531.829
219175;01/09/2018 04.55;24.004.630.000.000.000;49.782.985.687.255.800;5.195.312;45.529.510.498.046.800;6.359.954;6.871.531.999.999.990;150.897;1.670.284;161.603;1.506.076;4.299.492;4.197.721;3.676.552;1.325.296;4.209.731;;4.646.717;4.592.207;2.511.405;6.775.677;405.499;8.929.542;5.415.968;11.110.919.999.999.900;6.101.943;6.945.764;7.989.855;1.173.232;8.003.918;4.975.649;700.00.00;9.135.416;9.048.916;4.804.498;2.523.577;5.522.065;8.327.483;00.00;5.234.375;3.515.625;61.458.330.000.000.000;3.255.208;315.104.160.308.838;3.776.041;4.542.824;4.369.213;5.092.593;416.666.679.382.324;2.881.945;9.809.028;;2.517.361
219176;01/09/2018 04.56;2.406.366;49.782.985.687.255.800;5.203.993;45.529.510.498.046.800;6.353.009;667.211;15.198.210.000.000.000;1.670.284;1.610.966;15.053.529.999.999.900;41.952.420.000.000.000;41.755.109.999.999.900;3.673.853;13.077.960.000.000.000;4.199.782;;4.637.695;4.598.696;2.517.868;6.744.733;4.062.523;8.913.541;5.401.994;1.107.566;6.091.457;7.014.218;7.974.905;1.167.639;7.860.209;4.963.814;6.782.407;8.890.624;8.920.633;4.808.171;2.548.757;5.569.119;8.283.286;00.00;5.182.291;3.515.625;61.458.330.000.000.000;3.229.166;315.104.160.308.838;3.776.041;5.324.074;4.311.343;5.208.333;416.666.679.382.324;2.879.051;9.664.352;;250.00.00
219177;01/09/2018 04.57;2.396.528;49.782.985.687.255.800;5.203.993;45.529.510.498.046.800;6.318.287;6.572.146;151.548;166.522;1.605.903;1.506.076;429.098;4.171.062;36.829.609.999.999.900;130.037;4.216.536;;4.661.232;4.593.093;2.499.493;6.764.564;4.053.568;8.944.584;5.417.318;1.107.197;6.064.738;6.982.767;8.024.063;1.166.346;7.867.236;5.022.236;662.05.00;8.906.249;8.723.367;4.769.531;2.547.311;5.721.562;8.592.280.000.000.000;00.00;5.078.125;3.567.708;609.375;3.177.083;315.104.160.308.838;3.776.041;44.560.179.999.999.900;4.253.472;5.324.074;4.166.667;2.876.158;9.664.352;;2.479.745
219178;01/09/2018 04.58;2.405.382;49.782.990.000.000.000;5.208.333;45.529.510.498.046.800;6.252.314.453.125;6.533.216;15.053.529.999.999.900;1.670.284;1.614.583;1.511.863;4.257.233;41.192.840.000.000.000;36.638.940.000.000.000;129.815;4.216.536;;4.661.232;4.593.093;2.499.493;6.764.564;4.053.568;8.944.584;5.417.318;1.107.197;6.064.738;6.982.767;8.024.063;1.166.346;7.867.236;5.022.236;662.05.00;8.906.249;8.723.367;4.769.531;2.547.311;5.721.562;8.592.280.000.000.000;00.00;4.973.958;3.645.833;6.015.625;31.770.832.061.767.600;3.151.042;3.776.041;4.369.213;4.195.602;546.875;4.195.602;2.864.583;9.606.481;;2.488.426
219179;01/09/2018 04.59;2.402.431;4.986.979;5.203.993;45.529.510.498.046.800;629.861.083.984.375;6.528.059;150.897;1.670.284;1.610.966;1.511.863;4.191.066;4.066.892;3.607.864;13.047.039.999.999.900;4.201.943;;463.978;4.710.694;2.629.053;6.781.318;4.043.681;8.964.611;5.404.593;1110.02.00;6.113.609;7.003.883;7.993.263;1.164.399;7.984.622;5.077.679;6.712.963;8.968.749;9.064.754;4.728.913;2.454.319;539.033;8.288.613;00.00;50.00.00;3.541.666;5.885.416;3.177.083;3.177.083;3.776.041;4.340.278;4.166.667;5.613.426;41.956.016.540.527.200;2.879.051;9.548.611;;2.491.319
219180;01/09/2018 05.00;2.406.366;4.986.979;5.208.333;45.529.509.999.999.900;636.342.590.332.031;6.198.794;150.897;166.522;1.619.647;1.511.863;4.196.978;41.240.559.999.999.900;3.567.147;13.116.729.999.999.900;4.193.123;;4.637.181;4.592.524;2.488.253;6.751.038;40.531.699.999.999.900;8.900.408;5.412.016;1.106.123;6.097.493;702.22.00;8.010.585;1.161.372;8.134.822;5.084.906;6.805.555;8.874.999;8.999.905;4.666.551;2.383.745;5.331.422;8.164.851;00.00;5.078.125;3.385.416;56.25.00;322.916.641.235.352;3.151.042;3.776.041;4.340.278;4.195.602;5.613.426;4.195.602;2.884.838;9.577.546;;2.531.829
219181;01/09/2018 05.01;2.406.366;4.986.979;5.208.333;45.529.509.999.999.900;636.342.590.332.031;6.198.794;150.897;166.522;1.619.647;1.511.863;4.196.978;41.240.559.999.999.900;3.567.147;13.116.729.999.999.900;4.193.123;;4.637.181;4.592.524;2.488.253;6.751.038;40.531.699.999.999.900;8.900.408;5.412.016;1.106.123;6.097.493;702.22.00;8.010.585;1.161.372;8.134.822;5.084.906;6.805.555;8.874.999;8.999.905;4.666.551;2.383.745;5.331.422;8.164.851;00.00;5.078.125;3.385.416;56.25.00;322.916.641.235.352;3.151.042;3.776.041;4.340.278;4.195.602;5.613.426;4.195.602;2.884.838;9.577.546;;2.531.829
219182;01/09/2018 05.02;2.396.528;49.869.789.123.535.200;520.833.320.617.676;4.557.291;6.385.416;6.000.581;151.548;166.522;162.037;1.511.863;4.059.952;4.118.084;34.781.940.000.000.000;1.310.282;4.210.082;;4.661.171;4.657.597;2.578.608;6.757.537;4.062.754;8.920.131;5.453.539;1.107.938;6.090.195;6.973.046;7.977.012;1.161.323;7.912.361;5.088.198;6.754.630.000.000.000;9.218.749;9.200.302;4.771.756;2.398.505;5.188.698;8.097.305;00.00;5.078.125;328.125;54.427.080.000.000.000;3.229.166;31.25.00;37.05.00;4.398.148;4.224.537;552.662;42.245.368.957.519.400;2.896.412;9.461.806;;2.560.764
219183;01/09/2018 05.03;2.406.366;49.869.789.123.535.200;520.833.320.617.676;45.572.914.123.535.200;6.327.546;62.494.069.999.999.900;1.511.863;166.522;16.124.129.999.999.900;15.053.529.999.999.900;4.065.334;4.099.374;3.360.145;1.308.024;4.213.982;;4.592.985;4.689.851;2.621.295;6.750.693;4.062.444;8.935.512;541.246;1.107.145;6.092.924;7.051.973;7.987.486;1.165.126;8.004.578;5.143.514;6.768.519;8.963.541;9.241.989;4.891.244;2.420.097;5.182.485;7.977.252;00.00;5.078.125;3.229.166;53.645.830.000.000.000;3.177.083;31.25.00;3.697.916;44.849.540.000.000.000;4.195.602;5.497.685;4.253.472;2.896.412;931.713;;2.563.658
219184;01/09/2018 05.04;240.735;49.869.789.123.535.200;5.208.333;45.572.914.123.535.200;6.284.722;6.244.351.999.999.990;150.897;166.522;161.603;1.508.247;4.172.596;40.668.620.000.000.000;3.229.756;13.095.460.000.000.000;4.227.549;;4.636.235;472.796;2.656.229;6.777.258;4.053.199;8.961.389.999.999.990;5.408.688;1.108.164;6.110.441;7.027.637;8.010.646;11.580.410.000.000.000;7.874.018;4.912.699;6.893.519;9.161.458;8.987.158;4.760.353;2.375.629;5.212.023;8.070.098;00.00;5.104.166;3.229.166;5.390.625;3.151.042;3.098.958;3.671.875;462.963;4.224.537;546.875;42.534.721.374.511.700;2.899.305;9.259.259;;2.572.338
219185;01/09/2018 05.05;2.401.447;49.869.789.123.535.200;5.203.993;45.572.914.123.535.200;6.321.759.033.203.130;5.949.531.999.999.990;150.897;1.675.347;1.632.668;15.053.529.999.999.900;4.212.472;40.865.120.000.000.000;3.151.465;1.304.693;4.204.965;;4.570.805;4.558.847;24.556.259.999.999.900;6.755.598;4.054.937;8.922.563;5.399.913;1.103.859;6.053.604;6.961.465;7.919.647;1158.45.00;7.780.482;5.026.881;7.111.111;9.177.083;9.138.054;4.922.725;2.349.604;5.202.143;8.127.256;00.00;5.104.166;3.151.042;5.338.541;315.104.160.308.838;3.098.958;3.645.833;48.900.459.999.999.900;4.253.472;5.381.944;42.534.721.374.511.700;2.928.241;9.143.519;;2.572.338
219186;01/09/2018 05.06;2.406.366;49.869.789.123.535.200;520.399.284.362.793;45.572.914.123.535.200;6.327.546;585.315;151.548;166.522;16.030.089.999.999.900;1.511.863;4.172.916;41.299.479.999.999.900;317.224;13.064.810.000.000.000;4.206.898;;4.583.169;4.647.479;2.555.707;6.774.116;4.060.739;8.949.779;5.421.564;1.107.688;6.096.777;6.996.477;7.984.545;1.149.046;7.982.698;5.099.648;6.689.814;9.536.458;9.107.914;4.847.794;2.395.164;5.157.664;7.985.017;00.00;5.078.125;3.098.958;53.645.830.000.000.000;3.151.042;31.25.00;3.671.875;5.121.528;4.253.472;5.353.009;4.253.472;2.925.347;9.085.648;;2.578.125
219187;01/09/2018 05.07;2.399.479;49.869.789.123.535.200;5.203.993;45.572.914.123.535.200;6.314.814;5.754.993;151.548;166.088;161.603;15.053.529.999.999.900;4.167.736;408.847;31.985.540.000.000.000;1.306.035;4.202.624;;4.599.253;4.734.667;2.673.343;6.787.142;4.062.069;8.961.355;5.435.703;1.108.068;6.138.536;6.988.465;8.005.286;1.148.881;8.102.114;4.993.517;6.810.185;9.197.916;9.062.072;4.891.884;2.397.929;5.202.164;7.970.248;00.00;4.973.958;3.098.958;5.390.625;3.177.083;312.499.980.926.514;3.671.875;5.381.944;4.340.278;5.324.074;4.224.537;29.195.599.999.999.900;8.969.906.999.999.990;;2.563.658
219188;01/09/2018 05.08;2.406.366;49.869.789.123.535.200;5.208.333;45.572.914.123.535.200;636.111.083.984.375;58.517.880.000.000.000;151.548;166.522;16.124.129.999.999.900;1.508.247;4.239.908;410.688;3.196.221;1.307.785;4.200.025;;4.637.871;4.636.137;25.518.549.999.999.900;6.777.003;4.050.809;8.962.473;5.434.926;11.079.189.999.999.900;6.133.311;7.010.656;8.005.443;1150.91;7.887.581;4.956.948;687.05.00;8.864.583;9.100.652;49.130.800.000.000.000;2.443.099;5.186.326;7.996.661;00.00;4.921.875;3.020.833;546.875;31.770.832.061.767.600;31.25.00;3.671.875;5.642.361;4.513.889;5.324.074;42.245.368.957.519.400;2.922.454;9.027.778;;255.787
219189;01/09/2018 05.09;2.402.431;49.869.789.123.535.200;520.833.320.617.676;45.572.914.123.535.200;6.358.796;596.296;150.463;1.670.284;1.610.966;1.508.247;4.305.612;4.137.022;3.225.953;12.728;4.189.911;;4.611.438;4.668.665;259.691;6.745.624;4.067.517;8.936.615;5.441.121;11.095.330.000.000.000;6.094.901;6.973.198;8.008.306;1.142.558;7.929.965;4.908.147;7.023.148;9.453.124;9.199.297;4.847.994;2.486.433;533.076;7.999.803;00.00;4.817.708;3.020.833;5.572.916;3.177.083;3.098.958;3.697.916;59.317.130.000.000.000;4.803.241;5.353.009;4.224.537;2.957.176;9.519.676;;2.563.658
219190;01/09/2018 05.10;24.004.630.000.000.000;49.869.789.123.535.200;520.833.320.617.676;4.557.291;6.212.963;6.037.549;151.548;1.670.284;161.603;1.508.247;4.395.399.999.999.990;41.528.259.999.999.900;32.390.159.999.999.900;1.283.325;41.930.300.000.000.000;;4.610.563;4.538.912;2.436.636;6.683.985;4.024.519;8.804.597;5.335.476;1.090.428;5.969.062;6.802.803;7.748.907;1.137.191;7.935.079;4.988.821;6.907.407;8.619.791;9.020.382;4.878.219;2.447.065;5.388.109;8.010.082;00.00;4.791.666;3.046.875;578.125;3.229.166;31.25.00;37.05.00;6.134.259;5.034.722;5.381.944;4.195.602;296.875;9.895.834;;2.543.403
219191;01/09/2018 05.11;2.406.366;49.869.789.123.535.200;520.833.320.617.676;4.561.632;636.111.083.984.375;6.339.645;15.010.129.999.999.900;166.522;1.614.583;1.511.863;45.194.109.999.999.900;4.156.641;3.212.754;12.590.060.000.000.000;4.211.332;;4.673.154;4.645.666;2.571.893;6.803.586;4.064.214;8.977.722;5.457.046;1.115.983;6.126.782;7.070.912;8.019.612;1.136.015;8.086.483;4.998.677;6.916.666;9.036.458;903.243;4.713.918;2.209.028;4.939.419;7.873.175;00.00;4.739.583;3.098.958;609.375;322.916.641.235.352;31.25.00;3.776.041;6.278.935;5.121.528;5.324.074;41.956.016.540.527.200;2.971.643;1.018.519;;2.546.296
219192;01/09/2018 05.12;24.004.630.000.000.000;49.869.789.123.535.200;520.833.320.617.676;456.163.177.490.234;6.314.814.453.125;63.618.019.999.999.900;1.511.863;1.670.284;1.610.966;15.053.529.999.999.900;4.541.833;4.175.085;3.250.209;12.838.189.999.999.900;4.222.287;;4.636.154;4.653.183;2.573.846;6.783.058;404.342;8.993.188;5.444.278;1.111.161;6.109.196;7.034.689;8.009.534;1.124.103;7.978.222;4.929.298;6.763.889;9.380.208;918.515;4.693.128;2.252.316;4.991.285;7.894.406;00.00;4.739.583;31.25.00;63.020.830.000.000.000;322.916.641.235.352;3.151.042;3.828.125;62.05.00;5.208.333;5.324.074;41.956.016.540.527.200;2.983.217;1.067.708;;2.546.296
219193;01/09/2018 05.13;2.402.431;49.869.789.123.535.200;520.833.320.617.676;456.163.177.490.234;6.269.676;6.459.196;150.463;166.522;161.603;1.508.247;46.526.709.999.999.900;4.205.023;3.338.445;1.272.242;4.208.914;;4.661.951;4.595.822;2.505.171;6.784.058;404.767;8.986.513;5.411.899;11.083.410.000.000.000;6.112.198;6.991.506;7.986.749;11.226.860.000.000.000;8.102.995;4.803.406;6.902.778;9.177.083;9.186.441;4.860.305;2.350.698;5.163.004;8.116.955;00.00;4.739.583;3.151.042;6.484.375;3.229.166;3.151.042;3.828.125;619.213;5.121.528;541.088;41.956.016.540.527.200;2.991.898;1.114.005;;2.505.787
219194;01/09/2018 05.14;2.406.366;4.986.979;520.833.320.617.676;456.163.177.490.234;6.355.729;6.651.100.000.000.000;15.198.210.000.000.000;166.522;162.037;15.053.529.999.999.900;4.679.385;4.253.999;3.423.045;1.292.034;4.217.324;;4.645.273;4.595.065;2.507.658;6.760.474;4.048.987;8.929.777;5.431.191;1.106.167;609.84;7.014.964;7.988.261;1.120.796;8.111.752;4.953.392;6.569.445;9.333.333;8.959.786;4.848.431;2.396.953;5.166.882;7.928.931;00.00;4.791.666;31.25.00;6.510.416;3.177.083;3.177.083;3.828.125;6.134.259;4.976.852;56.712.959.999.999.900;41.956.016.540.527.200;2.983.217;1.145.833;;2.462.384
219195;01/09/2018 05.15;2.399.479;4.991.319;520.833.320.617.676;456.163.177.490.234;6.354.166;6.501.343;150.897;1.675.347;1.629.051;15.053.529.999.999.900;4.831.977;426.337;3.362.904;1.280.555;4.200.796;;4.634.413;454.657;2.443.366;6.791.239.999.999.990;4.063.203;8.962.078;5.417.273;1.111.009;611.797;7.031.454;8.038.792;1.113.555;8.119.886;5.132.667;6.810.185;8.953.124;9.137.321;4.896.153;2.429.628;5.293.931;8.171.439.999.999.990;00.00;4.817.708;3.098.958;640.625;31.770.832.061.767.600;31.770.832.061.767.600;3.880.208;6.076.389;4.832.176;59.606.480.000.000.000;4.195.602;2.948.495;1.171.875;;244.213
219196;01/09/2018 05.16;2.406.366;499.131.927.490.234;520.833.320.617.676;456.163.177.490.234;628.125;6.429.151;151.548;1.670.284;1.614.583;1.511.863;4.906.525;4.246.934;3.410.934;12.277.289.999.999.900;4.204.969;;4.635.199;4.659.404;25.764.099.999.999.900;6.757.314;4.065.021;8.953.439;5.445.051;1.107.472;6.089.416;7.012.699;7.987.231;1.106.662;7.877.272;5.237.504;6.578.704;9.265.624;9.015.623;4.868.589;2.485.272;5.312.986;7.945.226;00.00;4.817.708;3.046.875;6.354.166;3.177.083;31.770.832.061.767.600;3.880.208;59.895.830.000.000.000;474.537;619.213;4.166.667;2.884.838;1.171.875;;2.413.194
219197;01/09/2018 05.17;24.004.630.000.000.000;499.131.927.490.234;520.833.320.617.676;456.163.177.490.234;6.340.278;6.454.768;150.897;166.522;1.614.583;15.010.129.999.999.900;50.181.059.999.999.900;4.243.649;344.532;1.302.068;42.061.800.000.000.000;;4.595.639;4.698.064;2.624.722;6.763.821;4.058.767;8.896.902;5.429.091;1.109.854;6.101.825;6.997.086;8.005.895;1096.55.00;7.978.554;4.889.125;6.592.593;8.666.666;9.100.859;4.821.433;2.510.924;5.502.139;8.061.916;00.00;4.791.666;2.994.792;63.802.080.000.000.000;3.229.166;3.177.083;390.625;5.902.778.000.000.000;462.963;62.05.00;4.224.537;2.890.625;1.168.981;;2.387.153
219198;01/09/2018 05.18;24.004.630.000.000.000;499.131.927.490.234;520.833.320.617.676;456.163.177.490.234;6.314.814;6.689.771.999.999.990;15.198.210.000.000.000;1.670.284;162.037;1.508.247;5.106.026;4.244.984;3.509.917;1.308.484;4.195.695;;4.629.743;4.655.163;2.578.043;6.778.447;4.060.937;9.018.277;5.431.181;1.110.194;6.116.115;7.007.698;8.033.267;1.085.805;7.888.526;4.874.945;6.629.630.000.000.000;9.057.291;9.068.662;4.920.414;2.488.388;5.476.235;8.168.911;00.00;4.791.666;2.994.792;640.625;3.177.083;3.229.166;3.932.291;5.700.232;4.658.565;6.278.935;4.311.343;2.922.454;1.145.833;;2.372.685
219199;01/09/2018 05.19;2.402.431;499.131.927.490.234;520.833.320.617.676;456.163.177.490.234;6.368.055;6.935.686;1.511.863;166.522;1.623.264;1.516.204;5.162.815;42.500.440.000.000.000;3.517.942;1.300.869;4.195.545;;4.664.017;4.660.619;2.587.237;6.750.367;4.059.123;8.956.057;5.409.946;1.107.282;6.084.428;6.998.674;7.995.885;1.085.464;7.921.709;4.866.964;6.662.037;9.067.708;8.965.472;4.941.596;2.467.281;5.419.301;8.153.779;00.00;4.791.666;296.875;6.901.041;3.177.083;3.229.166;4.010.416;5.555.556;4.774.306;6.365.741;4.398.148;29.195.599.999.999.900;1.131.366;;2.372.685
219200;01/09/2018 05.20;24.004.630.000.000.000;499.131.927.490.234;5.208.333;456.163.177.490.234;630.943.298.339.844;7.048.336;151.548;1.670.284;16.283.279.999.999.900;1.511.863;51.578.540.000.000.000;4.175.887;3.506.907;13.106.539.999.999.900;421.097;;4.650.822;4.642.939;25.653.099.999.999.900;6.776.483;4.052.756;896.493;5.424.619;1.107.617;6.117.292;6.998.167;7.992.604;1.080.685;7.901.869;4.961.819;7.222.222;8.890.624;9.160.184;489.315;2.506.257;5.448.005;8.193.674;00.00;46.875;2.994.792;7.395.833;3.229.166;3.177.083;421.875;541.088;4.774.306;6.365.741;4.600.694;2.876.158;1.125.579;;2.369.792
219201;01/09/2018 05.21;2.404.398;499.131.927.490.234;52.126.740.000.000.000;456.163.177.490.234;6.269.676;6.993.836.999.999.990;1.511.863;166.522;1.610.966;1.512.587;5.010.007;4.135.479;3.527.021;13.066.510.000.000.000;4.215.589;;4.626.669;4.690.314;2.619.402;6.780.822;4.049.565;8.983.774;5.433.953;1.108.451;6.095.526;6.969.634;7.988.547;10.777.089.999.999.900;7.899.089;4.947.571;6.759.259;9.265.624;8.992.739.999.999.990;4.900.458;2.553.284;5.549.938;8.252.385;00.00;4.557.291;2.994.792;78.125;3.177.083;3.177.083;4.479.166;5.353.009;4.658.565;6.278.935;4.774.306;2.881.945;1.125.579;;2.372.685
219202;01/09/2018 05.22;2.402.431;4.991.319;5.208.333;456.163.177.490.234;6.300.926;7.034.783;150.463;1.670.284;1.623.264;1.508.247;5.109.008;427.762;3.594.373;1.305.247;4.199.511;;4.656.841;4.646.452;2.553.187;6.764.379;4.048.543;8.910.018;5.409.596;1.106.775;6.070.404;6.964.009;7.951.636;10.732.730.000.000.000;7.945.996;4.878.669;6.949.074;8.807.291;9.044.409;4.849.744;2.565.168;5.583.005;8.271.143;00.00;4.453.125;3.020.833;8.333.333;3.151.042;3.229.166;46.875;52.662.040.000.000.000;4.600.694;6.105.324;4.976.852;2.942.708;1.160.301;;2.378.472
219203;01/09/2018 05.23;2.402.431;499.566;520.833.320.617.676;4.561.632;63.113.427.734.375;7.078.735.999.999.990;150.897;166.522;1.623.987;1.508.247;5.189.857;4.265.191;3.500.618;13.057.089.999.999.900;4.203.002;;4.638.046;4.678.282;25.988.580.000.000.000;6.772.729;4.049.166;8.889.699;5.417.242;1.106.781;6.091.171;6.963.839.999.999.990;7.944.478;1.055.131;7.913.718;5.017.887;6.583.333;9.020.833;9.134.272;4.880.221;2.570.613;5.566.973;8.246.272;0.00016629459999999998;4.453.125;3.020.833;9.036.458;315.104.160.308.838;3.229.166;4.869.791;52.662.040.000.000.000;4.513.889;59.606.480.000.000.000;52.662.040.000.000.000;2.986.111;1.189.236;;2.416.088
219204;01/09/2018 05.24;2.404.398;499.565.963.745.117;520.833.320.617.676;4.565.972;6.289.351.806.640.630;6.999.731;150.897;166.522;162.037;150.897;5.258.749;4.264.352;3.456.195;1.305.762;4.219.402;;4.647.563;461.994;2.548.977;6.771.401;4.050.621;8.983.868;5.405.689;1.108.319;6.121.112;6.947.368;8.033.589;1.052.499;815.762;4.994.398;6.907.407;8.682.291;8.953.267;4.869.713;2.581.181;5.567.141;8.386.697;00.00;4.479.166;31.25.00;1.039.062;3.151.042;3.255.208;5.130.208;5.324.074;4.600.694;59.606.480.000.000.000;5.497.685;3.023.727;1.203.704;;2.427.662
219205;01/09/2018 05.25;24.004.630.000.000.000;499.565.963.745.117;520.833.320.617.676;456.597.213.745.117;617.592.590.332.031;6.704.326;15.010.129.999.999.900;1.670.284;161.603;1.511.863;508.918;4.260.335;3.497.275;1.302.828;418.29.00;;4.609.805;4.672.436;25.844.139.999.999.900;675.948;4.074.324;9.021.775;5.422.466;1.106.736;6.159.107;7.008.431;8.016.435;1.059.542;8.020.795;508.686;6.777.778;9.083.333;8.992.767;4.689.016;2.521.357;5.480.526;8.180.826;0.12600039999999998;4.427.083;3.229.166;1.130.208;3.229.166;3.255.208;55.208.330.000.000.000;5.381.944;4.600.694;6.134.259;57.002.315.521.240.200;3.035.301;1.183.449;;2.421.875
219206;01/09/2018 05.26;2.404.398;499.565.963.745.117;520.833.320.617.676;456.597.213.745.117;6.350.694.580.078.130;6.630.775;151.548;166.522;161.603;1.508.247;4.969.234;4.299.009;3.524.212;1.303.945;4.187.209;;4.598.163;4.558.519;2.443.969;6.767.588;4.050.926;8.837.907;5.450.634;11.087.939.999.999.900;6.087.097;7.062.228;8.020.811;1.066.329;7.971.584;4.873.171;6.629.630.000.000.000;8.708.333;8.911.649;4.818.542;2.495.011;558.393;8.394.512;00.00;4.322.916;3.229.166;1.109.375;3.359.375;328.125;5.859.375;57.581.019.999.999.900;4.600.694;6.423.611;5.902.778.000.000.000;3.055.555;1.148.727;;2.407.407
219207;01/09/2018 05.27;2.402.431;499.565.963.745.117;520.833.320.617.676;456.597.213.745.117;6.269.676;6.581.438;15.198.210.000.000.000;166.522;162.037;1.493.056;4.781.321;42.746.970.000.000.000;3.617.191;13.073.789.999.999.900;4.197.221;;4.634.387;4.527.044;2.440.271;6.761.545;4.050.083;8.903.873;541.07.00;11.060.339.999.999.900;6.089.788;6.982.781;7.969.060.000.000.000;1.071.605;815.873;5.150.731;6.967.593;8.213.541;9.090.674;4.712.538;2.453.614;5.390.268;8.390.592;00.00;421.875;3.151.042;1.083.333;3.359.375;3.307.291;58.333.330.000.000.000;6.076.389;4.600.694;6.655.093.000.000.000;6.076.389;3.101.852;1.128.472;;2.407.407
219208;01/09/2018 05.28;24.004.630.000.000.000;499.565.963.745.117;520.833.320.617.676;456.597.213.745.117;6.431.713;6.450.912;150.463;166.088;1.638.455;1.511.863;4.513.583;427.782;37.151.720.000.000.000;1.311.876;4.210.375;;4.657.417;4.649.329;2.558.152;6.762.441;4.048.463;8.946.764;5.419.518;11.085.639.999.999.900;6.102.014;7.007.176;7.987.242;1.074.542;7.977.807;5.121.952;6.731.481;8.515.624;9.025.063;4.769.295;2.491.529;5.325.574;8.319.441;00.00;4.140.625;31.25.00;1.039.062;328.125;328.125;5.729.166;6.510.416;4.513.889;6.712.963;59.317.130.000.000.000;3.200.231;1.105.324;;2.416.088
219209;01/09/2018 05.29;2.402.431;499.565.963.745.117;520.833.320.617.676;456.597.213.745.117;6.390.046;6.564.532;1.511.863;166.522;1.619.647;15.198.210.000.000.000;4.424.686;4.289.544;381.956;13.113.489.999.999.900;4.208.735;;4.661.444;467.653;2.596.253;6.790.403;4.062.056;8.952.067;5.445.355;1.110.719;6.157.004;7.023.681;8.050.963;10.762.910.000.000.000;8.063.848;5.029.582;662.05.00;8.958.333;8.841.624;4.765.276;2.478.339;5.456.635;8.254.378;00.00;40.625;3.046.875;100.00.00;3.229.166;325.520.820.617.676;55.208.330.000.000.000;6.944.444;44.849.540.000.000.000;6.712.963;57.870.369.999.999.900;3.324.653;1.085.069;;2.433.449
219210;01/09/2018 05.30;2.402.431;499.566;520.833.320.617.676;456.597.213.745.117;6.369.213;6.538.503;150.897;1.670.284;1.619.647;1.516.204;42.995.709.999.999.900;4.274.341;3.786.493;1.303.311;4.203.396;;4.632.271;4.634.095;2.547.333;6.782.964;4.059.973;890.368;5.420.367;1.106.476;6.106.339;699.905;7.990.492;1.077.072;802.158;4.807.754;6.759.259;9.213.541;9.062.082;4.793.293;2.479.816;5.438.254;8.296.315;1.597.199;4.036.458;3.046.875;953.125;3.151.042;3.229.166;53.645.830.000.000.000;7.118.056;44.560.179.999.999.900;6.568.287;56.423.610.687.255.800;3.376.736;1.061.921;;244.213
219211;01/09/2018 05.31;2.402.431;50.00.00;520.833.320.617.676;456.597.213.745.117;63.425.927.734.375;6.400.896.999.999.990;150.897;1.670.284;16.283.279.999.999.900;1.508.247;4.186.355;42.778.909.999.999.900;3.805.574;1.314.044;4.199.391;;4.665.208;4.633.103;25.313.689.999.999.900;6.763.592;4.047.962;8.976.619;540.627;1.110.685;616.375;6.971.923;8.015.676;1.080.532;7.950.587;4.904.542;6.777.778;9.151.041;8.704.518;4.663.306;2.484.898;5.469.972;827.697;00.00;3.958.333;3.046.875;9.140.625;315.104.160.308.838;3.229.166;5.182.291;7.002.315;4.542.824;6.423.611;5.497.685;3.483.796;1.053.241;;2.436.343
219212;01/09/2018 05.32;2.402.431;499.566;520.833.320.617.676;456.597.213.745.117;6.273.148;6.321.556.999.999.990;150.463;1.670.284;1.610.966;15.169.270.000.000.000;4.297.565;4.230.979;3.839.224;13.008.569.999.999.900;4.196.382;;4.663.716;4.622.454;2.554.805;6.759.888;4.067.445;8.993.225;5.407.988;1.109.146;6.067.189;6.982.908;7.992.388;1.071.661;7.943.062;5.089.062;6.666.666;9.322.916;9.148.031;4.741.288;2.518.568;5.440.983;817.315;00.00;4.036.458;3.098.958;8.619.791;315.104.160.308.838;3.177.083;50.00.00;6.915.509;4.774.306;619.213;5.381.944;3.631.366;1.047.454;;2.416.088
219213;01/09/2018 05.33;2.401.447;50.00.00;5.208.333;456.597.213.745.117;6.355.323;6.198.355;1.511.863;166.522;16.283.279.999.999.900;1.508.247;4.451.697;4.159.711;3.904.201;1.304.032;4.191.036;;4.653.004;4.616.894;2.515.718;6.781.938;4.048.051;8.970.657;5.403.296;1.108.129;6.123.055;700.692;8.027.431;1.075.509;8.133.271;5.198.616;6.976.852;9.062.499;9.031.161;4.664.755;2.572.257;5.616.776;8.332.075;00.00;4.348.958;3.177.083;8.333.333;3.151.042;3.229.166;484.375;6.828.703;4.947.917;59.895.830.000.000.000;52.662.040.000.000.000;3.715.278;1.038.773;;2.404.514
219214;01/09/2018 05.34;2.404.398;50.00.00;5.203.993;4.565.972;6.305.555;6.275.895;150.897;166.522;162.037;15.053.529.999.999.900;447.576;4.131.989;3.836.365;1.302.632;4.218.646;;4.611.689;4.602.672;2.516.737;6.773.669;4.069.123;8.947.247;5.417.554;1.108.372;6.113.627;7.003.353;8.022.608;1.065.635;7.958.326;4.875.646;6.550.926;8.937.499;8.819.158;4.646.552;2.602.124;5.689.432;8.201.619.999.999.990;2.463.616;4.583.333;3.229.166;7.682.291;3.229.166;325.520.820.617.676;4.739.583;6.712.963;4.976.852;5.902.778.000.000.000;5.179.398;3.738.426;1.015.625;;2.421.875
219215;01/09/2018 05.35;24.004.630.000.000.000;50.00.00;5.208.333;4.561.632;6.335.648;6.411.163;15.198.210.000.000.000;166.522;1.610.966;1.511.863;44.821.000.000.000.000;4.053.083;3.703.768;1.303.098;4.206.439;;4.603.707;4.685.009;260.075;6.769.776;4.070.267;8.959.351;5.449.613;11.076.860.000.000.000;6.119.124;7.043.344;8.034.031;1.074.068;8.139.972;5.054.352;6.458.333;8.942.708;8.964.302;4.709.947;2.628.626;5.710.385;8.355.854;00.00;4.713.541;328.125;7.291.666;3.255.208;328.125;4.609.375;6.539.352;4.976.852;5.815.971.999.999.990;5.092.593;375.00.00;1.015.625;;2.462.384
219216;01/09/2018 05.36;2.404.398;50.00.00;5.203.993;456.163.177.490.234;6.378.472;6.488.845;150.897;166.088;16.124.129.999.999.900;1.508.247;449.383;3.990.919;3.673.945;1.307.143;4.203.948;;4.613.903;4.601.386;25.219.970.000.000.000;6.759.860.000.000.000;4.068.748;8.924.333;5.392.981;1.107.828;6.074.427;7.035.414;7.986.963;1.082.865;787.312;480.582;6.597.222;8.749.999;8.879.437;4.642.351;2.553.984;5.621.768;8.361.509;00.00;4.817.708;3.489.583;7.083.333;325.520.820.617.676;328.125;4.479.166;6.278.935;49.189.820.000.000.000;56.712.959.999.999.900;5.034.722;3.796.296;1.012.731;;2.491.319
219217;01/09/2018 05.37;2.402.431;50.00.00;5.208.333;456.163.177.490.234;6.318.287.353.515.630;61.289.469.999.999.900;150.463;166.522;1.623.987;15.053.529.999.999.900;44.773.540.000.000.000;3.917.089;3.660.683;13.015.080.000.000.000;4.206.091;;4.598.658;4.601.574;2.528.991;6.747.667;4.061.363;8.982.103;5.431.205;1.109.576;6.120.057;7.011.577;803.453;1.090.768;8.016.291;4.861.339;711.574;8.927.083;9.020.229;4.721.798;2.447.566;5.564.415;8.359.061;0.1202479;4.817.708;3.489.583;6.692.708;325.520.820.617.676;328.125;4.348.958;6.076.389;4.803.241;552.662;5.034.722;3.854.167;1.027.199;;2.528.935
219218;01/09/2018 05.38;24.004.630.000.000.000;500.868;5.195.312;456.163.177.490.234;6.434.027;61.134.319.999.999.900;150.463;166.088;162.037;1.508.247;43.417.390.000.000.000;3.918.829;3.576.421;1.307.082;4.208.258;;460.651;4.580.162;24.884.180.000.000.000;6.742.041;4.042.405;8.859.871;5.423.651;1.111.022;6.100.494;6.961.099;7.976.141;1.090.597;8.148.945;5.015.135;6.976.852;8.859.374;9.053.605;472.685;2.429.797;5.428.412;8.385.027;00.00;4.739.583;3.385.416;6.432.291;3.255.208;328.125;4.270.833;5.844.906.999.999.990;4.658.565;5.381.944;4.976.852;3.917.824;1.024.306;;255.787
219219;01/09/2018 05.39;2.406.366;500.868;5.203.993;456.163.177.490.234;6.305.555;6.461.829;151.548;1.670.284;1.623.987;1.508.247;42.625.840.000.000.000;3.957.349;3.476.135;1.309.856;4.198.452;;4.678.291;4.725.389;2.672.669;6.759.387;4.061.424;9.013.993;5.433.475;1.109.674;6.086.125;6.970.297;8.002.858;1.093.802;8.043.088;5.018.382;6.560.185;8.932.291;9.026.803;4.949.995;2.437.942;5.290.711;837.03.00;00.00;4.739.583;328.125;6.171.875;3.229.166;3.255.208;4.140.625;5.642.361;4.542.824;52.372.679.999.999.900;48.900.459.999.999.900;3.819.445;1.009.838;;2.581.018
219220;01/09/2018 05.40;24.004.630.000.000.000;499.566;5.195.312;456.163.177.490.234;6.290.509;6.527.526;150.463;166.522;162.037;1.508.247;437.354;4.006.954;33.940.509.999.999.900;130.558;4.197.321;;4.663.788;4.599.294;2.521.492;6.774.066;4.050.068;8.885.494;5.396.299;1.105.131;6.056.669.999.999.990;7.010.485;7.966.443;1090.07.00;8.099.637;5.279.767;6.787.037;9.317.708;8.839.846;4.862.224;24.738.099.999.999.900;5.431.875;8.429.792;00.00;4.791.666;3.307.291;609.375;3.229.166;325.520.820.617.676;40.625;541.088;44.849.540.000.000.000;5.063.657;4.803.241;3.715.278;1.018.519;;2.633.102
219221;01/09/2018 05.41;2.402.431;500.868;5.195.312;456.163.177.490.234;6.277.778;6.425.685;15.198.210.000.000.000;166.088;161.603;1.493.779;4.548.113;4.044.238;3.416.304;1.303.593;4.203.778;;4.612.477;4.591.947;2.498.675;6.769.595;4.047.345;8.934.978;5.410.213;1.108.032;6.057.241;7.006.923;7.983.096;1088.48.00;7.938.062;4.887.644;7.064.814;8.677.083;8.791.332;4.889.817;2.446.711;5.405.523;8.288.373;00.00;484.375;3.385.416;6.119.791;330.729.141.235.352;325.520.820.617.676;4.036.458;52.372.679.999.999.900;44.849.540.000.000.000;4.976.852;4.774.306;365.162;1.090.856;;2.682.292
219222;01/09/2018 05.42;2.406.366;500.868.034.362.793;5.203.993;456.163.177.490.234;6.333.334;6.532.696;151.548;166.522;16.124.129.999.999.900;1.508.247;4.504.937;4.073.958;3.416.325;1.306.453;4.206.651;;4.608.035;4.702.198;26.160.669.999.999.900;6.762.032;404.485;8.964.631;540.113;1.107.276;6.132.292;6.991.655;7.999.648;1.088.406;8.145.522;5.023.796;650.00.00;8.692.708;8.979.357;4.769.803;2.449.529;5.350.762;8.176.287;00.00;484.375;3.515.625;609.375;3.385.416;3.255.208;4.010.416;5.121.528;4.513.889;4.976.852;474.537;3.570.602;1.157.407;;2.748.842
219223;01/09/2018 05.43;2.397.512;500.868;5.195.312;456.163.177.490.234;6.298.611;6.540.858;15.198.210.000.000.000;166.088;1.623.264;15.053.529.999.999.900;445.345;41.305.440.000.000.000;34.533.390.000.000.000;1.302.556;4.193.516;;4.635.908;457.194;2.473.692;6.753.243;4.047.627;8.915.126;5.441.301;11.070.810.000.000.000;6.093.975;7.016.064;7.975.836;1.089.397;8.047.524;5.061.904;6.689.814;8.781.249;8.800.129;4.868.643;2.486.678;5.521.729;8.242.639;00.00;4.817.708;3.619.791;6.171.875;3.411.458;328.125;40.625;5.179.398;44.849.540.000.000.000;4.976.852;4.658.565;3.504.051;1.221.065;;2.780.671
219224;01/09/2018 05.44;240.735;5.017.361;5.203.993;456.163.177.490.234;6.277.778;6.805.389;1.511.863;166.522;1.623.264;1.506.076;4.416.867;4.132.509;3.465.055;1.300.073;4.200.769;;4.606.375;4.532.121;2.442.364;6.760.637;4.071.125;8.891.984;5.404.561;1.107.994;6.106.684;7.003.374;7.997.843;1086.62;8.103.851;5.120.880.000.000.000;699.074;8.854.166;8.840.702;4.760.086;2.533.213;5.511.718;8.216.164;00.00;4.791.666;3.645.833;6.354.166;3.411.458;328.125;40.625;5.324.074;44.560.179.999.999.900;4.947.917;4.600.694;3.405.671;1.270.255;;2.774.884
219225;01/09/2018 05.45;24.004.630.000.000.000;5.013.021;520.399.284.362.793;456.163.177.490.234;626.736.083.984.375;6.696.032;151.548;166.522;1.610.966;1.508.247;433.582;41.295.320.000.000.000;3.427.205;1.298.142;4.223.905;;4.630.181;4.655.554;2.575.279;6.738.427;405.147;8.897.074;5.430.597;1106.07.00;6.080.278;6.980.072;7.993.748;1.087.123;8.077.672;4.691.057;7.194.445;8.942.708;8.904.847;4.723.205;2.511.897;5.531.203;8.153.325;00.00;4.713.541;3.541.666;6.822.916;3.385.416;328.125;40.625;552.662;4.369.213;49.189.820.000.000.000;44.849.540.000.000.000;3.327.546;1.293.403;;27.633.099.999.999.900
219226;01/09/2018 05.46;2.404.398;501.302.070.617.676;5.203.993;456.163.177.490.234;6.280.093;6.865.009;150.463;166.088;1.623.264;1.516.204;4.256.384;4.166.408;3.347.974;1.299.891;4.196.646;;4.650.147;4.618.032;2.526.985;6.742.892;4.050.346;8.913.837;539.911;1.107.065;6.098.574;6.958.011;7.982.877;1.083.519;8.056.064;5.001.076;6.967.593;9.140.624;9.146.204;4.699.206;2.467.667;5.466.614;8.233.025;00.00;46.875;3.411.458;71.875;3.359.375;325.520.820.617.676;4.166.666;5.815.971.999.999.990;4.369.213;48.900.459.999.999.900;4.398.148;3.260.995;1.313.657;;2.731.481
219227;01/09/2018 05.47;2.404.398;501.302.070.617.676;5.190.972;456.163.177.490.234;6.285.880.000.000.000;68.725;151.548;166.522;1.610.966;1.508.247;43.315.690.000.000.000;41.995;3.273.807;1.320.699;4.222.354;;4.640.684;465.587;25.981.080.000.000.000;6.777.360.000.000.000;4.067.831;8.897.167;5.428.896;1.109.028;6.090.041;6.999.571;7.993.151;1084.09.00;8.032.581;5.245.875;661.574;9.098.958;9.110.959;4.697.319;2.406.263;5.475.065;8.248.281;00.00;46.875;3.307.291;7.526.041;328.125;3.229.166;421.875;59.317.130.000.000.000;4.542.824;49.189.820.000.000.000;4.340.278;3.188.658;1.293.403;;27.054.400.000.000.000
219228;01/09/2018 05.48;2.397.512;501.302.070.617.676;5.190.972;456.163.177.490.234;6.322.916.259.765.630;6.988.762;150.897;166.088;1.614.583;15.053.529.999.999.900;43.037.929.999.999.900;4.232.385;31.424.559.999.999.900;13.079.419.999.999.900;420.269;;4.637.045;4.613.736;2.528.083;6.759.037;4.052.562;8.969.569;542.189;1.107.094;6.087.145;7.001.042;7.995.934;1.088.674;8.069.282;5.086.151;7.018.519;8.916.666;9.209.959;4.720.846;2.341.601;5.255.737;8.240.479;00.00;46.875;3.255.208;7.838.541;328.125;322.916.641.235.352;4.296.875;5.815.971.999.999.990;4.832.176;4.947.917;4.253.472;3.130.787;1.258.681;;2.679.398
219229;01/09/2018 05.49;2.406.366;5.013.021;5.203.993;456.163.177.490.234;6.258.102;732.254;151.548;166.088;1.619.647;1.516.204;4.365.169;426.351;30.264;13.124.479.999.999.900;4.209.864;;4.627.769;4.522.314;2.415.003;6.756.664;4.054.462;8.882.413;5.423.011;11.072.939.999.999.900;608.576;7.002.077;8.000.912;1.085.412;793.76;4.864.099;7.069.445;9.239.583;9.166.217;4.715.797;2.389.685;5.203.412;8.118.499;00.00;4.583.333;3.151.042;8.098.958;328.125;322.916.641.235.352;4.348.958;56.712.959.999.999.900;4.976.852;4.947.917;42.245.368.957.519.400;3.096.065;1.215.278;;264.757
219230;01/09/2018 05.50;24.004.630.000.000.000;5.017.361;5.195.312;4.561.632;6.370.746;7.209.711;1.511.863;166.522;1.614.583;15.053.529.999.999.900;4.296.584;42.854.209.999.999.900;2.937.916;130.354;4.206.848;;4.651.335;4.538.242;24.551.990.000.000.000;6.751.772;4.063.681;8.959.391;5.420.057;1108.39.00;6.064.888;7.013.898;8.021.932;1.085.004;8.104.115;5.033.341;6.805.555;9.458.333;9.011.403;4.707.635;2.421.775;5.320.635;8.220.173;00.00;4.453.125;3.046.875;84.375;3.255.208;3.229.166;4.427.083;5.642.361;4.976.852;5.034.722;4.195.602;3.043.981;1.157.407;;2.601.273
219231;01/09/2018 05.51;2.402.431;50.173.610.687.255.800;51.953.121.185.302.700;456.163.177.490.234;6.458.333;7.289.595;15.198.210.000.000.000;166.522;1.623.987;1.508.247;4.288.241;4.293.837;2.949.199;1.301.521;4.194.464;;4.638.383;4.669.858;25.889.159.999.999.900;6.746.143;4.050.276;8.884.644;540.524;1.107.884;612.072;6.954.031;7.977.838;1.082.771;7.957.845;5.073.996;7.092.593;9.453.124;9.003.587;4.742.439;24.390.400.000.000.000;5.427.523;8.210.554;00.00;4.427.083;3.020.833;8.645.833;3.177.083;3.177.083;453.125;5.642.361;5.092.593;4.976.852;41.087.959.999.999.900;3.058.449;1.102.431;;2.543.403
219232;01/09/2018 05.52;2.406.366;50.173.610.687.255.800;51.953.121.185.302.700;456.163.177.490.234;6.365.741;7.249.004.000.000.000;150.897;1.675.347;16.124.129.999.999.900;1.511.863;4.153.868;429.473;29.562.340.000.000.000;1.291.967;4.207.585;;4.585.597;4.696.469;2.624.628;6.740.733;4.062.239;8.968.645;5.404.522;1.105.289;607.155;6.944.386;7.942.573;1076.81;7.846.713;4.896.144;6.879.630.000.000.000;9.401.041;9.235.992;4.943.438;2.417.485;5.377.143;8.203.074;00.00;4.322.916;2.994.792;8.619.791;3.151.042;31.770.832.061.767.600;4.583.333;5.642.361;52.662.040.000.000.000;4.947.917;40.798.610.687.255.800;311.632;1.047.454;;2.491.319
219233;01/09/2018 05.53;2.396.528;50.173.610.687.255.800;5.195.312;456.163.177.490.234;6.280.093;7.018.372;15.198.210.000.000.000;166.522;1.623.987;1.511.863;40.326.809.999.999.900;42.945.159.999.999.900;30.753.390.000.000.000;1.270.599;4.196.518;;4.633.746;4.697.957;2.623.135;6.773.972;4.076.721;8.953.933;5.452.153;1.109.662;6.113.922;6.979.703;8.022.706;1.073.389;7.868.472;5.004.573;6.347.222;9.369.791;9.147.867;4.872.576;2.403.998;5.204.148;8.131.663;00.00;4.270.833;2.994.792;8.333.333;31.25.00;31.770.832.061.767.600;4.583.333;56.712.959.999.999.900;5.353.009;49.189.820.000.000.000;4.050.925.827.026.370;3.139.467;9.953.703;;2.459.491
219234;01/09/2018 05.54;2.404.398;5.017.361;5.190.972;456.163.177.490.234;6.267.361;7.211.803;150.897;166.522;1.631.944;1.508.247;4.049.767;4.270.563;31.755.190.000.000.000;1.246.725;419.901;;4.602.453;46.907.199.999.999.900;2.621.356;6.768.071;4.058.909;8.883.639.999.999.990;5.405.449;1.105.379;6.081.911;6.978.125;7.984.893;1.071.515;7.996.082;4.930.984;6.837.963;9.317.708;9.023.887;4.861.333;2.442.892;5.259.609;803.466;00.00;4.296.875;296.875;8.072.916;3.098.958;31.770.832.061.767.600;4.557.291;5.844.906.999.999.990;5.353.009;49.189.820.000.000.000;4.021.991;3.171.296;9.548.611;;2.398.727
219235;01/09/2018 05.55;2.402.431;50.217.009.999.999.900;519.097.213.745.117;456.163.177.490.234;6.414.352;7.230.022;150.897;166.522;1.619.647;15.053.529.999.999.900;41.738.620.000.000.000;4.246.866;32.974.470.000.000.000;1.242.861;4.200.622;;4.631.789;4.548.155;24.627.470.000.000.000;6.766.666;4.057.107;8.957.946;541.444;1.106.476;609.201;6.977.167;7.981.373;1.064.194;8.033.818;4.906.017;6.949.074;9.359.374;9.114.677;489.284;2.415.939;5.257.815;8.128.847;1.207.333;4.322.916;2.994.792;765.625;3.098.958;3.177.083;4.479.166;59.606.480.000.000.000;5.208.333;49.189.820.000.000.000;396.412;3.179.977;93.75;;234.375
219236;01/09/2018 05.56;24.004.630.000.000.000;50.217.010.498.046.800;519.097.213.745.117;4.561.632;6.358.391;7.293.776;1.511.863;166.522;1.614.583;15.053.529.999.999.900;4.275.029;42.533.970.000.000.000;3.345.588;1.218.411;4.208.752;;4.630.035;4.696.669;26.042.509.999.999.900;6.777.543;4.059.507;8.931.044;5.430.812;11.082.069.999.999.900;6.100.529;695.573;8.056.415;1.061.562;8.050.485;500.31.00;6.814.814;9.145.833;9.008.275;4.826.585;24.597.400.000.000.000;5.314.013;8.138.161;00.00;4.401.041;3.020.833;7.135.416;31.25.00;3.229.166;4.401.041;6.105.324;5.092.593;49.189.820.000.000.000;3.935.185;3.093.171;9.259.259;;2.303.241
219237;01/09/2018 05.57;2.404.398;50.217.010.498.046.800;519.097.213.745.117;4.557.291;6.297.454;7.235.049.000.000.000;151.548;166.522;1.614.583;1.516.204;4.295.513;4.253.692;3.393.522;12.433.860.000.000.000;4.198.145;;4.664.944;4.705.066;2.639.703;6.791.617;4.046.288;8.948.118;5.436.987;1.106.697;6.121.891;6.998.166;7.976.161;1.058.632;7.949.659;5.056.698;6.675.926;9.244.791;9.088.984;4.932.722;2.358.174;511.176;8.001.542;00.00;4.401.041;3.098.958;6.666.666;31.25.00;3.255.208;4.296.875;6.336.805;49.189.820.000.000.000;49.189.820.000.000.000;3.935.185;3.000.579;9.114.584;;2.259.838
219238;01/09/2018 05.58;2.397.512;50.217.010.498.046.800;519.097.213.745.117;45.572.914.123.535.200;634.027.770.996.094;6.913.041;1.511.863;166.522;1.610.966;15.053.529.999.999.900;4.352.713;4.221.151;3.323.827;1.269.689;4.211.984;;4.648.213;4.653.155;2.579.814;6.775.548;4.049.871;894.617;5.431.675;1.103.984;6.069.031;6.948.273;7.930.776;1.056.303;7.942.288;4.993.731;6.972.222;9.119.791;8.862.986;4.927.229;2.351.374;5.190.573;7.967.761;00.00;4.479.166;31.25.00;6.484.375;3.151.042;3.255.208;421.875;6.394.676;4.774.306;48.900.459.999.999.900;4.050.926;2.948.495;8.940.972;;2.230.903
219239;01/09/2018 05.59;2.404.398;50.217.010.498.046.800;519.097.213.745.117;45.572.914.123.535.200;6.305.555;6.981.004;151.548;1.670.284;1.610.966;1.511.863;4.376.422;41.978.590.000.000.000;3.374.684;1.286.272;4.207.605;;4.657.906;4.566.082;2.475.701;6.807.896;4.070.641;8.904.904;5.442.667;1.109.238;612.317;7.009.457;8.034.047;10.494.589.999.999.900;810.194;4.979.777;6.814.814;8.572.916;9.058.574;4.946.104;2.373.118;5.194.705;7.989.561;00.00;453.125;31.25.00;65.625;3.151.042;328.125;4.192.708;6.336.805;462.963;48.900.459.999.999.900;4.253.472;2.896.412;8.940.972;;2.228.009
219240;01/09/2018 06.00;24.004.630.000.000.000;50.217.009.999.999.900;519.097.213.745.117;45.572.914.123.535.200;6.239.178;6.966.301;151.548;166.522;1.610.966;1.516.204;4.301.339;4.221.533;3.502.838;1.290.959;4.214.738;;463.293;4.685.238;2.606.523;6.774.331;4.053.969;8.946.707;5.431.152;1108.18.00;6.123.076;7.025.009;7.965.355;1.042.927;7.972.796;4.994.742;6.736.111;8.963.541;8.959.291;4.983.997;2.364.879;5.161.431;7.910.156;00.00;4.583.333;3.177.083;7.838.541;3.177.083;3.307.291;4.296.875;6.105.324;4.369.213;48.900.459.999.999.900;4.947.917;2.925.347;9.751.156.999.999.990;;224.537
219241;01/09/2018 06.01;24.004.630.000.000.000;50.217.009.999.999.900;519.097.213.745.117;45.572.914.123.535.200;6.239.178;6.966.301;151.548;166.522;1.610.966;1.516.204;4.301.339;4.221.533;3.502.838;1.290.959;4.214.738;;463.293;4.685.238;2.606.523;6.774.331;4.053.969;8.946.707;5.431.152;1108.18.00;6.123.076;7.025.009;7.965.355;1.042.927;7.972.796;4.994.742;6.736.111;8.963.541;8.959.291;4.983.997;2.364.879;5.161.431;7.910.156;00.00;4.583.333;3.177.083;7.838.541;3.177.083;3.307.291;4.296.875;6.105.324;4.369.213;48.900.459.999.999.900;4.947.917;2.925.347;9.751.156.999.999.990;;224.537
219242;01/09/2018 06.02;2.405.382;5.030.382;519.097.213.745.117;45.572.914.123.535.200;6.336.805;7.080.604;150.897;166.522;1.614.583;1.508.247;4.219.986;4.205.473;35.597.429.999.999.900;1.296.413;4.207.189;;4.643.312;4.625.858;2.536.782;6.781.243;4.070.918;8.965.103;5.447.555;1.111.234;6.119.767;7.007.936;7.993.785;1.028.038;7.941.658;5.115.307;6.884.259;9.083.333;9.048.648;4.901.596;2.509.864;5.320.891;7.958.685;00.00;4.583.333;3.151.042;8.359.375;3.229.166;3.307.291;4.427.083;5.902.778.000.000.000;4.253.472;49.189.820.000.000.000;52.372.679.999.999.900;2.957.176;1.053.241;;2.230.903
219243;01/09/2018 06.03;24.004.630.000.000.000;503.038.177.490.234;519.097.213.745.117;45.572.914.123.535.200;6.336.805;6.953.355;151.548;1.670.284;1.623.264;1.508.247;4.171.658;4.191.389;3.658.147;12.901;4.206.566;;4.646.248;4.671.001;25.878.520.000.000.000;6.764.591;4.057.696;8.898.467;5.429.764;1.103.907;6.083.849;6.935.211;7.889.743;1.022.012;7.962.848;4.965.276;7.087.963;9.401.041;9.209.955;487.736;2.559.273;5.552.516;8.081.053;00.00;4.609.375;3.151.042;8.489.583;3.229.166;328.125;4.479.166;5.642.361;4.195.602;5.034.722;546.875;2.971.643;1.070.602;;2.219.329
219244;01/09/2018 06.04;2.402.431;503.038.177.490.234;5.190.972;4.557.291;6.361.111;698.728;150.897;1.670.284;16.124.129.999.999.900;1.508.247;4.056.045;4.224.009;3.686.799;1.286.121;4.215.328;;4.657.694;4.670.389;2.581.457;6.807.747;4.053.352;8.946.747;5.454.338;1.111.401;6.119.847;7.051.977;8.056.271;10.199.639.999.999.900;8.040.883;4.852.847;6.583.333;8.744.791;8.708.423;4.640.595;2.446.956;537.509;7.924.819;00.00;4.609.375;31.25.00;8.567.708;3.255.208;328.125;4.479.166;5.497.685;41.087.959.999.999.900;5.179.398;5.555.556;2.991.898;1.105.324;;2.219.329
219245;01/09/2018 06.05;2.404.398;503.038.177.490.234;5.186.632;45.529.509.999.999.900;6.290.509;7.093.604;150.897;1.670.284;1.623.987;1.511.863;4.019.168;420.925;3.648.188;128.801;4.202.565;;46.239.099.999.999.900;4.612.206;2.537.038;678.665;4.051.757;8.928.466;5.421.141;1.109.568;6.086.793;7.008.593;7.977.173;1.014.416;8.023.435;4.985.883;6.699.074;8.776.041;8.708.380.000.000.000;4.610.211;2.474.462;5.338.629;7.933.725;00.00;4.609.375;31.25.00;8.489.583;325.520.820.617.676;328.125;4.479.166;541.088;4.079.861;5.208.333;5.497.685;2.991.898;1.160.301;;2.233.796
219246;01/09/2018 06.06;2.399.479;503.038.177.490.234;5.186.632;45.529.510.498.046.800;6.229.166;7.031.521;14.648.439.999.999.900;166.522;161.603;150.897;4.003.593;4.218.606;3.603.368;129.248;4.191.504;;4.592.126;4.623.079;2.528.536;6.767.606;40.510.699.999.999.900;8.962.723;5.435.526;1.108.567;6.106.693;7.013.068;7.964.387;1.014.814;7.882.169;493.449;687.05.00;8.880.208;8.926.473;4.618.172;2.455.882;5.404.394;7.897.660.000.000.000;00.00;4.609.375;328.125;8.333.333;325.520.820.617.676;328.125;4.453.125;546.875;41.087.959.999.999.900;5.208.333;541.088;2.936.921;1.160.301;;2.291.667
219247;01/09/2018 06.07;2.402.431;5.030.382;5.182.291;45.529.510.498.046.800;6.340.278;7.131.044;14.648.439.999.999.900;166.522;15.653.929.999.999.900;15.053.529.999.999.900;3.933.356;41.497.820.000.000.000;3.468.226;1.290.338;42.043.199.999.999.900;;46.627.099.999.999.900;462.57.00;2.554.912;6.758.477;4.055.847;8.969.299;5.423.077;1.107.914;6.114.438;6.989.889.999.999.990;7.994.226;1.006.316;8.014.553;5.158.445;6.870.369.999.999.990;8.932.291;9.283.168;4.768.474;2.442.545;5.391.317;8.077.516;2.682.793;4.609.375;34.375;8.255.208;3.255.208;328.125;4.427.083;5.613.426;41.087.959.999.999.900;5.179.398;52.662.036.895.752;2.896.412;1.119.792;;2.346.644
219248;01/09/2018 06.08;2.402.431;5.034.722;51.822.914.123.535.200;45.529.510.498.046.800;6.340.278;6.881.486;1.471.354;166.522;15.697.339.999.999.900;1.506.076;4.017.199;416.302;34.294.940.000.000.000;1.296.312;4.206.858;;4.618.069;4.654.836;2.570.347;6.765.703;4.061.205;8.957.222;5.406.096;11.076.689.999.999.900;6.117.012;7.005.123;8.000.737;9.955.295;7.888.179;5.024.538;6.476.852;9.453.124;9.136.932;4.901.179;2.462.387;5.394.502;8.227.386;00.00;46.875;34.375;8.072.916;3.229.166;328.125;4.348.958;5.902.778.000.000.000;4.166.667;5.179.398;5.121.528;2.899.305;1.070.602;;2.361.111
219249;01/09/2018 06.09;2.404.398;503.472.213.745.117;5.182.291;45.529.510.498.046.800;628.125;6.923.337;145.761;166.522;15.740.739.999.999.900;15.053.529.999.999.900;4.076.003;41.067.170.000.000.000;3.269.672;12.918.289.999.999.900;4.206.858;;4.618.069;4.654.836;2.570.347;6.765.703;4.061.205;8.957.222;5.406.096;11.076.689.999.999.900;6.117.012;7.005.123;8.000.737;9.955.295;7.888.179;5.024.538;6.476.852;9.453.124;9.136.932;4.901.179;2.462.387;5.394.502;8.227.386;00.00;4.817.708;3.619.791;8.177.083;322.916.641.235.352;328.125;4.296.875;6.105.324;4.195.602;5.121.528;4.976.852;28.703.700.000.000.000;1.041.667;;2.317.708
219250;01/09/2018 06.10;2.404.398;503.472.213.745.117;5.186.632;45.529.510.498.046.800;6.337.963;6.876.872;145.761;1.675.347;15.653.929.999.999.900;1.508.247;4.199.207;40.938.959.999.999.900;3.245.064;1.298.393;4.210.878;;4.633.306;4.685.425;2.601.032;673.189;4.053.134;8.934.995;5.444.186;1.107.797;6.114.834;6.967.844;8.035.227;9.716.404;7.785.148;505.291;6.638.889;9.317.708;8.922.659;4.834.369;2.523.505;544.989;8.281.410.000.000.000;00.00;4.869.791;3.802.083;8.359.375;3.229.166;328.125;4.270.833;619.213;4.253.472;5.121.528;4.803.241;2.855.903;1.024.306;;2.242.477
219251;01/09/2018 06.11;2.402.431;5.034.722;5.182.291;45.529.510.498.046.800;6.244.213;6.961.665;14.648.439.999.999.900;166.522;15.661.170.000.000.000;1.508.247;4.215.469;4.148.339;31.631.459.999.999.900;1.287.325;4.196.621;;4.632.485;4.546.492;2.447.708;6.750.162;4.055.786;8.951.663;5.438.757;1110.68;6.147.152;7.014.963;8.056.553;9.373.919.999.999.990;8.046.521;5.062.642;6.800.926;9.270.833;9.395.424;4.855.167;2.499.427;5.421.935;8.236.361;00.00;4.869.791;3.958.333;8.255.208;3.255.208;3.307.291;4.296.875;6.134.259;42.534.721.374.511.700;5.121.528;4.658.564.758.300.770;2.789.352;9.837.963;;2.152.778
219252;01/09/2018 06.12;2.404.398;5.052.083;5.186.632;45.529.509.999.999.900;6.412.037.353.515.630;7.032.433;145.761;166.522;1.573.351;1.516.204;4.228.311;4.126.368;31.629;1.296.792;421.195;;4.629.125;4.596.094;2.506.408;675.168;4.062.506;896.945;5.417.572;1.109.762;6.083.427;6.997.162;7.994.296;9.305.072;8.063.331;502.185;6.782.407;8.833.333;9.029.465;4.880.532;2.522.392;5.469.456;8.191.891;5.818.368;4.869.791;4.166.666;8.177.083;3.255.208;330.729.141.235.352;4.296.875;6.134.259;4.253.472;5.092.593;45.138.889.312.744.100;2.690.972;9.548.611;;2.094.907
219253;01/09/2018 06.13;24.004.630.000.000.000;5.039.062;5.186.632;4.544.271;6.346.064;691.731;14.648.439.999.999.900;166.522;15.697.339.999.999.900;1.511.863;4.275.955;41.160.740.000.000.000;31.807.740.000.000.000;1.294.013;421.272;;4.622.699;4.687.199;2.614.385;6.762.108;4.065.699;8.994.652;5.440.107;1.110.248;6.133.384;704.725;8.047.265;9.356.405;789.586;4.849.273;6.851.852;8.984.374;9.013.459;4.782.812;2.513.253;5.442.246;8.174.604;874.811;4.921.875;4.296.875;8.046.875;3.229.166;330.729.141.235.352;4.270.833;6.105.324;4.224.537;5.063.657;4.369.213;2.635.995;9.027.778;;2.071.759
219254;01/09/2018 06.14;2.404.398;50.390.621.185.302.700;5.182.291;454.427.070.617.676;6.355.323;7.008.043;14.539.929.999.999.900;166.522;1.573.351;1.508.247;42.833.220.000.000.000;41.546.279.999.999.900;3.219.793;1.290.499;42.025.699.999.999.900;;4.659.808;4.597.623;2.525.676;676.275;4.066.809;891.579;5.426.356;1.109.763;6.102.372;7.058.064;8.036.006;9.358.572;8.030.655;4.939.042;6.787.037;8.692.708;9.225.729;4.777.023;2.513.212;5.370.398;8.118.455;0.19157079999999999;4.973.958;4.401.041;7.786.458;322.916.641.235.352;3.307.291;421.875;6.105.324;4.166.667;5.034.722;4.224.537;2.546.296;859.375;;2.068.866
219255;01/09/2018 06.15;2.402.431;50.390.621.185.302.700;51.822.914.123.535.200;454.427.070.617.676;6.384.259;7.131.129;1.460.503;166.088;15.617.770.000.000.000;15.053.529.999.999.900;4.276.678;41.44.00;3.154.785;1.281.809;4.213.725;;4.642.286;4.611.602;2.510.464;6.777.147;4.065.392;8.934.103;541.601;1.108.003;608.472;7.024.402;8.020.739;9.283.325;7.932.751;4.856.455;6.777.778;9.526.041;9.023.452;4.903.008;2.529.324;5.463.674;8.113.187;8.367.439;4.973.958;4.453.125;7.421.875;322.916.641.235.352;328.125;4.166.666;62.05.00;4.079.861;4.947.917;41.087.959.999.999.900;2.445.023;8.391.203;;2.071.759
219256;01/09/2018 06.16;2.402.431;50.390.621.185.302.700;51.822.914.123.535.200;454.427.070.617.676;6.350.694.580.078.130;7.140.892;14.677.370.000.000.000;166.088;15.617.770.000.000.000;1.511.863;4.263.187;4.182.391;3.191.603;12.364.289.999.999.900;4.208.864;;4.672.219;4.548.832;2.464.512;6.766.271;4.054.797;8.985.954;5.427.864;1.107.055;6.079.846;6.961.182;8.013.494;9.341.619.999.999.990;8.121.560.000.000.000;4.950.394;6.953.704;8.911.458;9.176.711;4.911.573;2.547.572;5.529.833;8.182.567;00.00;4.869.791;4.270.833;7.291.666;322.916.641.235.352;328.125;4.088.541;6.394.676;4.050.925.827.026.370;4.832.176;4.050.926;2.416.088;8.275.463;;2.060.185
219257;01/09/2018 06.17;2.404.398;50.390.621.185.302.700;5.182.291;454.427.070.617.676;6.280.093;6.995.659;1.460.503;1.670.284;15.653.929.999.999.900;15.198.210.000.000.000;4.349.504;418.334;312.538;12.997.639.999.999.900;4.204.865;;4.624.911;4.654.145;2.578.113;6.769.228;4.053.791;8.928.785;5.436.686;1.108.665;6.095.446;7.015.256;8.064.594;9.583.117;8.039.178;5.053.979;6.791.666;9.270.833;9.037.339.999.999.990;4.772.026;2.574.138;5.486.544;8.212.429;00.00;484.375;4.140.625;8.255.208;3.229.166;3.255.208;40.625;6.510.416;4.021.991;4.774.306;396.412;2.384.259;8.159.722;;2.051.505
219258;01/09/2018 06.18;2.401.447;50.390.621.185.302.700;5.173.611;454.427.070.617.676;6.425.926;6.935.681;14.677.370.000.000.000;166.522;1.553.096;15.010.129.999.999.900;44.281.209.999.999.900;420.976;3.247.971;130.693;4.196.226;;4.610.576;4.664.527;2.566.048;6.749.777;4.065.716;8.936.871;5.403.362;1.107.596;6.070.709;7.040.725;8.009.991;9.620.004;8.008.547;5.126.103;6.722.222;8.859.374;9.049.291;4.862.328;2.558.818;552.816;8.211.172;00.00;4.817.708;3.958.333;9.765.625;3.177.083;325.520.820.617.676;4.296.875;6.568.287;3.935.185;46.875;390.625;2.375.579;8.246.528;;2.025.463
219259;01/09/2018 06.19;2.404.398;5.039.062;5.182.291;4.544.271;6.385.416;6.774.808;14.677.370.000.000.000;166.522;15.697.339.999.999.900;1.511.863;4.349.471;4.232.142;3.276.717;130.436;4.198.723;;4.644.701;4.606.517;2.521.137;6.738.279;4.067.038;8.936.879;5.446.876;11.078.310.000.000.000;6.118.278;6.963.004;8.029.772;9.653.276;8.075.998;4.911.759;6.513.889;8.307.291;8.923.923;4.741.812;2.599.848;5.498.076;8.214.856;00.00;4.713.541;3.880.208;1.054.687;3.151.042;325.520.820.617.676;4.661.458;6.539.352;390.625;46.875;3.877.315;239.294;8.304.398;;1.970.486
219260;01/09/2018 06.20;2.404.398;50.434.020.000.000.000;5.173.611;453.993;6.310.186;6.843.156;146.629;166.088;15.617.770.000.000.000;1.511.863;4.294.028;42.372.479.999.999.900;3.204.211;12.929.969.999.999.900;4.209.698;;4.618.211;4.622.477;2.529.925;6.765.467;4.060.487;8.944.435;5.396.884;1106.33.00;6.087.726;7.013.809;7.998.716;9.659.019.999.999.990;8.003.019;4.851.494;6.583.333;8.552.083;907.367;473.702;256.183;5.555.396;823.42.00;00.00;4.661.458;37.05.00;1.072.917;3.151.042;325.520.820.617.676;4.921.875;6.336.805;3.877.315;474.537;3.877.315;2.433.449;8.275.463;;1.921.296
219261;01/09/2018 06.21;24.004.630.000.000.000;50.434.024.810.790.900;5.173.611;453.993.034.362.793;6.278.935.546.875;6.937.977;145.761;166.088;1.570.457;15.010.129.999.999.900;4.270.255;4.228.569;3.190.333;1.303.786;4.204.492;;4.661.388;4.650.989;25.575;6.772.441;4.061.893;8.912.861;5.414.589;11.080.439.999.999.900;6.091.373;696.755;798.425;965.936;7.999.119;5.115.599;6.439.814;7.807.291;8.911.947;4.737.483;2.582.873;560.695;8.217.485;00.00;4.583.333;3.567.708;1.057.292;31.25.00;325.520.820.617.676;4.947.916;60.474.540.000.000.000;3.819.444;4.803.241;3.819.444;2.514.468;8.246.528;;192.419
219262;01/09/2018 06.22;2.404.398;50.434.024.810.790.900;5.182.291;453.993.034.362.793;6.289.351.806.640.630;6.890.486.999.999.990;14.677.370.000.000.000;1.670.284;1.576.968;15.053.529.999.999.900;4.214.398;42.086.220.000.000.000;3.212.668;1.303.619;4.218.843;;462.546;4.689.248;2.601.925;6.766.135;4.054.219;8.927.386;5.402.091;1.107.866;6.086.824;700.502;7.959.194;9.645.327;8.057.012;4.946.915;6.754.630.000.000.000;8.468.749;8.728.497;4.772.834;2.514.996;5.437.672;8.174.548;0.005794594;453.125;3.515.625;103.125;3.098.958;325.520.820.617.676;4.921.875;57.870.369.999.999.900;381.944.427.490.234;4.774.306;3.790.509;2.563.658;8.275.463;;1.938.657
219263;01/09/2018 06.23;24.004.630.000.000.000;50.434.024.810.790.900;5.173.611;453.993.034.362.793;634.375;6.835.515;14.648.439.999.999.900;1.670.284;15.617.770.000.000.000;1.508.247;4.184.015;4.216.283;32.093.059.999.999.900;1.303.432;4.191.412;;4.656.029;4.652.267;2.564.331;6.758.427;4.060.982;8.957.791;5.422.738;1.104.979;6.099.973;7.000.936;8.045.054;965.653;8.026.774;51.039.300.000.000.000;6.648.148;8.619.791;8.872.783;4.673.285;2.492.447;5.439.744;8.256.884;00.00;4.427.083;34.375;1.015.625;30.989.582.061.767.600;325.520.820.617.676;4.817.708;5.497.685;381.944.427.490.234;46.875;3.761.574;2.572.338;8.275.463;;1.938.657
219264;01/09/2018 06.24;2.406.366;50.434.024.810.790.900;51.736.110.687.255.800;453.993.034.362.793;634.375;685.372;14.677.370.000.000.000;1.670.284;15.740.739.999.999.900;1.511.863;4.179.181;421.709;32.871.559.999.999.900;1.302.608;4.215.665;;4.639.763;4.639.479;25.655.810.000.000.000;6.743.205;4.070.692;8.879.357;5.402.628;1.106.504;6.089.578;7.007.263;7.994.963;9.653.627;8.221.016;5.005.952;6.685.185;8.406.249;9.011.436;4.671.945;2.470.514;5.486.101;828.541;00.00;4.296.875;3.359.375;9.895.833;3.098.958;3.255.208;4.739.583;52.662.040.000.000.000;381.944.427.490.234;462.963;3.790.509;2.546.296;8.246.528;;1.921.296
219265;01/09/2018 06.25;2.402.431;50.434.020.000.000.000;51.736.110.687.255.800;453.993;6.240.741;6.534.344;14.677.370.000.000.000;166.522;15.740.739.999.999.900;150.897;40.770.790.000.000.000;4.218.936;3.269.194;12.993.039.999.999.900;421.185;;4.635.203;4.589.176;2.500.172;6.760.324;4.061.268;8.946.262;5.431.445;11.075.430.000.000.000;6.095.638;6.979.935;7.995.891;9.653.527;8.026.891;5.114.424;6.949.074;8.458.333;8.513.688;4.637.796;2.501.255;5.355.980.000.000.000;8.257.786;00.00;4.322.916;3.255.208;9.661.458;3.046.875;3.229.166;46.875;5.063.657;381.944.427.490.234;4.542.824;3.790.509;2.502.894;8.304.398;;1.912.616
219266;01/09/2018 06.26;2.396.528;5.052.083;51.736.110.687.255.800;453.559;6.349.537.353.515.630;6.536.525.999.999.990;1.460.503;166.522;15.697.339.999.999.900;1.508.247;39.970.009.999.999.900;4.222.588;33.167.790.000.000.000;1.305.364;4.191.398;;4.603.384;4.655.384;2.592.657;6.770.023;4.066.603;8.970.986;5.414.863;1.112.424;6.095.114;6.990.359;797.95;9.622.869.999.999.990;7.922.047;4.902.755;6.648.148;8.598.958;8.578.344;4.464.147;2.545.482;5.482.632;8.193.915;00.00;4.322.916;3.151.042;93.75;3.020.833;3.177.083;4.609.375;5.063.657;3.819.444;44.849.540.000.000.000;3.761.574;2.465.278;8.449.074;;1.941.551
219267;01/09/2018 06.27;2.405.382;505.208.320.617.676;51.736.110.687.255.800;45.355.899.810.790.900;628.125;6.520.336;14.677.370.000.000.000;166.088;15.661.170.000.000.000;150.897;401.511;4.210.277;3.309.636;1.301.496;4.204.421;;4.620.111;4.655.988;2.585.423;6.777.293;4.069.383;8.964.639;5.410.274;11.085.819.999.999.900;6.093.193;7.007.144;7.990.815;9.622.410.000.000.000;7.868.177;4.941.485;6.907.407;9.005.208;8.850.089;4.439.512;2.573.504;5.623.596;8.236.984;00.00;4.322.916;3.098.958;9.296.875;30.208.332.061.767.600;3.151.042;4.557.291;5.034.722;3.877.315;4.398.148;3.761.574.172.973.620;2.447.917;859.375;;1.970.486
219268;01/09/2018 06.28;2.404.398;505.208.320.617.676;51.736.110.687.255.800;45.355.899.810.790.900;6.261.574;6.453.884.000.000.000;14.648.439.999.999.900;166.522;15.697.339.999.999.900;1.508.247;4.000.363;4.175.416;3.356.913;1.302.984;420.591;;4.654.207;4.651.745;2.558.202;6.782.803;4.048.857;8.988.536;5.454.339;1.108.746;6.127.554;6.932.587;8.004.235;9.614.636;803.941;5.128.034;7.111.111;8.781.249;9.037.421;4.502.475;245.394;5.428.994;8.168.506;00.00;4.322.916;2.994.792;9.401.041;30.208.332.061.767.600;315.104.160.308.838;453.125;5.063.657;3.819.444;4.340.278;3.761.574.172.973.620;2.436.343;8.506.944;;1.999.421
219269;01/09/2018 06.29;2.402.431;505.208.320.617.676;5.173.611;45.355.899.810.790.900;6.335.648;6.484.238;14.677.370.000.000.000;1.670.284;15.697.339.999.999.900;1.511.863;4.064.832;414.358;3.382.237;1.302.753;4.207.708;;4.659.096;4.616.003;2.524.944;6.777.819;4.072.831;9.005.011;5.405.269;1.112.223;6.129.933;7.032.131;8.032.805;9.488.294;8.016.813;5.080.684;6.648.148;8.229.166;9.039.797;4.556.373;2.297.009;5.251.977;815.456;00.00;4.296.875;2.916.667;9.401.041;30.208.332.061.767.600;315.104.160.308.838;4.583.333;5.179.398;381.944.427.490.234;4.311.343;3.761.574;2.418.981;8.304.398;;203.125
219270;01/09/2018 06.30;2.406.366;505.208.320.617.676;5.169.271;453.559;63.738.427.734.375;6.759.304;1.471.354;1.670.284;15.653.929.999.999.900;15.053.529.999.999.900;41.359.140.000.000.000;41.281.620.000.000.000;3.395.797;1.304.053;4.203.301;;461.774;4.644.909;2.576.311;6.779.512;40.494.199.999.999.900;8.963.162;5.441.545;1.111.605;6.126.996;7.030.901;8.035.403;9.545.077;7.966.069;5.062.332;661.574;9.291.666;9.206.234;4.523.906;2.103.654;4.875.944;7.974.354;00.00;4.427.083;2.916.667;9.479.166;3.020.833;315.104.160.308.838;4.583.333;52.662.040.000.000.000;381.944.427.490.234;4.253.472;3.732.639;2.398.727;8.130.787;;2.054.398
219271;01/09/2018 06.31;23.955.439.999.999.900;505.208.320.617.676;5.173.611;453.125;6.305.555.419.921.880;6.596.198.000.000.000;14.677.370.000.000.000;1.670.284;15.567.129.999.999.900;1.508.247;4.164.918;4.133.413;3.436.958;1.306.687;4.200.296;;4.600.289;4.660.562;2.576.403;6.770.210.000.000.000;4.053.271;8.947.038;5.432.297;1.111.411;6.118.155;7.007.196;8.002.621;9.530.372;8.038.575;5.037.258;7.009.259;9.354.166;9.043.989;4.643.372;2.130.471;4.817.674;8.037.812;00.00;4.557.291;2.890.625;9.401.041;3.046.875;315.104.160.308.838;4.583.333;52.372.679.999.999.900;3.819.444;4.253.472;37.326.389.312.744.100;2.375.579;8.015.046;;2.060.185
219272;01/09/2018 06.32;2.406.366;505.208.320.617.676;5.169.271;453.125;629.745.361.328.125;6.827.542;1.471.354;166.088;1.570.457;1.511.863;4.221.621;4.102.406;3.414.954;1.301.399;4.188.367;;4.651.989;4.606.873;25.218.279.999.999.900;6.753.137;4.057.123;8.950.402;5.407.074;1.105.655;6.115.841;6.956.276;7.969.833;9.506.842;8.013.843;5.067.609;6.925.926;9.296.874;9.176.973;4.707.646;2.188.406;4.885.608;8.068.638;00.00;46.875;2.890.625;9.114.583;3.098.958;3.151.042;4.583.333;52.662.040.000.000.000;3.790.509;4.311.343;3.732.639;2.320.602;7.986.111;;2.045.718
219273;01/09/2018 06.33;2.406.366;505.208.320.617.676;5.169.271;453.125;632.638.916.015.625;6.668.113.000.000.000;14.677.370.000.000.000;166.088;15.697.339.999.999.900;15.053.529.999.999.900;4.134.192;4.062.348;3.411.099;1.299.549;4.206.314;;4.626.087;4.593.296;250.188;6.766.003;4.063.755;8.913.153;5.436.667;1.106.368;608.946;6.969.854;7.968.211;9.465.125;7.860.884;49.798.400.000.000.000;7.032.407;9.083.333;9.008.348;4.734.464;2.204.167;484.087;8.015.374;00.00;4.713.541;296.875;8.958.333;30.989.582.061.767.600;3.177.083;4.583.333;5.208.333;3.790.509;4.340.278;3.761.574;2.291.667;7.841.435;;2.028.356
219274;01/09/2018 06.34;2.402.431;5.052.083;516.493;453.125;6.273.148;6.663.343;14.648.439.999.999.900;166.522;15.617.770.000.000.000;1.511.863;4.118.504;4.013.323;3.294.732;1.299.015;4.191.369;;4.625.527;4.565.101;2.490.106;6.785.935;4.056.541;8.957.685;545.054;11.127.169.999.999.900;6.107.697;7.005.743;7.985.001;9.472.796;8.013.904;5.067.868;699.074;9.291.666;9.053.772;4.724.221;2.158.827;4.859.865;7.899.227;00.00;4.713.541;296.875;8.723.958;3.098.958;3.151.042;4.557.291;5.208.333;3.761.574;4.340.278;3.819.444;2.332.176;7.696.759;;2.013.889
219275;01/09/2018 06.35;2.405.382;50.564.240.000.000.000;516.493.034.362.793;453.125;6.302.836;6.555.677;14.677.370.000.000.000;1.670.284;1.576.968;15.053.529.999.999.900;4.061.164;40.035.779.999.999.900;3.246.226;130.455;4.205.539;;46.224.699.999.999.900;46.699.300.000.000.000;26.114.509.999.999.900;677.857;4.070.282;8.904.382;5.404.943;11.072.830.000.000.000;609.967;7.017.276;7.966.278;9.382.819;7.902.252;4.999.542;6.444.445;9.161.458;9.225.693;488.996;2.149.188;4.841.008;7.790.872;00.00;4.817.708;2.994.792;87.05.00;3.046.875;3.177.083;4.479.166;52.372.679.999.999.900;3.761.574.172.973.620;4.340.278;3.877.315;2.390.046;7.552.084;;1.999.421
219276;01/09/2018 06.36;2.405.382;50.564.235.687.255.800;516.493.034.362.793;453.125;6.302.836;6.555.677;14.677.370.000.000.000;1.670.284;1.576.968;15.053.529.999.999.900;4.061.164;40.035.779.999.999.900;3.246.226;130.455;4.196.537;;4.605.314;4.659.555;25.779.400.000.000.000;6.752.602;4.068.659;8.919.954;5.436.407;1.106.201;6.121.584;7.029.577;8.005.301;9.362.624;8.017.769;4.972.205;6.930.555;9.072.916;9.262.596;4.970.804;2.174.631;4.816.168;7.686.176;00.00;4.817.708;2.994.792;87.05.00;3.046.875;31.770.832.061.767.600;4.479.166;52.372.679.999.999.900;3.761.574;4.340.278;3.877.315;2.390.046;7.552.084;;1.999.421
219277;01/09/2018 06.37;2.404.398;50.564.240.000.000.000;516.493.034.362.793;4.522.569;6.263.889;66.33.00;14.648.439.999.999.900;166.522;15.697.339.999.999.900;1.512.587;40.933.859.999.999.900;3.959.858;3.138.601;1.296.734;4.201.699;;4.635.396;4.691.554;2.617.972;6.771.378;4.057.322;8.922.897;5.425.142;1.107.978;6.101.585;7.028.096;8.010.706;9.284.963;7.964.379;5.095.643;7.157.407;9.348.958;9.317.776;4.984.265;221.24.00;4.816.213;7.663.021;00.00;484.375;328.125;8.359.375;31.25.00;3.177.083;4.401.041;5.121.528;3.732.639;4.340.278;390.625;2.485.532;7.407.406.999.999.990;;198.206
219278;01/09/2018 06.38;2.406.366;50.434.020.000.000.000;516.493;452.256.927.490.234;6.254.225;6.728.703;14.648.439.999.999.900;166.522;15.697.339.999.999.900;15.198.210.000.000.000;4.124.205;3.948.101;3.110.956;1.297.912;4.205.689;;4.653.519;4.540.528;24.438.299.999.999.900;6.759.635;4.051.401;8.958.547;5.430.565;1.111.901;6.136.944;6.952.566;8.012.637;9.268.271;7.765.863;5.105.907;6.925.926;9.473.958;8.568.873;505.333;2.260.168;4.898.448;7.699.498;00.00;50.00.00;3.359.375;8.046.875;3.151.042;3.229.166;4.322.916;5.034.722;37.326.389.312.744.100;4.369.213;390.625;2.520.255;7.378.472;;1.987.847
219279;01/09/2018 06.39;24.004.630.000.000.000;50.564.240.000.000.000;5.169.271;452.256.927.490.234;6.388.889;6.823.047;14.677.370.000.000.000;166.088;15.617.770.000.000.000;1.508.247;4.190.954;3.988.664;3.044.371;1.300.656;4.214.796;;4.599.812;4.625.811;2.532.453;6.745.983;4.063.509;8.897.729;5.409.797;1.103.614;6.108.073;7.006.884;7.968.055;9.217.191;7.934.874;5.199.374;674.074;9.489.583;9.206.318;5.010.211;2.316.446;4.991.482;7.796.403;00.00;5.104.166;3.411.458;7.682.291;3.177.083;322.916.641.235.352;421.875;49.189.820.000.000.000;3.732.639;4.398.148;3.877.315;2.560.764;7.436.343.000.000.000;;1.987.847
219280;01/09/2018 06.40;2.406.366;50.564.235.687.255.800;5.169.271;452.256.927.490.234;6.224.537.353.515.630;6.860.873.000.000.000;14.677.370.000.000.000;166.522;15.697.339.999.999.900;1.508.247;4.185.615;4.012.733;3.006.438;1.298.363;4.214.796;;4.599.812;4.625.811;2.532.453;6.745.983;4.063.509;8.897.729;5.409.797;1.103.614;6.108.073;7.006.884;7.968.055;9.217.191;7.934.874;5.199.374;674.074;9.489.583;9.206.318;5.010.211;2.316.446;4.991.482;7.796.403;00.00;5.130.208;3.541.666;7.317.708;3.229.166;3.229.166;4.140.625;4.803.241;36.747.679.999.999.900;4.398.148;390.625;2.581.018;7.407.406.999.999.990;;198.206
219281;01/09/2018 06.41;24.004.630.000.000.000;50.564.235.687.255.800;516.059;452.256.927.490.234;6.306.712.646.484.380;6.832.557;14.648.439.999.999.900;1.670.284;15.697.339.999.999.900;1.508.247;4.179.035;40.215.140.000.000.000;2.963.522;1.296.369;4.206.411;;4.647.563;4.626.378;2.548.634;6.759.224;4.059.111;8.954.402;5.401.943;1.107.146;6.094.301;6.991.573;7.975.189;9.159.297;792.462;4.856.199;6.986.111;9.401.041;9.373.868;5.190.771;2.389.321;505.207;7.762.417;00.00;5.130.208;3.619.791;6.927.083;3.229.166;3.255.208;4.036.458;474.537;3.645.833;4.398.148;390.625;2.563.658;7.436.343.000.000.000;;1.984.954
219282;01/09/2018 06.42;2.404.398;50.564.240.000.000.000;516.493;4.522.569;6.381.944.580.078.130;7.281.912;1.460.503;166.088;15.697.339.999.999.900;15.053.529.999.999.900;4.184.553;39.974.090.000.000.000;2.887.045;1.296.055;4.200.341;;4.608.003;4.654.539;2.568.332;6.747.999;4.062.064;8.939.304;5.408.212;1.106.678;6.077.429;6.970.734;7.954.471;9.145.034;8.100.276;4.928.415;7.023.148;9.046.874;9.104.938;5.091.925;2.455.495;515.275;7.820.022;00.00;5.130.208;3.671.875;6.640.625;325.520.820.617.676;325.520.820.617.676;3.958.333;4.658.565;364.583.320.617.676;4.369.213;393.518.524.169.922;2.552.083;7.552.084;;1.987.847
219283;01/09/2018 06.43;2.404.398;5.060.764;516.059;4.518.229;629.398.132.324.219;7.727.892;145.761;1.670.284;15.653.929.999.999.900;15.053.529.999.999.900;4.158.045;401.078;2.896.333;1.296.857;42.038.300.000.000.000;;4.656.481;4.661.036;2.584.562;6.762.176;4.059.203;8.966.958;540.932;1.109.906;6.087.133;6.975.604;8.001.191;8.993.006;7.956.578;5.110.583;6.699.074;9.093.749;9.180.609;5.044.582;2.567.239;5.445.087;7.972.458;00.00;5.052.083;37.05.00;640.625;328.125;325.520.820.617.676;390.625;4.658.565;364.583.320.617.676;4.340.278;396.412;2.520.255;8.072.916;;1.987.847
219284;01/09/2018 06.44;2.402.431;50.607.635.498.046.800;516.493;45.182.289.123.535.200;6.260.416;7.425.277;1.460.503;1.675.347;1.576.968;1.508.247;4.132.795;399.942;2.903.795;12.922.239.999.999.900;4.212.459;;4.657.423;4.681.394;25.865.009.999.999.900;6.759.036;4.056.804;8.957.029;5.399.224;1.108.907;6.069.428;7.000.472;7.956.438;8.942.516;7.956.985;5.045.662;6.453.704;8.755.208;9.137.693;5.051.396;2.582.139;5.489.694;8.006.010.000.000.000;00.00;4.947.916;3.828.125;62.239.580.000.000.000;325.520.820.617.676;3.255.208;3.828.125;46.875;3.645.833;4.311.343;39.641.204.833.984.300;2.491.319;8.564.815;;1.984.954
219285;01/09/2018 06.45;2.404.398;50.607.635.498.046.800;516.493;45.182.289.123.535.200;6.376.157;7.465.403;14.677.370.000.000.000;166.088;15.653.929.999.999.900;1.508.247;40.962.790.000.000.000;3.994.611;293.989;12.946.639.999.999.900;4.201.619;;4.598.815;4.633.987;2.544.522;6.756.647;40.648.199.999.999.900;8.914.889;5.399.161;1.107.945;6.095.289;702.623;7.997.811;8.921.562;8.076.178;4.822.973;6.930.555;8.958.333;9.010.839;5.035.061;2.537.866;546.655;8.019.189;00.00;4.921.875;3.932.291;61.458.330.000.000.000;3.229.166;328.125;3.802.083;4.658.565;3.616.898;4.311.343;39.641.204.833.984.300;2.488.426;9.403.935;;1.984.954
219286;01/09/2018 06.46;24.004.630.000.000.000;50.607.635.498.046.800;516.059;45.182.289.123.535.200;6.373.843;7.428.075;1.460.503;166.522;1.553.096;1.501.736;4.175.867;399.966;29.455.659.999.999.900;1.279.242;4.191.093;;4.621.638;4.596.808;2.522.205;6.759.116;4.059.159;893.439;5.427.782;1.107.897;6.132.581;6.975.337;8.016.047;8.937.037;8.212.944;4.968.857;6.782.407;8.604.166;8.723.660.000.000.000;4.863.569;2.518.818;533.549;8.122.774;00.00;4.869.791;390.625;609.375;322.916.641.235.352;328.125;3.776.041;462.963;3.645.833;4.253.472;39.641.204.833.984.300;245.081;9.982.639;;2.002.315
219287;01/09/2018 06.47;2.405.382;5.060.764;516.493;45.182.289.123.535.200;6.267.361;7.595.894;1.460.503;166.088;15.617.770.000.000.000;150.897;4.209.765;4.002.803;28.928.990.000.000.000;13.078.669.999.999.900;4.197.819;;4.631.439;4.635.651;25.624.279.999.999.900;6.759.946;4.058.456;8.998.837;5.424.879;1.108.893;6.124.048;7.038.364;7.994.899;8.959.363;8.147.062;5.009.915;6.828.704;8.286.458;8.916.569.999.999.990;4.945.943;2.555.513;5.385.066;8.149.633;00.00;4.921.875;3.776.041;609.375;322.916.641.235.352;328.125;3.776.041;4.600.694;364.583.320.617.676;4.253.472;396.412;2.407.407;9.982.639;;2.037.037
219288;01/09/2018 06.48;2.404.398;50.564.240.000.000.000;515.191;4.518.229;6.284.722;7.794.259;1.460.503;166.522;1.573.351;1.506.076;4.212.948;4.020.947;2.887.743;12.992.569.999.999.900;4.208.152;;4.623.685;4.640.023;257.551;6.765.648;406.342;8.932.292;542.23.00;1.110.634;6.077.203;7.020.251;800.043;8.917.473;7.998.928;4.811.057;7.046.296;8.541.666;8.891.332;4.743.158;2.601.443;5.435.507;8.230.767;00.00;4.921.875;3.776.041;6.041.666;322.916.641.235.352;328.125;3.776.041;4.513.889;364.583.320.617.676;4.224.537;3.935.185;239.294;9.751.156.999.999.990;;2.065.972
219289;01/09/2018 06.49;2.401.447;5.060.764;516.059;4.513.889;6.354.166;7.772.509.000.000.000;14.648.439.999.999.900;166.522;15.653.929.999.999.900;15.053.529.999.999.900;4.243.721;4.077.705;2.495.948;1.304.302;4.194.588;;4.614.786;4.505.846;2.410.017;6.782.795;4.056.356;8.969.151;5.436.512;1.108.059;6.086.078;7.052.581;8.011.063;8.843.279;7.953.232;4.988.583;6.884.259;8.848.958;8.972.574;4.797.096;2.601.079;5.594.403;8.302.367;00.00;484.375;3.802.083;609.375;322.916.641.235.352;328.125;3.776.041;44.849.540.000.000.000;364.583.320.617.676;4.195.602;393.518.524.169.922;2.372.685;943.287;;208.044
219290;01/09/2018 06.50;2.402.431;5.065.104;515.191;45.138.885.498.046.800;6.349.537;7.693.079;14.677.370.000.000.000;166.522;15.617.770.000.000.000;1.511.863;4.251.665;4.105.578;2.190.543;1.307.741;421.954;;4.642.722;46.904.900.000.000.000;2.616.103;6.778.195;4.060.636;8.944.297;5.444.886;1.110.713;6.142.322;7.045.302;8.037.596;8.777.866;8.193.875;4.980.403;7.273.148;9.192.708;8.921.078;4.831.912;2.612.643;5.601.718;8.243.978;00.00;4.817.708;3.880.208;61.458.330.000.000.000;322.916.641.235.352;328.125;3.776.041;44.560.179.999.999.900;364.583.320.617.676;4.195.602;393.518.524.169.922;2.326.389;9.143.519;;2.068.866
219291;01/09/2018 06.51;2.402.431;5.065.104;515.190.963.745.117;45.138.885.498.046.800;634.953.674.316.406;7.693.079;14.677.370.000.000.000;166.522;15.617.770.000.000.000;1.511.863;4.251.665;4.105.578;2.190.543;1.307.741;4.195.355;;460.652;4.553.468;24.665.049.999.999.900;6.770.715;4.055.729;8.970.829;5.417.606;1.108.862;6.080.342;6.989.088;7.982.996;8.674.756;8.062.727;4.840.811;724.074;9.270.833;8.773.858;4.602.965;2.620.908;5.591.622;8.251.909;00.00;4.817.708;3.880.208;61.458.330.000.000.000;322.916.641.235.352;328.125;3.776.041;44.560.179.999.999.900;364.583.320.617.676;4.195.602;393.518.524.169.922;2.326.389;9.143.519;;2.068.866
219292;01/09/2018 06.52;2.402.431;5.052.083;515.190.963.745.117;45.138.885.498.046.800;634.375;7.466.139;1.450.376;166.088;15.697.339.999.999.900;1.511.863;4.310.055;412.802;2.179.674;1.289.153;4.206.766;;4.660.763;4.640.333;2.576.861;6.791.059;4.061.841;8.977.954;5.432.026;11.104.189.999.999.900;6.122.836;7.041.132;8.022.107;8.634.434;8.013.322;4.999.541;6.916.666;9.302.083;9.023.341;4.596.436;2.626.487;5.710.084;8.278.876;00.00;4.791.666;3.776.041;6.171.875;322.916.641.235.352;3.359.375;3.802.083;4.398.148;364.583.320.617.676;4.253.472;393.518.524.169.922;2.146.991;8.680.556;;2.057.292
219293;01/09/2018 06.53;2.404.398;5.065.104;515.191;45.138.885.498.046.800;6.299.768;7.659.908;14.539.929.999.999.900;166.088;1.573.351;15.010.129.999.999.900;43.784.209.999.999.900;4.203.031;2.231.853;13.029.910.000.000.000;4.199.099;;4.638.451;4.565.995;2.483.851;6.787.095;4.062.638;8.983.484;5.439.299;1.112.394;6.117.119;7.040.091;8.033.948;8.587.174;7.979.887;4.951.058;6.513.889;9.374.999;8.825.518;4.695.023;2.621.685;5.751.558;8.321.799;00.00;4.791.666;3.645.833;6.536.458;322.916.641.235.352;3.307.291;3.802.083;4.398.148;3.645.833;4.369.213;393.518.524.169.922;2.068.866;8.796.296;;2.071.759
219294;01/09/2018 06.54;2.396.528;50.651.039.123.535.200;516.059;45.138.885.498.046.800;6.346.064;7.563.893;1.460.503;166.522;15.567.129.999.999.900;1.511.863;4.433.079;4.208.913;2.021.185;1.277.798;4.193.527;;4.601.367;4.576.834;2.464.754;674.53.00;4.049.829;8.942.415;5.415.034;1.107.366;610.528;7.007.427;8.002.874;859.413;8.162.371;4.942.957;6.916.666;9.171.874;9.145.879;4.655.424;2.614.603;5.681.707;8.388.738;00.00;4.791.666;3.515.625;7.213.541;322.916.641.235.352;330.729.141.235.352;390.625;4.369.213;36.747.679.999.999.900;4.398.148;393.518.524.169.922;2.016.782;8.680.556;;208.044
219295;01/09/2018 06.55;2.404.398;50.651.039.123.535.200;5.147.569;45.138.885.498.046.800;6.288.194.580.078.130;7.637.387;145.761;166.088;15.617.770.000.000.000;1.511.863;4.744.601;4.201.018;2.045.685;1.306.185;4.217.097;;4.624.117;4.565.947;2.480.635;6.759.278;4.060.088;896.437;5.414.003;1.107.993;6.090.842;6.990.528;799.97;8.577.932;7.895.182;5.055.743;6.791.666;8.916.666;8.869.445;4.663.657;2.637.306;5.685.583;847.393;00.00;4.739.583;3.411.458;7.994.791;3.229.166;330.729.141.235.352;40.625;4.369.213;36.747.679.999.999.900;44.560.179.999.999.900;393.518.524.169.922;1.979.167;8.420.139;;208.912
219296;01/09/2018 06.56;2.404.398;50.651.039.123.535.200;515.191;45.138.885.498.046.800;629.861.083.984.375;7.432.417;14.539.929.999.999.900;1.670.284;1.573.351;1.511.863;4.763.129;422.149;199.948;1.279.843;4.205.192;;4.597.753;4.483.316;2.386.425;6.752.188;4.054.247;8.946.348;5.416.994;1.107.758;611.298;700.58.00;8.059.239;8.608.091;7.943.499;4.940.707;6.953.704;9.062.499;8.787.667;4.805.067;2.523.784;5.660.667;8.446.993;00.00;46.875;3.307.291;859.375;3.177.083;3.307.291;4.322.916;4.340.278;3.732.639;4.513.889;393.518.524.169.922;1.950.231;8.159.722;;2.115.162
219297;01/09/2018 06.57;24.004.630.000.000.000;50.651.039.123.535.200;5.147.569;4.513.889;626.388.916.015.625;731.064;145.761;166.522;1.570.457;150.897;4.637.624;42.797.309.999.999.900;1.923.217;1.308.873;4.217.072;;4.625.339;4.550.383;24.803.610.000.000.000;6.753.108;4.061.468;8.941.964;5.393.658;1.105.226;6.078.882;7.024.631;7.988.074;8.651.312;817.835;4.914.912;6.745.369.999.999.990;8.656.249;887.054;4.739.547;2.510.137;558.651;8.428.434;00.00;4.791.666;328.125;8.958.333;3.151.042;328.125;4.453.125;4.311.343;36.747.679.999.999.900;4.542.824;393.518.524.169.922;1.927.083;7.928.241;;2.141.204
219298;01/09/2018 06.58;2.406.366;5.065.104;5.147.569;45.095.490.000.000.000;639.351.867.675.781;7.219.946;145.761;166.522;15.653.929.999.999.900;1.508.247;4.663.386;431.498;1.919.194;1.300.571;4.198.651;;4.646.385;4.662.511;2.573.787;6.710.496;4.051.966;8.932.592;5.402.292;11.072.939.999.999.900;6.064.829;6.970.479;7.961.044;8.615.608;7.978.583;517.211;6.893.519;9.328.124;9.108.512;4.803.145;2.409.658;5.326.781;8.422.426;00.00;4.921.875;3.229.166;890.625;31.25.00;328.125;4.583.333;4.311.343;3.761.574;4.658.565;3.935.185;1.915.509;7.638.889;;2.158.565
219299;01/09/2018 06.59;2.396.528;5.073.785;515.191;45.095.485.687.255.800;6.359.954;7.295.135;14.648.439.999.999.900;166.522;15.617.770.000.000.000;1.512.587;4.337.273;43.167.840.000.000.000;18.874.579.999.999.900;13.160.470.000.000.000;421.47.00;;4.691.443;4.655.002;2.569.816;6.773.139;4.066.062;8.974.630.000.000.000;544.695;1.110.025;6.182.856;6.954.105;7.999.408;8.659.148;8.028.508;496.445;6.717.593;8.942.708;8.954.839.999.999.990;4.845.964;2.429.165;5.322.399;8.399.014;00.00;50.00.00;3.177.083;8.776.041;31.25.00;3.307.291;4.583.333;4.369.213;3.790.509;4.774.306;4.021.991;1.915.509;7.436.343.000.000.000;;2.173.032
219300;01/09/2018 07.00;2.404.398;5.073.785;5.147.569;45.095.485.687.255.800;6.270.833;7.108.254.000.000.000;145.761;166.522;1.573.351;1.511.863;4.166.398;43.103.629.999.999.900;1.060.297;1.301.827;4.209.371;;4.630.783;46.348.699.999.999.900;255.927;6.770.695;4.049.076;8.926.425;5.413.331;1.105.511;608.937;6.949.462;7.973.463;8.693.651;7.967.414;5.010.512;674.074;8.656.249;8.641.833;4.733.283;2.492.566;5.402.853;822.663;00.00;50.00.00;3.098.958;8.203.125;3.151.042;3.255.208;4.479.166;4.542.824;3.935.185;4.832.176;4.166.667;1.993.634;7.204.861;;2.170.139
219301;01/09/2018 07.01;2.404.398;5.073.785;5.147.569;45.095.485.687.255.800;6.270.833;7.108.254.000.000.000;145.761;166.522;1.573.351;1.511.863;4.166.398;43.103.629.999.999.900;1.060.297;1.301.827;4.209.371;;4.630.783;46.348.699.999.999.900;255.927;6.770.695;4.049.076;8.926.425;5.413.331;1.105.511;608.937;6.949.462;7.973.463;8.693.651;7.967.414;5.010.512;674.074;8.656.249;8.641.833;4.733.283;2.492.566;5.402.853;822.663;00.00;50.00.00;3.098.958;8.203.125;3.151.042;3.255.208;4.479.166;4.542.824;3.935.185;4.832.176;4.166.667;1.993.634;7.204.861;;2.170.139
219302;01/09/2018 07.02;24.004.630.000.000.000;5.060.764;5.147.569;45.095.485.687.255.800;62.534.716.796.875;7.154.328.000.000.000;14.539.929.999.999.900;1.670.284;15.697.339.999.999.900;1.508.247;4.087.455;4.282.213;9.403.386;1.301.931;4.205.863;;4.636.543;4.644.467;2.544.665;6.743.914;4.055.683;8.961.046;5.411.086;1106.51.00;6.100.809;6.995.728;8.007.753;8.696.021;7.908.095;4.938.313;6.652.778;9.010.416;9.003.287;4.756.201;2.538.312;543.487;8.162.914;00.00;4.947.916;3.020.833;7.916.666;31.25.00;3.255.208;4.401.041;474.537;4.021.991;4.832.176;4.224.537;2.025.463;7.060.185;;2.158.565
219303;01/09/2018 07.03;240.735;5.073.785;515.191;45.095.485.687.255.800;633.912.048.339.844;7.205.041;1.460.503;166.522;15.697.339.999.999.900;1.511.863;4.070.282;426.805;9.217.034;1.303.078;4.206.289;;4.665.507;4.624.527;2.540.244;6.754.083;4.058.456;8.931.456;5.406.454;1.103.771;6.095.127;6.955.585;7.968.177;8.710.908;8.063.035;5.178.791;6.962.963;8.854.166;8.924.075;462.925;25.124.900.000.000.000;5.412.624;8.140.188;00.00;4.973.958;3.020.833;78.125;3.098.958;3.229.166;4.322.916;4.976.852;4.079.861;4.947.917;4.253.472;2.022.569;697.338;;2.167.245
219304;01/09/2018 07.04;2.399.479;507.378.463.745.117;515.191;45.095.485.687.255.800;632.986.083.984.375;7.023.357;1.446.759;1.675.347;15.653.929.999.999.900;1.516.204;41.305.679.999.999.900;42.370.309.999.999.900;808.998;1.293.061;4.206.289;;4.665.507;4.624.527;2.540.244;6.754.083;4.058.456;8.931.456;5.406.454;1.103.771;6.095.127;6.955.585;7.968.177;8.710.908;8.063.035;5.178.791;6.962.963;8.854.166;8.924.075;462.925;25.124.900.000.000.000;5.412.624;8.140.188;00.00;50.00.00;2.994.792;7.682.291;30.989.582.061.767.600;322.916.641.235.352;4.322.916;52.662.040.000.000.000;4.166.667;4.976.852;4.253.472;2.025.463;697.338;;2.170.139
219305;01/09/2018 07.05;2.404.398;5.073.785;5.147.569;45.095.490.000.000.000;63.784.716.796.875;7.014.947;145.761;1.670.284;1.573.351;15.053.529.999.999.900;4.212.806;42.450.109.999.999.900;6.796.066.000.000.000;1.278.621;4.198.024;;4.596.313;4.670.639;2.602.618;6.758.264;4.058.194;8.956.515;5.402.083;1.109.116;6.074.116;6.983.657;7.997.374;8.746.767;7.901.324;4.999.993;6.837.963;8.796.874;8.943.611;4.696.275;2.428.687;5.314.888;8.079.022;00.00;4.973.958;2.994.792;7.786.458;30.989.582.061.767.600;3.229.166;4.270.833;5.613.426;4.340.278;4.947.917;4.224.537;2.068.866;697.338;;2.161.458
219306;01/09/2018 07.06;2.404.398;5.078.125;5.147.569;4.500.868;6.278.936;6.910.944;145.761;166.522;15.653.929.999.999.900;15.053.529.999.999.900;4.315.735;4.220.998;6.355.844;1.282.662;4.188.247;;4.631.237;4.607.957;2.523.262;6.678.430.000.000.000;4.047.785;8.893.732;5.370.347;1.103.268;6.017.494;6.884.634;7.935.549;8.699.803;7.816.899;4.735.413;6.722.222;8.630.208;8.422.036;4.468.219;2.359.026;5.134.766;794.462;00.00;5.052.083;296.875;7.916.666;3.098.958;3.177.083;4.296.875;6.134.259;4.658.565;48.900.459.999.999.900;4.195.602;2.144.097;6.915.509;;2.158.565
219307;01/09/2018 07.07;2.399.479;50.781.246.185.302.700;5.147.569;450.086.784.362.793;6.320.602;688.818;1.450.376;166.522;1.573.351;150.897;4.373.028;4.193.998;6.051.375;1.295.018;4.198.875;;4.603.664;4.694.955;2.611.043;6.773.936;4.060.647;8.921.139.999.999.990;5.422.023;11.093.339.999.999.900;6.104.878;7.039.760.000.000.000;8.034.885;8.728.735;823.877;50.182.800.000.000.000;6.907.407;9.307.291;8.817.277;4.576.847;2.255.687;4.923.284;7.988.716;00.00;5.052.083;296.875;8.072.916;31.25.00;31.770.832.061.767.600;4.322.916;6.539.352;4.976.852;4.832.176;41.087.959.999.999.900;2.326.389;6.915.509;;2.173.032
219308;01/09/2018 07.08;240.735;50.781.246.185.302.700;5.143.229;450.086.784.362.793;6.340.278;7.121.824.000.000.000;14.539.929.999.999.900;166.088;1.573.351;150.897;44.536.229.999.999.900;4.155.124;5.566.133;1.295.766;4.206.317;;4.653.692;4.519.179;2.429.569;6.765.673;4.065.042;8.948.365;5.418.054;1.107.827;6.076.581;6.975.365;7.995.565;8.733.834;7.910.274;4.830.762;6.675.926;9.302.083;886.314;4.580.743;2.297.686;4.997.113;7.897.817;00.00;5.078.125;2.916.667;8.046.875;312.499.980.926.514;3.177.083;4.401.041;6.857.639;5.324.074;4.774.306;4.050.926;2.537.616;697.338;;2.184.606
219309;01/09/2018 07.09;2.396.528;50.781.246.185.302.700;5.143.229;450.086.784.362.793;631.597.229.003.906;6.838.786.999.999.990;1.450.376;166.522;15.653.929.999.999.900;15.010.129.999.999.900;45.100.429.999.999.900;4.124.362;5.361.296;1.301.412;4.199.902;;4.590.667;4.630.828;25.441.740.000.000.000;6.767.407;4.062.932;8.951.312;5.417.492;1.108.729;607.234;6.988.945;7.994.507;875.674;7.940.556;50.661.800.000.000.000;6.708.333;9.213.541;9.163.191;4.617.213;23.557.299.999.999.900;5.132.993;7.908.459;00.00;5.234.375;291.666.660.308.838;7.942.708;31.25.00;3.229.166;4.401.041;7.002.315;552.662;46.875;4.050.926;2.751.736;7.060.185;;2.170.139
219310;01/09/2018 07.10;2.404.398;50.781.246.185.302.700;5.138.889;450.086.784.362.793;6.280.093;6.815.227;145.761;1.670.284;1.570.457;15.053.529.999.999.900;46.297.909.999.999.900;4.106.916;5.408.587.000.000.000;1.304.021;4.225.742;;4.652.563;4.602.193;2.535.927;6.761.289;4.065.219;895.975;5.405.653;1.109.392;6.096.058;7.011.207;8.011.866;878.684;8.050.454;5.022.292;7.208.333;9.031.249;8.923.192;4.703.536;2.293.577;5.081.646;7.883.118;00.00;53.125;2.916.667;7.786.458;3.151.042;322.916.641.235.352;4.322.916;697.338;5.613.426;462.963;4.050.926;2.962.963;7.291.666;;2.146.991
219311;01/09/2018 07.11;240.735;50.781.246.185.302.700;5.138.889;450.086.784.362.793;6.232.234;6.644.704;1.446.759;166.088;155.816;1.511.863;4.465.697;40.447.179.999.999.900;5.381.149;129.986;4.207.131;;4.600.656;4.663.737;2.577.671;6.757.358;4.051.748;8.876.925;542.41.00;1.104.872;6.086.188;6.980.948;7.980.644;8.759.427;7.869.267;523.07.00;6.435.185;9.515.624;9.330.219;4.934.977;2.264.074;4.990.868;7.832.554;00.00;53.125;2.994.792;7.708.333;3.229.166;322.916.641.235.352;4.296.875;6.857.639;5.497.685;4.513.889;4.079.861;3.041.088;7.957.176;;212.963
219312;01/09/2018 07.12;2.399.479;50.781.246.185.302.700;5.143.229;4.500.868;6.314.814;6.515.259;1.460.503;166.522;15.653.929.999.999.900;1.508.247;4.468.468;4.027.176;5.343.947;1.296.907;4.222.076;;4.660.213;461.589;2.549.129;6.732.404;4.059.606;8.970.867;5.435.097;1.106.502;6.122.436;6.946.716;7.977.618;8.772.427;7.932.133;5.081.559;6.800.926;9.557.291;9.383.108;494.912;2.217.702;497.026;7.910.725;00.00;5.234.375;299.479.160.308.838;7.734.375;322.916.641.235.352;322.916.641.235.352;4.296.875;6.684.028;5.324.074;4.398.148;4.166.667;2.942.708;9.259.259;;2.118.056
219313;01/09/2018 07.13;2.406.366;50.781.246.185.302.700;5.143.229;44.965.270.000.000.000;6.369.212.646.484.380;649.559;145.761;166.088;15.653.929.999.999.900;15.053.529.999.999.900;44.638.009.999.999.900;399.597;5.220.271;1.294.533;4.186.928;;4.614.399;457.874;2.490.741;6.780.623;4.055.491;891.188;5.433.688;1109.26.00;609.882;6.970.723;7.976.834;8.763.932;8.008.049;5.029.585;7.037.037;9.374.999;9.166.619;4.892.862;2.210.437;4.977.315;7.966.266;00.00;5.182.291;2.994.792;7.994.791;322.916.641.235.352;3.229.166;4.322.916;6.336.805;5.092.593;4.369.213;4.224.537;282.118;1.111.111;;2.115.162
219314;01/09/2018 07.14;2.397.512;5.078.125;5.138.889;44.965.274.810.790.900;629.629.638.671.875;6.416.808;14.539.929.999.999.900;1.670.284;1.576.968;15.053.529.999.999.900;4.504.179;399.508;5.219.083;12.970.839.999.999.900;422.421;;4.587.401;4.607.412;2.548.486;6.771.826;4.051.434;8.885.663;542.972;1.105.433;6.089.166;6.904.126;7.967.814;8.753.795;803.865;5.174.554;6.847.222;9.635.416;9.175.164;4.940.482;231.854;4.916.528;7.974.456;00.00;5.130.208;3.020.833;8.177.083;3.229.166;3.255.208;4.401.041;59.895.830.000.000.000;49.189.820.000.000.000;4.369.213;4.340.278;2.719.908;1.218.171;;212.963
219315;01/09/2018 07.15;2.404.398;5.082.465;5.143.229;44.965.274.810.790.900;626.388.916.015.625;6.547.134;14.539.929.999.999.900;166.522;15.697.339.999.999.900;15.053.529.999.999.900;444.901;400.405;5.001.441.000.000.000;1.294.388;4.204.069;;4.648.643;4.689.709;2.608.993;6.775.812;4.059.738;9.017.371;5.440.967;1.111.652;6.137.195;6.989.581;7.958.691;8.766.345;7.984.567;5.212.568;6.907.407;9.765.624;9.379.124;4.960.172;2.385.827;5.055.187;7.879.391;00.00;5.078.125;30.208.332.061.767.600;8.072.916;3.177.083;3.229.166;4.427.083;56.712.959.999.999.900;474.537;4.398.148;4.398.148;2.682.292;1.273.148;;2.141.204
219316;01/09/2018 07.16;240.735;50.824.649.810.790.900;5.143.229;44.965.274.810.790.900;63.159.716.796.875;6.517.874;145.327;1.670.284;15.567.129.999.999.900;1.508.247;444.646;4.088.527;4.849.702;1.274.356;4.197.867;;4.639.725;4.666.921;25.860.000.000.000.000;6.770.432;405.025;8.983.195;5.412.692;1.105.672;6.076.221;6.973.588;7.986.312;8.718.002;7.962.964;4.823.931;6.523.148;9.395.833;9.095.833;4.999.123;2.350.588;5.154.763;7.829.587;00.00;50.00.00;30.208.332.061.767.600;7.682.291;3.177.083;3.229.166;4.401.041;5.381.944;4.600.694;44.849.540.000.000.000;44.560.179.999.999.900;2.711.227;1.287.616;;2.184.606
219317;01/09/2018 07.17;2.396.528;50.824.649.810.790.900;5.138.889;44.965.274.810.790.900;632.407.409.667.969;6.321.674;1.460.503;166.522;15.653.929.999.999.900;150.897;4.468.187;4.127.541;4.767.253;13.180.129.999.999.900;4.203.013;;4.604.215;4.712.664;2.627.938;6.790.369.999.999.990;4.067.752;8.935.156;5.431.641;1.106.787;6.096.404;6.990.142;8.001.736;865.965;7.940.875;4.901.812;7.175.926;9.083.333;9.397.175;5.026.198;2.378.239;5.172.554;785.123;00.00;4.947.916;3.020.833;7.604.166;3.151.042;3.255.208;4.296.875;5.208.333;4.513.889;44.849.540.000.000.000;4.513.889;2.769.097;1.270.255;;218.75
219318;01/09/2018 07.18;2.406.366;50.824.649.810.790.900;5.138.889;44.965.274.810.790.900;6.336.805.419.921.880;6.495.666.999.999.990;1.450.376;1.675.347;1.570.457;1.501.736;4.486.573;4.251.502;4.689.299;13.272.910.000.000.000;4.189.931;;4.594.472;4.502.118;240.492;6.769.407;4.055.366;894.791;5.435.162;1108.24.00;6.098.480.000.000.000;6.987.869.999.999.990;8.003.036;8.597.758;8.096.404;4.862.384;6.953.704;8.968.749;9.161.066;4.970.219;24.015.599.999.999.900;5.111.189;7.867.707;00.00;4.947.916;2.994.792;765.625;315.104.160.308.838;325.520.820.617.676;4.192.708;5.092.593;4.398.148;44.849.540.000.000.000;4.513.889;2.795.139;1.264.468;;2.184.606
219319;01/09/2018 07.19;24.004.630.000.000.000;50.824.649.810.790.900;5.143.229;44.965.274.810.790.900;6.401.619.873.046.880;6.138.482;14.539.929.999.999.900;166.088;15.653.929.999.999.900;1.508.247;448.001;4.315.617;4.674.425;13.284.889.999.999.900;4.203.602;;4.634.361;4.599.585;25.330.880.000.000.000;6.758.966;4.059.966;8.898.201;5.417.287;11.067.830.000.000.000;615.305;6.949.704;7.965.914;8.548.998;7.887.131;4.988.795;6.583.333;8.760.416;9.077.525;4.991.475;24.719.400.000.000.000;5.121.311;7.873.118;00.00;4.921.875;296.875;7.473.958;315.104.160.308.838;325.520.820.617.676;4.192.708;5.034.722;4.340.278;44.560.179.999.999.900;4.542.824;2.853.009;125.00.00;;218.75
219320;01/09/2018 07.20;24.004.630.000.000.000;50.824.649.810.790.900;5.143.229;44.965.274.810.790.900;6.201.389;6.180.116.999.999.990;1.460.503;166.088;15.653.929.999.999.900;1.511.863;4.485.417;43.239.959.999.999.900;4.598.278;13.229.779.999.999.900;4.202.109;;4.672.025;4.658.307;2.560.943;6.763.088;405.222;8.935.988;5.422.183;1.102.116;6.063.035;6.961.858;7.948.787;8.524.703;7.962.263;5.010.647;6.504.630.000.000.000;8.630.208;8.903.835;4.845.806;2.436.297;5.235.453;7.943.861;00.00;484.375;296.874.980.926.514;7.395.833;315.104.160.308.838;325.520.820.617.676;4.166.666;5.034.722;4.253.472;4.398.148;4.600.694;2.881.945;1.235.532;;2.190.394
219321;01/09/2018 07.21;240.735;50.824.649.810.790.900;5.143.229;44.965.270.000.000.000;6.243.055;6.362.222;14.539.929.999.999.900;166.088;15.617.770.000.000.000;1.511.863;44.813.190.000.000.000;4.322.567;44.970.419.999.999.900;129.428;4.225.926;;4.657.512;4.720.998;26.675.880.000.000.000;6.759.301;4.075.786;8.906.542;5.421.307;1.107.281;6.149.108;6.964.967;7.949.974;8.402.768;8.025.909;4.999.619;661.574;9.177.083;9.109.702;4.953.592;2.422.191;5.170.232;7.931.901;00.00;484.375;296.875;7.421.875;3.151.042;325.520.820.617.676;4.140.625;4.976.852;4.195.602;4.340.278;46.875;2.879.051;1.206.597;;218.75
219322;01/09/2018 07.22;2.397.512;50.824.649.810.790.900;5.143.229;4.492.188;6.364.584;6.280.378;14.539.929.999.999.900;166.522;15.617.770.000.000.000;1.511.863;46.689.240.000.000.000;43.360.440.000.000.000;44.736.139.999.999.900;1.295.614;4.193.303;;4.604.254;4.612.696;25.078.650.000.000.000;6.725.231;4.053.848;8.930.374;5.399.911;1.106.904;6.065.746;6.970.447;7.951.156;8.272.581;8.030.102;5.006.906;6.805.555;9.036.458;9.159.084;4.871.177;2.356.994;506.131;8.034.306;00.00;4.869.791;2.994.792;7.994.791;3.177.083;3.255.208;4.166.666;4.947.917;4.166.667;4.340.278;4.774.306;2.879.051;1.183.449;;2.199.074
219323;01/09/2018 07.23;2.405.382;50.824.649.810.790.900;5.138.889;44.921.875;632.523.132.324.219;6.281.174;1.450.376;1.670.284;15.653.929.999.999.900;1.511.863;468.928;4.333.786;4.428.030.000.000.000;128.587;4.220.654;;4.669.388;4.674.882;261.651;6.750.424;4.043.226;8.933.967;5.439.733;1.109.529;6.096.259;6.957.435;7.969.743;8.122.933;7.978.909;4.856.935;674.074;9.093.749;8.848.575;4.960.329;2.417.608;5.083.038;8.021.791;00.00;4.973.958;31.25.00;9.166.666;3.229.166;3.229.166;4.296.875;48.900.459.999.999.900;41.087.959.999.999.900;4.340.278;4.832.176;2.876.158;1.145.833;;2.213.542
219324;01/09/2018 07.24;2.404.398;50.824.649.810.790.900;5.138.889;44.921.875;6.302.083;6.126.145;1.460.503;1.678.964;15.697.339.999.999.900;1.511.863;46.429.120.000.000.000;43.194.179.999.999.900;4.343.251;1.312.181;4.184.052;;461.496;4.652.268;2.565.178;6.737.046;4.049.486;8.921.815;5.424.054;1.103.944;6.067.481;7.007.558;7.993.607;7.785.366;7.878.661;4.981.116;6.754.630.000.000.000;9.302.083;895.209;4.952.872;2.521.738;5.166.116;7.956.619;00.00;4.947.916;3.177.083;9.895.833;3.229.166;322.916.641.235.352;4.609.375;4.803.241;4.050.926;4.369.213;49.189.820.000.000.000;2.899.305;1.105.324;;2.225.116
219325;01/09/2018 07.25;24.004.630.000.000.000;50.824.649.810.790.900;5.138.889;44.921.875;6.309.028;59.090.740.000.000.000;145.761;1.675.347;15.661.170.000.000.000;1.508.247;4.597.811;4.307.651;4.212.064;1.290.954;4.207.993;;4.614.423;4.738.144;2.683.004;6.743.373;4.062.341;8.972.885;5.422.915;1.103.732;6.096.799;7.072.614;8.008.126;6.981.542;7.849.209;49.657.099.999.999.900;6.907.407;9.145.833;9.136.635;5.025.418;2.614.129;5.375.388;8.017.361;00.00;484.375;31.25.00;1.033.854;3.177.083;322.916.641.235.352;4.817.708;474.537;4.021.991;44.560.179.999.999.900;49.189.820.000.000.000;2.934.028;1.070.602;;2.233.796
219326;01/09/2018 07.26;2.406.366;5.082.465;5.138.889;44.921.875;6.280.093;60.741.409.999.999.900;1.460.503;1.675.347;15.653.929.999.999.900;1.512.587;4.591.362;4.326.846;3.976.552;1.309.821;4.207.069;;4.645.247;4.634.937;2.551.632;675.278;4.057.513;8.947.432;5.427.771;11.070.639.999.999.900;608.452;7.007.646;8.005.104;3.978.704;8.231.795;4.752.002;6.370.369.999.999.990;8.833.333;8.788.979;481.28.00;2.642.491;5.484.092;8.094.878;00.00;4.791.666;3.098.958;1.041.667;3.151.042;322.916.641.235.352;4.947.916;46.875;396.412;4.513.889;4.832.176;2.954.283;1.032.986;;2.242.477
219327;01/09/2018 07.27;2.396.528;5.086.805;5.138.889;44.921.875;6.314.814;6.084.713.000.000.000;15.010.129.999.999.900;1.670.284;15.653.929.999.999.900;15.010.129.999.999.900;4.552.995;432.958;3.893.358;1.276.924;4.188.517;;4.615.786;4.497.573;2.379.745;6.768.682;4.048.903;8.950.311;5.408.827;1.104.945;6.077.664;7.011.501;8.034.830.000.000.000;2.284.497;7.920.939;4.908.291;6.550.926;8.890.624;8.792.773;4.687.317;2.636.253;5.603.164;8.135.547;00.00;4.739.583;3.046.875;1.028.646;3.151.042;322.916.641.235.352;50.00.00;474.537;3.935.185;46.875;474.537;2.965.856;1.012.731;;2.254.051
219328;01/09/2018 07.28;240.735;508.680.534.362.793;5.130.208;44.921.875;625.00.00;630.942;15.234.379.999.999.900;1.670.284;1.576.968;150.897;4.600.457;43.015.440.000.000.000;3.747.607;1.284.779;4.234.556;;4.643.228;4.625.752;252.527;6.760.095;4.071.597;8.955.358;5.420.309;1.112.769;6.090.572;6.985.374;7.985.234;4.679.867;8.078.885;4.874.154;6.828.704;8.786.458;8.955.522;4.694.132;2.647.419;5.605.063;8.201.335;00.00;4.713.541;3.020.833;1.002.604;31.25.00;3.229.166;4.947.916;474.537;390.625;4.947.917;462.963;2.954.283;9.722.222;;2.256.944
219329;01/09/2018 07.29;24.004.630.000.000.000;508.680.534.362.793;5.138.889;44.921.875;6.305.555;6.225.051;150.463;1.670.284;1.573.351;1.506.076;46.469.409.999.999.900;4.316.179;36.649.830.000.000.000;1.278.457;4.202.327;;4.677.441;4.613.154;2.522.662;6.770.207;4.058.272;8.965.073;5.403.698;1.109.552;6.085.007;6.969.142;8.009.937;4.877.382;7.971.959;4.720.703;7.013.889;8.755.208;898.007;4.698.396;2.602.549;5.668.867;8.368.069;00.00;46.875;30.208.332.061.767.600;9.661.458;3.098.958;325.520.820.617.676;4.869.791;46.875;390.625;5.208.333;4.513.889;2.934.028;931.713;;2.282.986
219330;01/09/2018 07.30;2.404.398;508.680.534.362.793;5.130.208;44.921.875;6.243.055;6.173.517;15.198.210.000.000.000;166.522;15.697.339.999.999.900;1.511.863;4.692.899;4.298.141;38.754.809.999.999.900;12.936.960.000.000.000;4.210.085;;4.620.646;461.401;25.425;6.752.033;4.056.539;8.901.883;5.418.506;1.109.062;6.077.747;6.982.647;7.979.319;4.986.559;7.938.431;4.815.702;6.601.852;8.874.999;9.115.079;4.773.953;2.496.338;5.568.444;8.299.495;00.00;46.875;3.020.833;9.244.791;30.989.582.061.767.600;328.125;4.817.708;4.658.565;3.935.185;5.381.944;44.560.179.999.999.900;2.905.092;8.969.906.999.999.990;;2.300.347
219331;01/09/2018 07.31;2.404.398;508.680.534.362.793;5.138.889;44.921.875;6.319.445;6.100.807;1.511.863;1.670.284;1.576.968;1.511.863;4.717.918;4.295.316;4.156.985;1.249.467;42.056.199.999.999.900;;46.382.599.999.999.900;4.661.339;2.553.115;6.736.858;4.054.518;8.944.817;5.406.812;1.108.514;6.128.932;6.991.317;7.974.421;4.798.127;7.937.335;4.845.757;6.814.814;9.265.624;8.858.865;4.787.012;2.540.007;5.398.792;8.441.367;00.00;4.739.583;2.994.792;8.697.916;3.098.958;3.255.208;4.713.541;462.963;4.079.861;546.875;4.369.213;2.876.158;8.709.491;;2.311.921
219332;01/09/2018 07.32;23.955.439.999.999.900;508.680.534.362.793;5.138.889;44.921.875;6.273.148;600.312;15.198.210.000.000.000;1.670.284;15.697.339.999.999.900;1.508.247;4.768.099;4.325.906;4.491.905;128.478;4.217.686;;4.704.876;4.660.332;2.593.849;6.754.778;4.073.527;8.951.548;5.415.362;11.074.489.999.999.900;6.138.525;6.982.382;802.465;50.169.199.999.999.900;8.039.888;4.871.253;6.435.185;9.098.958;8.913.538;4.691.088;254.762;5.372.717;8.481.889;00.00;484.375;2.994.792;81.25.00;31.25.00;325.520.820.617.676;4.609.375;462.963;4.224.537;546.875;4.369.213;2.867.477;8.449.074;;2.326.389
219333;01/09/2018 07.33;2.404.398;5.086.805;5.130.208;4.492.188;620.138.916.015.625;6.240.231;150.463;166.088;15.653.929.999.999.900;15.010.129.999.999.900;49.274.609.999.999.900;4.300.843;4.730.721;1.269.524;4.192.209;;4.658.347;4.651.369;25.631.049.999.999.900;6.767.443;4.063.402;896.541;5.447.518;1.107.383;6.084.861;7.017.468;8.009.069.999.999.990;4.916.926;7.902.242;4.886.005;6.606.481;8.463.541;9.040.031;4.696.285;2.516.764;5.376.611;8.348.639;00.00;484.375;296.875;7.864.583;3.151.042;325.520.820.617.676;453.125;474.537;4.369.213;546.875;4.398.148;2.893.518;8.246.528;;2.335.069
219334;01/09/2018 07.34;2.401.447;5.104.166;5.130.208;4.487.847;628.125;6.465.873;151.548;1.670.284;15.617.770.000.000.000;1.508.247;4.772.852;4.318.685;4.824.589;129.108;4.208.037;;4.654.188;4.735.233;2.689.306;680.38.00;4.064.846;8.989.095;5.429.485;1.110.734;6.129.243;7.061.627;8.033.779;4.957.929;7.725.285;5.090.817;6.513.889;8.291.666;9.116.556;4.722.126;2.510.275;5.417.201;8.338.437;00.00;484.375;296.874.980.926.514;7.734.375;3.177.083;325.520.820.617.676;4.401.041;4.803.241;4.398.148;5.381.944;4.398.148;2.896.412;7.957.176;;2.349.537
219335;01/09/2018 07.35;2.404.398;5.095.486;5.138.889;448.784.713.745.117;6.303.241;6.379.833.000.000.000;150.897;166.088;15.617.770.000.000.000;1.508.247;46.752.959.999.999.900;43.211.079.999.999.900;4.903.773.999.999.990;12.896.939.999.999.900;4.192.533;;4.615.226;4.645.354;2.563.614;6.799.786;4.070.504;8.937.224;5.450.881;1.112.055;6.105.873;7.080.764;8.031.772;3.545.532;792.808;4.951.409;6.805.555;8.963.541;9.019.448;4.749.509;2.472.055;5.374.846;8.281.491;00.00;4.791.666;296.874.980.926.514;78.125;3.151.042;325.520.820.617.676;4.296.875;4.774.306;44.560.179.999.999.900;52.372.679.999.999.900;44.560.179.999.999.900;2.925.347;7.696.759;;2.378.472
219336;01/09/2018 07.36;2.404.398;50.954.860.687.255.800;5.130.208;448.784.713.745.117;6.355.324;6.573.648;1.511.863;166.522;15.653.929.999.999.900;1.511.863;4.770.802;4.325.502;4.978.804;1.309.184;4.204.276;;46.026.800.000.000.000;4.603.173;2.513.207;6.802.565;4.061.987;8.977.574;5.462.678;11.097.930.000.000.000;6.117.057;7.004.882;8.043.541;1.962.448;7.930.234;486.726;6.810.185;8.333.333;8.636.163;47.010.699.999.999.900;2.532.501;5.376.614;8.203.203;00.00;4.739.583;296.875;81.25.00;3.177.083;3.255.208;4.296.875;4.658.565;44.560.179.999.999.900;5.179.398;44.849.540.000.000.000;2.913.773;7.581.019;;2.387.153
219337;01/09/2018 07.37;2.399.479;50.954.860.687.255.800;5.130.208;448.784.713.745.117;6.258.102;6.658.123;150.897;166.522;15.653.929.999.999.900;1.506.076;48.902.390.000.000.000;4.301.192;4.880.798;1.313.769;4.208.141;;4.610.592;4.644.743;2.556.535;6.762.948;4.054.419;8.967.249;5.434.639;1.109.612;6.134.918;7.017.074;8.004.089;5.794.567;8.037.503;498.03.00;6.407.407;8.703.124;8.790.814;4.713.971;2.471.024;5.307.602;8.099.053;00.00;4.739.583;2.994.792;8.385.416;31.770.832.061.767.600;328.125;4.401.041;4.600.694;4.369.213;5.208.333;4.600.694;2.899.305;7.552.084;;2.375.579
219338;01/09/2018 07.38;240.735;50.954.860.687.255.800;515.191;448.784.713.745.117;628.125;6.772.961;15.198.210.000.000.000;1.670.284;15.653.929.999.999.900;15.010.129.999.999.900;50.038.509.999.999.900;4.297.703;4.843.529;13.081.010.000.000.000;4.198.792;;4.613.235;4.541.446;2.443.693;6.777.997;4.060.161;8.927.226;5.428.785;11.109.489.999.999.900;6.107.731;7.005.642;8.000.084;6.368.715;8.164.253;497.936;6.949.074;8.098.958;8.935.073;47.068.800.000.000.000;2.385.755;5.265.434;8.058.094;00.00;4.713.541;3.020.833;859.375;31.770.832.061.767.600;328.125;4.453.125;44.849.540.000.000.000;4.340.278;5.324.074;46.875;29.108.799.999.999.900;7.378.472;;2.349.537
219339;01/09/2018 07.39;2.405.382;50.954.860.687.255.800;5.130.208;448.784.713.745.117;6.400.463;6.609.692;150.897;166.522;15.617.770.000.000.000;15.053.529.999.999.900;506.857;4.314.033;4.679.026;130.496;4.195.036;;4.618.647;4.599.486;248.231;6.778.012;4.058.373;8.958.298;5.433.074;1.107.225;6.089.469;7.019.452;7.998.485;6.589.893;8.176.171;5.023.897;6.782.407;8.203.124;8.482.239;4.679.099;236.995;5.193.314;8.173.126;00.00;4.661.458;3.020.833;9.270.833;31.770.832.061.767.600;328.125;4.609.375;44.560.179.999.999.900;4.253.472;5.497.685;48.900.459.999.999.900;2.971.643;7.233.796;;2.291.667
219340;01/09/2018 07.40;24.004.630.000.000.000;5.095.486;5.125.868;448.784.713.745.117;6.362.268;6.521.517;15.241.610.000.000.000;166.522;15.653.929.999.999.900;1.516.204;5.060.966;430.515;4.437.858;1.300.997;4.204.254;;4.640.654;4.553.536;2.480.718;6.751.653;4.063.909;8.955.288;5.419.581;1.105.682;6.066.751;6.974.813;796.877;6.628.710.000.000.000;8.087.789;4.971.787;6.791.666;8.749.999;8.778.085;4.600.356;2.415.554;5.150.535;8.094.573;00.00;4.557.291;3.098.958;96.875;31.770.832.061.767.600;3.307.291;4.869.791;4.398.148;44.560.179.999.999.900;56.712.959.999.999.900;5.092.593;2.936.921;7.204.861;;2.213.542
219341;01/09/2018 07.41;240.735;50.998.259.999.999.900;5.130.208;448.784.713.745.117;6.320.602;651.373;1.511.863;166.522;1.570.457;1.511.863;4.931.823;4.305.529;4.264.346;1.306.287;42.161.699.999.999.900;;4.646.004;4.702.733;2.633.499;6.758.417;4.066.047;8.927.471;5.429.954;1.107.095;6.090.685;7.002.484;7.997.337;6.697.181;7.999.769;5.113.949;7.231.481;9.072.916;8.949.313;4.625.889;2.447.438;5.192.747;8.127.578;00.00;4.479.166;31.25.00;9.635.416;3.177.083;3.359.375;5.052.083;4.398.148;4.542.824;59.317.130.000.000.000;5.353.009;280.382;7.204.861;;2.225.116
219342;01/09/2018 07.42;2.397.512;50.998.260.498.046.800;5.125.868;448.784.713.745.117;6.267.361;6.506.836;151.548;166.522;15.697.339.999.999.900;1.511.863;4.826.236;4.282.249;4.083.074;1.299.774;4.199.732;;4.630.009;4.575.959;2.488.134;6.773.831;4.045.176;8.933.889;5.428.044;1.110.268;6.077.646;7.016.376;8.003.791;6.821.011;8.012.853;5.167.167;6.574.074;8.828.124;9.026.827;4.641.684;2.462.893;5.291.901;8.070.471;00.00;453.125;312.499.980.926.514;953.125;3.151.042;3.359.375;5.078.125;4.398.148;462.963;6.221.065;552.662;2.688.079;7.349.537;;2.291.667
219343;01/09/2018 07.43;2.406.366;50.998.260.498.046.800;5.130.208;448.784.713.745.117;6.304.398;6.557.644;15.010.129.999.999.900;1.670.284;15.653.929.999.999.900;1.508.247;47.630.390.000.000.000;42.408.120.000.000.000;38.154.269.999.999.900;13.007.539.999.999.900;4.230.088;;4.634.187;455.476;24.810.659.999.999.900;6.779.526;4.054.762;8.926.558;5.417.046;1.110.844;6.121.027;7.020.099;8.035.246;6.825.602;799.095;494.09.00;6.898.148;9.609.374;8.810.585;4.631.498;2.496.991;5.449.892;8.159.689;00.00;4.583.333;31.25.00;9.270.833;3.177.083;3.385.416;50.00.00;4.398.148;4.803.241;6.423.611;5.642.361;2.618.634;7.523.148;;234.375
219344;01/09/2018 07.44;2.404.398;50.998.260.498.046.800;5.130.208;448.784.713.745.117;6.346.064;6.408.946.999.999.990;150.897;166.522;15.653.929.999.999.900;1.508.247;4.714.257;4.257.979;36.976.769.999.999.900;129.479;4.191.872;;4.590.118;4.626.211;253.547;6.779.855;4.066.091;8.906.645;5.405.132;11.055.910.000.000.000;6.111.265;7.018.451;7.993.205;683.554;7.991.824;5.009.477;6.791.666;9.276.041;8.908.144;458.395;2.402.343;5.311.147;8.083.931;00.00;4.661.458;3.151.042;8.776.041;3.255.208;3.385.416;4.921.875;44.560.179.999.999.900;49.189.820.000.000.000;6.510.416;57.870.369.999.999.900;2.667.824;7.667.824;;239.294
219345;01/09/2018 07.45;2.399.479;50.998.260.498.046.800;5.125.868;448.784.713.745.117;6.429.398.193.359.380;6.430.596;1.511.863;166.088;1.570.457;15.227.139.999.999.900;47.355.709.999.999.900;4.288.086;35.651.910.000.000.000;129.288;4.211.001;;4.652.943;476.961;2.704.198;6.769.059;4.057.999;894.332;5.403.816;1.102.833;6.108.431;6.936.289.999.999.990;7.988.157;6.924.076;811.08.00;5.187.162;6.925.926;9.083.333;9.170.679;4.611.018;2.307.851;518.28.00;8.122.887;00.00;46.875;3.229.166;8.333.333;3.255.208;3.411.458;4.791.666;462.963;5.353.009;6.510.416;60.474.540.000.000.000;282.118;7.957.176;;2.427.662
219346;01/09/2018 07.46;240.735;50.998.260.498.046.800;5.125.868;448.784.713.745.117;6.288.195;6.389.051;151.548;166.088;1.553.096;150.897;4.727.454;4.250.647;351.024;12.911.810.000.000.000;4.209.607;;4.613.329;4.656.816;254.926;6.742.763;4.046.762;8.871.385;5.406.732;1.106.645;6.094.664;6.946.301;7.963.176;6.978.962;7.952.619;4.997.647;7.046.296;9.244.791;8.981.008;4.650.157;2.341.597;5.074.354;8.088.528;00.00;46.875;3.177.083;796.875;328.125;341.145.820.617.676;4.661.458;4.803.241;6.076.389;6.394.676;6.365.741;2.980.324;8.101.852;;2.459.491
219347;01/09/2018 07.47;24.004.630.000.000.000;50.998.260.498.046.800;5.130.208;448.784.713.745.117;6.284.722;6.364.821;1.511.863;166.522;15.653.929.999.999.900;15.053.529.999.999.900;4.710.452;4.314.006;35.358.410.000.000.000;1.296.861;4.204.007;;4.640.319;4.675.109;2.594.889;6.718.399;4.058.121;8.927.606;542.246;1.108.461;6.186.158;6.966.619;7.973.634;696.033;7.886.132;4.893.351;6.791.666;9.031.249;9.023.674;4.707.088;2.350.402;4.974.692;8.185.042;00.00;46.875;3.229.166;7.682.291;328.125;3.411.458;4.583.333;49.189.820.000.000.000;6.539.352;6.221.065;6.799.769;3.098.958;8.159.722;;2.462.384
219348;01/09/2018 07.48;2.404.398;50.998.259.999.999.900;5.125.868;448.784.713.745.117;628.125;6.526.908;15.198.210.000.000.000;166.522;15.617.770.000.000.000;1.511.863;47.131.159.999.999.900;4.290.077;34.390.400.000.000.000;1.297.229;4.207.829;;465.135;4.619.738;25.176.279.999.999.900;6.762.208;4.052.578;8.968.815;5.418.716;1.102.757;6.063.015;6.988.004;8.000.087;6.878.035;799.835;5.174.396;674.074;9.020.833;9.281.196;4.811.191;222.74;4.941.383;8.098.069;00.00;46.875;3.229.166;7.291.666;328.125;34.375;4.557.291;4.947.917;6.712.963;59.895.830.000.000.000;7.291.666;32.320.599.999.999.900;8.130.787;;2.476.852
219349;01/09/2018 07.49;24.004.630.000.000.000;5.086.805;5.125.868;4.487.847;6.304.398;6.410.956.999.999.990;1.511.863;1.670.284;15.617.770.000.000.000;15.053.529.999.999.900;4.661.101;43.099.759.999.999.900;35.539.160.000.000.000;1.302.392;4.204.172;;4.642.711;4.691.229;2.605.491;6.767.895;4.074.039;8.947.048;5.418.871;1.109.755;612.123;7.041.189.999.999.990;8.016.494;6.836.259;8.085.673;4.921.329;6.907.407;9.369.791;9.090.248;4.762.018;2.285.002;4.947.002;8.006.713;00.00;4.739.583;3.255.208;6.822.916;328.125;34.375;4.479.166;5.063.657;6.684.028;57.581.019.999.999.900;7.696.759;3.356.481;8.015.046;;2.514.468
219350;01/09/2018 07.50;2.402.431;50.998.259.999.999.900;5.130.208;448.784.713.745.117;6.313.657;6.496.229;15.198.210.000.000.000;1.670.284;1.570.457;15.053.529.999.999.900;4.588.923;4.316.272;3.520.919;1.301.656;4.195.548;;4.636.938;4.691.358;2.612.494;6.806.102;4.060.449;8.914.768;5.434.209.999.999.990;1.106.337;6.074.938;7.041.587;8.013.766;672.548;8.132.568;5.104.241;712.05.00;9.317.708;9.238.605;4.876.401;2.273.523;4.952.173;7.905.821;00.00;4.739.583;3.229.166;6.354.166;3.307.291;3.411.458;4.401.041;5.208.333;6.568.287;552.662;7.986.111;3.469.329;787.037;;254.919
219351;01/09/2018 07.51;2.406.366;5.104.166;5.130.208;448.784.713.745.117;640.625;6.399.456;1.511.863;166.522;15.617.770.000.000.000;1.511.863;4.572.533;4.289.901;33.938.669.999.999.900;1.307.142;4.210.426;;4.683.208;46.920.099.999.999.900;2.625.922;676.441;4.057.448;8.970.967;5.404.748;1.106.346;609.288;7.020.523;798.663;6.687.164;7.899.693;5.121.976;6.930.555;9.109.374;9.197.637;4.921.416;23.271.099.999.999.900;5.122.668;7.975.716;00.00;46.875;322.916.641.235.352;61.458.330.000.000.000;330.729.141.235.352;341.145.820.617.676;4.270.833;5.381.944;6.365.741;52.662.040.000.000.000;8.072.916;3.590.856;7.783.565;;2.563.658
219352;01/09/2018 07.52;24.004.630.000.000.000;51.041.664.123.535.200;5.130.208;448.784.713.745.117;6.370.369.999.999.990;6.208.515;15.198.210.000.000.000;166.522;15.653.929.999.999.900;1.516.204;4.583.469;42.71;32.810.989.999.999.900;1.302.263;4.216.503;;4.681.135;4.638.336;2.554.948;6.789.174;4.040.275;8.928.176;5.440.691;1.110.508;6.119.344;700.393;7.987.664;6.595.272;8.035.609;5.107.581;687.05.00;9.505.208;9.016.766;4.946.982;2.351.115;5.030.523;7.825.355;00.00;4.661.458;322.916.641.235.352;59.895.830.000.000.000;3.307.291;341.145.820.617.676;4.192.708;5.844.906.999.999.990;6.105.324;5.121.528;8.072.916;3.666.088;7.581.019;;2.572.338
219353;01/09/2018 07.53;2.402.431;51.041.664.123.535.200;5.125.868;448.784.713.745.117;6.303.241;6.311.716;1.511.863;166.522;15.617.770.000.000.000;1.508.247;4.626.876;42.480.270.000.000.000;30.900.689.999.999.900;1.298.471;4.200.852;;4.616.458;4.746.481;2.680.605;676.762;40.651.300.000.000.000;8.927.807;5.424.087;1.108.869;6.093.951;7.012.560.000.000.000;7.976.274;6.593.419;8.145.033;515.612;6.962.963;9.270.833;8.971.621;4.916.826;233.144;5.107.047;7.863.516;00.00;46.875;3.229.166;5.963.541;328.125;341.145.820.617.676;4.192.708;697.338;5.902.778.000.000.000;4.976.852;7.986.111;37.008.099.999.999.900;7.407.406.999.999.990;;2.578.125
219354;01/09/2018 07.54;2.402.431;51.041.664.123.535.200;5.125.868;448.784.713.745.117;6.271.990.966.796.880;6.338.721.999.999.990;1.511.863;166.522;1.584.925;1.512.587;459.993;4.279.213;2.962.001;1.301.742;4.217.555;;4.680.292;4.607.975;2.529.521;6.795.731;4.059.897;9.048.952;5.426.398;1.110.368;6.097.694;7.054.457;7.986.436;6.532.407;7.993.873;4.980.884;6.828.704;9.218.749;8.943.388;494.075;2.427.041;5.289.119;7.960.908;00.00;4.739.583;325.520.820.617.676;59.114.580.000.000.000;3.307.291;3.411.458;4.166.666;8.159.722;5.642.361;49.189.820.000.000.000;7.928.241;3.680.555;7.291.666;;2.575.231
219355;01/09/2018 07.55;24.004.630.000.000.000;51.041.664.123.535.200;5.130.208;448.784.713.745.117;626.736.083.984.375;620.022;151.548;1.670.284;15.625;15.053.529.999.999.900;4.614.373;42.909;2.912.443;1.303.387;4.200.341;;4.646.104;4.678.809;2.605.628;6.779.935;4.062.047;894.312;5.427.572;1106.27.00;6.116.467;7.016.489.999.999.990;8.034.152;6.362.012;798.015;4.862.441;7.037.037;9.057.291;8.990.007;4.877.177;2.420.163;5.156.284;7.840.536;00.00;4.791.666;328.125;5.703.125;3.307.291;34.375;4.192.708;9.403.935;546.875;4.947.917;78.125;3.605.324;7.146.991;;2.563.658
219356;01/09/2018 07.56;2.406.366;51.041.664.123.535.200;5.125.868;448.784.713.745.117;626.851.806.640.625;6.148.761;151.548;1.670.284;15.653.929.999.999.900;1.511.863;4.591.515;4.303.904;2.872.629;1.300.124;4.203.033;;4.662.161;4.556.808;2.466.228;6.766.016;4.062.429;8.965.060.000.000.000;543.752;1.109.288;6.109.991;7.012.154;799.605;4.130.548;7.989.013;4.957.028;6.824.074;9.072.916;9.367.005;4.888.637;2.346.082;5.122.592;7.866.752;00.00;484.375;3.307.291;5.859.375;3.359.375;3.489.583;4.166.666;1.012.731;5.324.074;4.976.852;7.696.759;3.550.347;7.060.185;;2.546.296
219357;01/09/2018 07.57;2.399.479;5.104.166;5.125.868;448.784.713.745.117;6.365.740.966.796.880;6.171.354;1.511.863;166.522;15.617.770.000.000.000;1.512.587;457.769;431.041;28.229.580.000.000.000;1.299.902;4.206.481;;4.641.175;4.719.788;26.040.229.999.999.900;6.747.135;4.061.046;892.132;5.413.115;1.106.772;6.117.448;699.327;7.955.103;5.626.606;8.028.325;5.050.859;6.828.704;9.218.749;9.172.298;4.939.226;2.362.294;5.067.108;7.901.805;00.00;4.947.916;3.385.416;5.885.416;3.359.375;3.489.583;4.192.708;1.032.986;5.179.398;4.976.852;7.581.019;3.561.921;6.915.509;;2.514.468
219358;01/09/2018 07.58;2.404.398;5.108.507;51.215.270.000.000.000;448.784.713.745.117;6.403.935.546.875;6.323.667;1.511.863;166.522;15.617.770.000.000.000;1.507.523;4.611.708;43.064.820.000.000.000;2.806.963;1.228.394;4.222.967;;4.623.322;4.595.099;2.514.266;6.781.351;405.545;8.940.861;5.431.553;1.110.555;6.113.606;7.011.234;8.003.052;5.291.686;7.951.002;4.885.646;6.578.704;8.812.499;883.952;4.854.388;2.420.943;5.163.438;8.006.901;00.00;4.921.875;338.541.641.235.352;59.895.830.000.000.000;3.385.416;3.515.625;4.270.833;1.012.731;5.034.722;49.189.820.000.000.000;7.552.084;3.599.537;6.828.703;;2.488.426
219359;01/09/2018 07.59;2.404.398;510.850.677.490.234;5.125.868;4.487.847;6.298.611;643.698;1.511.863;166.522;15.697.339.999.999.900;1.511.863;4.596.924;4.292.288;2.875.368;127.101;4.204.181;;4.637.616;45.919.800.000.000.000;2.478.756;6.770.548;4.040.326;8.908.326;5.432.153;1.106.924;6.142.585;6.943.559;7.961.995;4.283.634;7.890.909;4.964.532;6.629.630.000.000.000;8.760.416;9.018.239;4.875.562;2.447.827;5.182.982;8.026.902;00.00;4.921.875;3.385.416;6.354.166;338.541.641.235.352;3.541.666;4.270.833;9.664.352;48.900.459.999.999.900;4.832.176;7.552.084;3.648.727;6.799.769;;2.471.065
219360;01/09/2018 08.00;2.404.398;510.850.677.490.234;5.130.208;44.791.664.123.535.200;6.248.843;6.640.831.999.999.990;15.198.210.000.000.000;1.670.284;15.653.929.999.999.900;1.508.247;4.561.166;4.285.266;3.055.834;12.776.819.999.999.900;4.191.642;;4.608.608;4.637.505;254.175;677.997;4.056.917;8.898.403;5.384.075;1.106.101;6.093.651;6.994.748;7.987.858;5.137.595;8.126.531;4.863.349;6.800.926;8.578.124;9.075.029;477.524;2.459.124;5.219.501;7.985.638;00.00;484.375;3.307.291;61.458.330.000.000.000;3.411.458;35.416.664.123.535.200;4.296.875;8.506.944;46.875;474.537;7.552.084;3.608.217;708.912;;245.081
219361;01/09/2018 08.01;2.404.398;510.850.677.490.234;5.130.208;44.791.664.123.535.200;6.248.843;6.640.831.999.999.990;15.198.210.000.000.000;1.670.284;15.653.929.999.999.900;1.508.247;4.561.166;4.285.266;3.055.834;12.776.819.999.999.900;4.191.642;;4.608.608;4.637.505;254.175;677.997;4.056.917;8.898.403;5.384.075;1.106.101;6.093.651;6.994.748;7.987.858;5.137.595;8.126.531;4.863.349;6.800.926;8.578.124;9.075.029;477.524;2.459.124;5.219.501;7.985.638;00.00;484.375;3.307.291;61.458.330.000.000.000;3.411.458;35.416.664.123.535.200;4.296.875;8.506.944;46.875;474.537;7.552.084;3.608.217;708.912;;245.081
219362;01/09/2018 08.02;2.401.447;510.850.677.490.234;5.125.868;44.791.664.123.535.200;6.370.369.999.999.990;6.555.812;151.548;166.522;15.567.129.999.999.900;1.511.863;45.679.790.000.000.000;4.286.029;3.218.795;12.935.889.999.999.900;4.217.906;;4.641.813;461.986;2.534.112;6.773.522;4.054.151;8.904.764;5.418.946;1107.82;611.559;6.976.988;7.972.023;5.153.803;7.857.537;4.740.724;6.370.369.999.999.990;8.927.083;8.763.639.999.999.990;4.769.342;2.569.501;5.425.886;8.163.163;00.00;4.921.875;3.307.291;6.354.166;3.385.416;35.416.664.123.535.200;421.875;8.072.916;4.600.694;4.658.565;7.494.213;3.457.755;7.291.666;;2.471.065
219363;01/09/2018 08.03;2.404.398;510.850.677.490.234;5.125.868;44.791.664.123.535.200;6.292.824;6.665.561;1.511.863;166.522;15.740.739.999.999.900;1.508.247;46.488.640.000.000.000;42.964.529.999.999.900;310.113;1.299.024;4.217.416;;4.634.583;4.642.228;2.537.819;6.755.622;4.050.259;8.940.451;5.408.480.000.000.000;1.111.844;6.149.646;6.998.843;7.989.417;5.069.793;8.008.489;4.982.163;6.532.407;9.020.833;8.908.826;4.756.416;2.522.951;5.346.989;8.000.554;00.00;5.130.208;3.307.291;6.770.833;338.541.641.235.352;35.416.664.123.535.200;4.270.833;7.957.176;4.513.889;4.600.694;7.407.406.999.999.990;3.252.315;7.262.731;;2.447.917
219364;01/09/2018 08.04;2.404.398;510.850.677.490.234;5.125.868;44.791.664.123.535.200;6.292.824;6.665.561;1.511.863;166.522;15.740.739.999.999.900;1.508.247;46.488.640.000.000.000;42.964.529.999.999.900;310.113;1.299.024;4.183.847;;46.388.199.999.999.900;4.615.226;2.515.603;6.794.748;4.047.535;9.010.846;5.413.032;1.109.826;6.078.721;7.050.087;8.012.758;5.101.735;793.868;4.763.109;6.699.074;8.749.999;8.846.161;4.807.834;2.473.383;5.417.313;8.002.103;00.00;5.130.208;3.307.291;6.770.833;3.385.416;3.541.666;4.270.833;7.957.176;4.513.889;4.600.694;7.407.406.999.999.990;3.252.315;7.262.731;;2.447.917
219365;01/09/2018 08.05;2.396.528;510.850.677.490.234;51.215.270.000.000.000;44.791.664.123.535.200;6.256.945;6.627.525;150.897;166.522;15.617.770.000.000.000;15.053.529.999.999.900;473.151;429.995;28.756.060.000.000.000;1.294.718;4.214.798;;4.630.087;4.588.694;2.520.429;6.777.560.000.000.000;4.059.428;9.016.552;5.417.909;1.109.733;6.135.388;7.017.356;8.033.254;477.962;7.830.554;4.843.893;6.717.593;8.838.541;9.031.948;4.691.972;2.458.481;5.285.767;8.138.303;00.00;57.552.080.000.000.000;34.375;71.875;3.541.666;3.567.708;453.125;7.841.435;4.398.148;4.658.565;7.841.435;2.922.454;7.233.796;;2.387.153
219366;01/09/2018 08.06;2.406.366;510.850.677.490.234;5.125.868;44.791.664.123.535.200;6.206.018;6.737.744;150.463;166.522;15.697.339.999.999.900;15.053.529.999.999.900;4.694.767;4.299.751;2.645.077;1.291.737;4.209.548;;4.631.899;472.267;26.798;6.750.792;4.080.639;8.928.889.999.999.990;5.432.225;1.109.795;6.198.457;7.038.425;8.029.655;460.226;8.077.549;4.968.085;6.560.185;8.723.958;8.822.542;4.713.632;2.499.203;5.310.222;8.176.487;00.00;57.552.080.000.000.000;3.489.583;7.473.958;3.619.791;3.567.708;453.125;78.125;4.340.278;4.774.306;8.101.852;2.774.884;7.233.796;;2.372.685
219367;01/09/2018 08.07;2.404.398;5.108.507;5.125.868;44.791.664.123.535.200;6.358.796;6.653.506;151.548;1.670.284;15.653.929.999.999.900;150.897;4.659.864;428.815;25.222.849.999.999.900;13.022.039.999.999.900;4.210.314;;4.670.351;4.550.361;2.465.929;6.783.510.000.000.000;40.605.199.999.999.900;8.939.408;5.426.635;1.109.193;6.086.017;7.035.968;8.037.462;4.818.351;7.837.073;4.817.965;6.648.148;8.760.416;8.831.216;4.750.247;2.514.614;5.474.142;8.224.881;00.00;56.25.00;34.375;7.864.583;3.619.791;3.541.666;4.583.333;7.667.824;4.253.472;4.832.176;8.101.852;2.644.676;7.204.861;;2.375.579
219368;01/09/2018 08.08;2.402.431;5.117.187;51.215.270.000.000.000;44.791.664.123.535.200;6.309.028;6.551.961.999.999.990;150.897;1.670.284;15.617.770.000.000.000;1.508.247;45.714.729.999.999.900;43.018.840.000.000.000;2.416.543;1.297.783;4.205.606;;4.623.789;4.568.866;245.381;6.769.389;4.046.607;8.960.012;5.423.994;1.111.516;6.138.595;7.004.312;8.017.039;482.534;7.970.172;4.920.247;7.069.445;8.880.208;9.132.515;4.813.087;2.521.452;5.432.928;8.177.142;00.00;546.875;3.385.416;8.046.875;356.770.820.617.676;3.515.625;4.713.541;7.696.759;4.224.537;48.900.459.999.999.900;7.957.176;2.537.616;7.060.185;;2.355.324
219369;01/09/2018 08.09;2.405.382;51.171.871.185.302.700;51.215.270.000.000.000;44.791.664.123.535.200;627.083.312.988.281;6.499.837;1.511.863;166.522;1.573.351;1.516.204;44.490.809.999.999.900;4.314.761;24.300.650.000.000.000;1.293.699;4.188.344;;4.633.578;4.670.488;2.580.898;6.774.569;4.061.383;8.975.599;5.443.345;1.108.469;6.089.553;7.031.487;8.018.891;3.842.797;7.845.927;4.959.791;6.884.259;8.640.624;8.889.656;4.767.614;2.488.098;5.365.317;821.575;00.00;5.260.416;3.307.291;8.072.916;3.515.625;3.489.583;4.791.666;787.037;4.195.602;4.947.917;7.725.694;2.479.745;697.338;;2.332.176
219370;01/09/2018 08.10;2.396.528;5.117.187;5.125.868;44.791.664.123.535.200;6.228.009.033.203.130;619.749;15.010.129.999.999.900;1.670.284;1.576.968;1.511.863;4.442.116;4.296.141;251.594;1.302.517;4.212.618;;4.614.472;4.655.445;258.183;6.766.664;4.043.712;8.933.468;5.422.595;1.105.557;6.131.239;6.996.769;7.982.964;2.114.672;7.865.113;4.773.684;6.347.222;9.192.708;8.664.127;4.845.131;2.437.105;5.373.326;8.212.994;00.00;5.182.291;3.307.291;7.994.791;34.375;3.515.625;4.791.666;8.072.916;4.166.667;5.121.528;7.378.472;2.433.449;697.338;;2.314.815
219371;01/09/2018 08.11;2.404.398;5.104.166;51.215.270.000.000.000;44.791.664.123.535.200;633.101.806.640.625;6.179.769;151.548;166.522;1.570.457;1.508.247;4.363.365;4.307.666;2.595.168;1.290.685;420.454;;4.586.958;4.677.192;2.584.175;6.759.481;4.057.195;8.930.806;5.428.613;1.102.601;6.089.465;7.018.686;7.985.474;3.081.563;8.030.142;5.011.581;6.675.926;8.812.499;8.890.623;4.768.341;2.424.009;5.308.883;8.246.412;00.00;5.078.125;3.645.833;7.864.583;3.385.416;3.515.625;4.739.583;8.391.203;41.087.959.999.999.900;5.353.009;7.002.315;2.369.792;6.944.444;;234.375
219372;01/09/2018 08.12;2.406.366;5.117.187;51.215.270.000.000.000;44.791.664.123.535.200;642.476.806.640.625;6.032.179;150.463;166.522;15.697.339.999.999.900;15.010.129.999.999.900;4.333.143;4.315.746;2.574.632;13.024.389.999.999.900;4.203.875;;4.656.721;4.518.283;24.174.450.000.000.000;6.772.796;4.060.358;8.883.842;544.105;1.105.615;6.076.722;6.967.557;8.013.695;547.515;8.102.759;4.928.361;6.675.926;8.458.333;8.719.471;475.721;2.437.117;5.308.238;8.256.717;00.00;4.973.958;4.140.625;7.734.375;3.359.375;3.489.583;4.713.541;8.709.491;41.087.959.999.999.900;552.662;6.568.287;2.326.389;6.857.639;;239.294
219373;01/09/2018 08.13;2.399.479;51.171.871.185.302.700;51.215.270.000.000.000;44.791.664.123.535.200;61.863.427.734.375;6.284.584;151.548;1.670.284;15.653.929.999.999.900;1.508.247;4.230.529;43.054.320.000.000.000;26.084.709.999.999.900;12.808.060.000.000.000;4.204.727;;4.640.684;4.612.297;2.545.323;6.787.861;4.050.402;8.992.931;5.445.217;1109.52.00;6.105.763;6.990.934;7.998.537;5.740.074;8.067.891;4.900.488;6.782.407;8.526.041;8.993.635;4.603.037;2.432.039;5.319.936;8.256.072;0.5321411;4.921.875;4.348.958;7.473.958;3.307.291;3.567.708;46.875;8.969.906.999.999.990;41.087.959.999.999.900;57.581.019.999.999.900;6.105.324;2.320.602;6.857.639;;2.421.875
219374;01/09/2018 08.14;2.410.301;5.117.187;51.215.270.000.000.000;44.791.664.123.535.200;623.726.806.640.625;6.754.871;150.897;1.670.284;15.653.929.999.999.900;15.053.529.999.999.900;4.108.225;4.312.507;2.623.282;1.266.809;4.196.751;;4.645.141;4.618.536;2.531.821;6.767.961;4.062.692;8.987.541;5.459.834;1.101.431;6.074.781;6.998.893;8.007.136;5.989.259.999.999.990;8.112.782;5.013.853;6.782.407;796.875;8.747.662;4.608.946;2.485.235;5.302.585;8.218.798;0.0020197039999999998;484.375;421.875;7.057.291;328.125;3.619.791;4.583.333;8.998.843.000.000.000;4.195.602;5.844.906.999.999.990;56.712.959.999.999.900;2.306.134;6.944.444;;2.456.597
219375;01/09/2018 08.15;2.396.528;51.215.270.000.000.000;5.125.868;4.479.166;623.726.806.640.625;6.687.991;151.548;1.670.284;1.576.968;1.508.247;4.032.483;4.325.423;274.464;12.888.810.000.000.000;4.193.329;;4.650.315;46.742.400.000.000.000;2.602.751;6.773.493;4.054.686;898.475;5.423.636;1.108.643;6.084.838;7.027.482;8.014.911;6.191.846;8.122.146;49.668.800.000.000.000;6.648.148;8.229.166;8.636.096;4.565.096;2.395.623;5.359.412;813.689;1.061.209;4.817.708;4.036.458;6.822.916;3.255.208;3.645.833;4.453.125;9.085.648;4.311.343;5.844.906.999.999.990;5.353.009;2.306.134;697.338;;2.508.681
219376;01/09/2018 08.16;2.404.398;51.215.274.810.790.900;5.125.868;44.791.664.123.535.200;634.375;6.625.178.000.000.000;150.463;1.670.284;15.567.129.999.999.900;1.516.204;4.014.568;4.308.696;2.658.013;1.264.018;4.211.385;;4.595.683;4.610.786;2.516.944;6.760.324;4.055.326;8.958.634;5.415.594;1.107.993;6.108.884;7.030.464;8.014.456;629.675;8.022.602;4.931.034;6.833.333;9.192.708;8.856.255;4.679.587;2.296.622;527.466;8.112.224;00.00;4.791.666;3.828.125;6.614.583;325.520.820.617.676;3.645.833;4.348.958;8.940.972;44.849.540.000.000.000;5.700.232;5.063.657;2.340.856;7.002.315;;254.919
219377;01/09/2018 08.17;2.404.398;51.215.274.810.790.900;51.215.270.000.000.000;44.791.664.123.535.200;630.017.395.019.531;6.353.031;15.198.210.000.000.000;1.670.284;15.617.770.000.000.000;15.053.529.999.999.900;4.059.806;4.312.828;2.645.278;1.309.685;4.203.333;;4.667.667;4.674.289;2.606.019;6.784.196;4.059.267;8.881.224;5.400.415;1112.75;6.079.513;6.993.295;8.000.659;637.388;8.158.774;5.094.476;7.180.555;9.203.124;909.299;4.666.003;2.245.454;5.072.338;8.116.509;00.00;4.817.708;37.05.00;6.640.625;325.520.820.617.676;3.619.791;4.270.833;859.375;462.963;5.613.426;48.900.459.999.999.900;2.398.727;7.204.861;;2.563.658
219378;01/09/2018 08.18;2.399.479;51.215.274.810.790.900;51.215.270.000.000.000;44.791.664.123.535.200;62.199.072.265.625;6.380.673;150.897;166.088;15.653.929.999.999.900;15.010.129.999.999.900;41.686.440.000.000.000;4.297.824;2.529.564;1.303.824;4.216.183;;457.346;463.894;2.560.345;6.735.331;4.060.759;8.931.459;5.432.681;11.060.330.000.000.000;6.086.269;6.963.504;8.001.728;6.441.313;812.132;5.091.764;7.087.963;9.171.874;8.823.622;4.616.006;2.235.962;5.009.058;8.098.636;00.00;4.921.875;3.671.875;6.666.666;325.520.820.617.676;3.541.666;421.875;8.130.787;4.832.176;552.662;474.537;2.407.407;7.436.343.000.000.000;;2.534.722
219379;01/09/2018 08.19;2.399.479;51.215.274.810.790.900;51.215.270.000.000.000;44.791.664.123.535.200;62.199.072.265.625;6.380.673;150.897;166.088;15.653.929.999.999.900;15.010.129.999.999.900;41.686.440.000.000.000;4.297.824;2.529.564;1.303.824;4.199.503;;4.612.882;4.672.654;2.585.499;6.763.399;4.066.523;8.886.759;5.394.012;1.105.826;611.618;6.982.844;8.001.037;6.531.089;7.928.860.000.000.000;5.062.843;661.574;9.385.416;8.911.114;4.581.534;2.261.201;4.928.565;8.156.125;00.00;4.921.875;3.671.875;6.666.666;3.255.208;3.541.666;421.875;8.130.787;4.832.176;552.662;474.537;2.407.407;7.436.343.000.000.000;;2.534.722
219380;01/09/2018 08.20;2.396.528;51.215.274.810.790.900;51.215.270.000.000.000;44.791.664.123.535.200;624.924.743.652.344;6.387.664;15.010.129.999.999.900;166.522;15.653.929.999.999.900;1.508.247;4.018.057;42.322.179.999.999.900;2.143.744;1.308.802;4.199.224;;4.598.438;4.577.425;2.462.807;6.766.863;4.050.718;8.944.359;5.417.924;1.105.161;6.077.698;7.006.030.000.000.000;7.986.329;663.623;8.078.053;48.664.300.000.000.000;6.995.369.999.999.990;9.020.833;8.897.418;4.567.806;2.299.164;4.982.645;8.033.649;00.00;4.921.875;3.515.625;6.692.708;328.125;348.958.320.617.676;4.192.708;7.204.861;4.976.852;552.662;4.600.694;2.459.491;7.696.759;;2.433.449
219381;01/09/2018 08.21;2.402.431;51.215.274.810.790.900;5.125.868;4.479.166;629.861.083.984.375;6.434.918;15.234.379.999.999.900;166.088;1.570.457;1.508.247;40.288.959.999.999.900;42.248.540.000.000.000;21.105.419.999.999.900;1.302.177;421.39.00;;4.660.924;4.607.779;2.537.775;6.745.782;4.063.563;8.973.837;5.390.624;1.106.924;6.091.891;6.988.117;7.985.266;6.764.981;8.022.729;5.064.075;6.805.555;9.249.999;8.953.538;4.657.907;2.201.141;5.089.648;7.974.132;00.00;4.869.791;3.411.458;6.666.666;328.125;34.375;4.192.708;697.338;4.947.917;5.497.685;44.849.540.000.000.000;2.531.829;7.783.565;;2.369.792
219382;01/09/2018 08.22;2.404.398;51.215.270.000.000.000;51.215.270.000.000.000;44.748.259.999.999.900;6.258.102;6.633.726.999.999.990;1.496.672;1.670.284;15.653.929.999.999.900;1.501.736;4.106.783;421.018;2.128.089;1.306.874;4.219.442;;4.630.236;4.528.652;2.440.804;6.752.765;4.051.392;8.909.407;540.07.00;11.052.089.999.999.900;6.058.848;6.929.453;7.986.815;6.813.502;7.868.318;505.376;674.074;9.151.041;9.049.424;4.685.381;2.270.913;5.077.558;7.887.706;00.00;4.817.708;3.307.291;68.75;328.125;3.411.458;4.192.708;6.770.834;48.900.459.999.999.900;546.875;44.560.179.999.999.900;2.618.634;787.037;;2.355.324
219383;01/09/2018 08.23;2.396.528;5.125.868;51.215.270.000.000.000;44.748.260.498.046.800;6.236.111;6.815.687;1.511.863;166.088;15.653.929.999.999.900;1.497.396;4.097.742;4.254.133;2.073.083;12.600.589.999.999.900;4.195.498;;464.606;4.583.188;2.480.671;6.711.441;4.046.001;896.66;5.402.883;1103.71;6.149.054;6.986.412;8.007.877;6.910.836;804.502;5.135.755;6.967.593;9.083.333;9.145.961;4.707.735;2.190.195;4.845.792;7.799.832;00.00;4.869.791;328.125;7.265.625;3.307.291;341.145.820.617.676;421.875;6.799.769;4.774.306;541.088;44.560.179.999.999.900;2.693.866;8.130.787;;2.378.472
219384;01/09/2018 08.24;2.405.382;512.586.784.362.793;5.125.868;44.748.260.498.046.800;6.288.195;6.680.994;1.511.863;1.670.284;15.653.929.999.999.900;1.511.863;4.114.725;42.256.840.000.000.000;2.149.609;1.290.662;4.204.141;;4.650.117;4.657.134;2.602.673;6.736.086;4.082.916;8.967.501;5.443.757;1.105.278;6.154.086;7.009.753;7.988.505;6.933.380.000.000.000;7.979.408;5.063.216;6.907.407;9.197.916;9.061.489;4.836.819;2.136.187;4.709.318;7.987.402;00.00;4.921.875;328.125;7.421.875;3.359.375;341.145.820.617.676;4.348.958;6.770.834;4.658.565;541.088;4.398.148;2.766.204;8.362.269;;2.462.384
219385;01/09/2018 08.25;24.004.630.000.000.000;512.586.784.362.793;51.215.270.000.000.000;44.748.260.498.046.800;6.271.990.966.796.880;6.639.679;15.198.210.000.000.000;166.088;15.740.739.999.999.900;1.506.076;41.651.709.999.999.900;420.632;2.196.053;120.201;4.214.786;;4.622.888;4.712.156;2.654.352;677.341;4.071.205;8.940.956;5.423.983;1.116.664;6.061.252;6.998.682;801.184;6.987.369;8.073.491;5.535.991;7.157.407;9.203.124;9.126.281;4.695.938;2.186.334;4.807.437;7.779.556;00.00;4.921.875;3.255.208;7.552.083;3.385.416;341.145.820.617.676;4.401.041;6.481.481;4.600.694;541.088;4.369.213;2.766.204;8.391.203;;2.546.296
219386;01/09/2018 08.26;2.404.398;512.586.784.362.793;5.117.187;44.748.260.498.046.800;625.00.00;6.719.265;150.463;166.088;15.697.339.999.999.900;1.520.544;4.230.918;4.181.953;217.292;1.223.398;420.251;;4.626.897;4.581.461;25.055;6.806.093;4.046.128;8.876.433;5.400.325;1.108.968;6.093.575;7.011.279;8.023.138;6.987.092;7.999.653;5.016.779;6.805.555;9.374.999;9.128.204;4.683.363;2.234.286;4.832.852;7.793.431;00.00;4.921.875;3.229.166;7.552.083;338.541.641.235.352;341.145.820.617.676;4.401.041;6.105.324;4.513.889;541.088;4.340.278;2.740.162;8.362.269;;2.595.486
219387;01/09/2018 08.27;2.406.366;512.586.784.362.793;51.215.270.000.000.000;44.748.260.498.046.800;633.912.048.339.844;6.661.251.999.999.990;1.511.863;166.522;1.573.351;1.511.863;4.285.781;41.905.590.000.000.000;22.731.630.000.000.000;1.229.157;4.202.889;;4.620.165;4.609.823;25.245.330.000.000.000;6.738.801;4.061.681;8.844.203;5.403.406;1.111.859;6.083.087;6.963.943;8.001.218;6.951.788;7.983.955;5.070.195;6.736.111;9.406.249;9.242.968;4.855.901;2.135.993;4.988.016;7.869.339;00.00;4.947.916;3.177.083;71.875;338.541.641.235.352;341.145.820.617.676;4.401.041;5.815.971.999.999.990;462.963;546.875;4.311.343;2.690.972;8.304.398;;2.578.125
219388;01/09/2018 08.28;2.396.528;5.125.868;51.215.270.000.000.000;44.748.260.498.046.800;628.587.951.660.156;6.797.634.000.000.000;150.897;166.522;15.653.929.999.999.900;1.516.204;43.341.429.999.999.900;4.199.174;2.203.981;1.267.319;4.191.229;;4.606.399;4.725.087;2.634.966;6.753.330.000.000.000;4.070.468;8.880.606;5.418.322;1.108.729;6.092.613;7.025.379;8.016.011;6.925.591;7.966.992;5.098.656;6.907.407;9.213.541;9.133.646;4.840.971;2.222.021;4.977.577;7.728.112;00.00;4.947.916;3.151.042;71.875;3.385.416;3.411.458;4.322.916;5.613.426;474.537;5.497.685;4.311.343;255.787;8.159.722;;2.537.616
219389;01/09/2018 08.29;2.406.366;5.130.208;51.215.270.000.000.000;44.748.260.498.046.800;632.638.916.015.625;7.184.057;151.548;1.670.284;1.573.351;150.897;4.309.212;417.473;2.154.095;1.278.035;4.212.794;;4.661.331;4.592.733;25.083.349.999.999.900;6.771.149;4.070.144;8.949.495;5.400.629;1105.72;6.093.849;7.013.167;8.020.939;6.898.047;8.141.596;5.027.697;6.717.593;9.421.874;9.307.612;4.915.833;2.164.181;4.659.134;7.783.011;00.00;4.973.958;3.151.042;7.604.166;3.411.458;3.385.416;4.348.958;5.381.944;4.832.176;5.555.556;4.253.472;2.462.384;8.015.046;;2.479.745
219390;01/09/2018 08.30;24.004.630.000.000.000;513.020.820.617.676;5.117.187;44.748.260.498.046.800;6.306.712.646.484.380;7.270.721;15.010.129.999.999.900;1.670.284;15.617.770.000.000.000;15.010.129.999.999.900;4.326.381;417.134;22.857.790.000.000.000;1.307.522;4.216.945;;4.674.587;4.566.305;2.481.373;6.784.175;4.062.939;8.953.782;5.400.253;1108.98;6.125.129;7.027.031;802.02.00;6.909.445;8.085.698;4.910.661;6.509.259;9.697.916;9.247.617;493.039;2.152.973;4.892.645;7.744.073;00.00;4.947.916;31.25.00;7.864.583;341.145.820.617.676;338.541.641.235.352;453.125;52.662.040.000.000.000;4.832.176;5.613.426;4.253.472;2.416.088;8.072.916;;2.421.875
219391;01/09/2018 08.31;2.404.398;513.020.820.617.676;51.215.270.000.000.000;44.748.260.498.046.800;639.583.312.988.281;7.351.468;150.897;166.522;15.653.929.999.999.900;15.169.270.000.000.000;43.430.279.999.999.900;4.198.084;2.232.349;1.308.155;4.209.556;;4.625.658;4.648.421;2.539.911;6.734.873;4.065.396;8.933.603;5.412.468;1.114.045;6.148.792;6.945.735;8.034.889;6.896.508;8.155.872;5.055.584;7.018.519;9.328.124;8.999.764;495.286;224.765;4.787.906;7.730.925;00.00;5.052.083;31.25.00;81.25.00;3.411.458;338.541.641.235.352;4.609.375;5.179.398;4.803.241;56.712.959.999.999.900;4.253.472;240.162;8.130.787;;2.346.644
219392;01/09/2018 08.32;2.406.366;513.020.820.617.676;51.215.270.000.000.000;44.748.259.999.999.900;6.333.333.740.234.380;7.101.588.000.000.000;150.897;166.088;15.653.929.999.999.900;15.053.529.999.999.900;43.086.859.999.999.900;425.857;2.177.419;13.064.810.000.000.000;420.686;;4.631.759;4.516.318;2.417.322;6.786.112;4.053.102;8.964.277;5.420.433;1.109.785;6.084.573;7.033.962;8.005.053;6.933.627;8.061.082;4.994.728;6.800.926;8.958.333;9.229.899;4.995.117;2.221.537;4.918.482;7.712.354;00.00;5.234.375;3.229.166;8.619.791;3.385.416;3.385.416;4.713.541;5.034.722;4.774.306;57.870.369.999.999.900;4.253.472;2.390.046;8.304.398;;2.268.519
219393;01/09/2018 08.33;2.396.528;513.020.820.617.676;51.215.270.000.000.000;4.470.486;6.328.704;6.628.044;1.511.863;1.670.284;15.697.339.999.999.900;1.512.587;4.471.027;428.665;2.152.779;1.305.889;420.014;;4.673.133;4.673.857;2.582.817;676.909;4.049.359;8.985.063;5.451.047;1110.09.00;611.318;6.983.582;8.055.204;696.24.00;8.114.351;4.925.633;6.662.037;9.302.083;8.991.541;49.288.300.000.000.000;2.225.872;4.924.411;7.710.845;00.00;53.125;328.125;9.088.541;3.411.458;34.375;4.869.791;4.947.917;474.537;59.317.130.000.000.000;4.253.472;2.387.153;8.304.398;;2.201.968
219394;01/09/2018 08.34;2.406.366;513.020.820.617.676;5.117.187;44.704.860.687.255.800;6.283.159;6.577.951.999.999.990;151.548;166.522;15.697.339.999.999.900;15.053.529.999.999.900;4.375.169;4.303.199;2.100.419;130.673;4.200.699;;4.660.262;4.527.389;24.220.610.000.000.000;6.636.582;3.968.849;8.633.735;5.232.637;1.060.194;5.701.304;653.17.00;7.278.641;7.043.565;786.41.00;4.950.075;6.685.185;8.760.416;915.743;4.967.368;2.326.288;5.050.335;767.434;00.00;5.260.416;3.359.375;9.427.083;3.385.416;34.375;5.052.083;4.803.241;46.875;60.474.540.000.000.000;4.253.472;240.162;8.246.528;;2.167.245
219395;01/09/2018 08.35;24.004.630.000.000.000;5.130.208;51.215.270.000.000.000;44.704.860.687.255.800;6.424.768;6.276.106;15.198.210.000.000.000;1.670.284;1.576.968;1.508.247;4.315.616;4.283.907;2.040.102;12.955.810.000.000.000;4.224.687;;4.643.271;4.645.519;2.590.323;6.810.394;4.058.134;9.013.261;5.441.394;1.114.597;6.176.962;7.090.996;8.073.191;6.956.473;7.904.759;5.153.801;6.717.593;9.140.624;9.095.062;4.725.981;1.929.371;4.475.151;7.507.062;00.00;5.182.291;3.411.458;9.895.833;3.359.375;34.375;5.130.208;57.870.369.999.999.900;46.875;6.076.389;4.253.472;2.433.449;8.101.852;;212.963
219396;01/09/2018 08.36;2.404.398;5.138.889;5.117.187;44.704.860.687.255.800;6.304.398.193.359.380;6.054.111.999.999.990;1.511.863;166.522;15.617.770.000.000.000;1.511.863;4.184.972;429.209;2.035.413;1.308.617;4.199.885;;4.659.762;4.668.276;25.953.060.000.000.000;6.818.364;4.069.081;8.942.407;5.458.329;11.141.660.000.000.000;6.144.413;7.093.672;8.012.744;7.127.904;8.146.386;4.628.394;699.074;9.145.833;9.016.906;4.727.704;1.981.857;4.543.076;7.486.565;00.00;5.052.083;34.375;1.026.042;3.307.291;3.489.583;5.338.541;4.542.824;48.900.459.999.999.900;60.474.540.000.000.000;4.224.537;2.404.514;7.957.176;;2.103.588
219397;01/09/2018 08.37;2.406.366;51.388.885.498.046.800;5.117.187;44.704.860.687.255.800;6.326.389;571.032;151.548;1.670.284;15.653.929.999.999.900;1.508.247;409.319;4.289.397;1.977.584;1.295.096;4.212.368;;4.631.586;4.672.116;2.605.324;6.773.710.000.000.000;4.061.863;8.932.769;541.447;11.057.269.999.999.900;6.088.771;7.023.571;7.980.244;7.177.804;8.039.629;4.773.897;6.694.445;9.281.249;9.022.213;4.843.938;2.026.361;4.689.956;7.352.281;77.562.050.000.000.000;4.869.791;34.375;1.028.646;3.307.291;348.958.320.617.676;546.875;44.849.540.000.000.000;49.189.820.000.000.000;60.474.540.000.000.000;4.224.537;234.375;7.841.435;;2.086.227
219398;01/09/2018 08.38;2.399.479;51.388.885.498.046.800;5.125.868;44.704.860.687.255.800;6.274.305;5.621.595;150.897;166.522;15.653.929.999.999.900;1.512.587;3.991.809;42.897.529.999.999.900;19.453.369.999.999.900;1.303.283;4.195.495;;4.606.211;4.653.968;2.557.509;6.737.393;4.056.029;8.962.473;5.414.446;11.064.180.000.000.000;6.099.735;6.998.663;7.983.201;7.320.997;8.075.688;5.149.755;6.555.555;9.281.249;8.999.937;4.819.869;219.247;4.736.995;756.056;00.00;4.713.541;3.385.416;9.895.833;3.255.208;348.958.320.617.676;5.390.625;44.560.179.999.999.900;5.063.657;59.317.130.000.000.000;4.166.667;2.297.454;7.725.694;;2.071.759
219399;01/09/2018 08.39;2.404.398;51.388.885.498.046.800;5.117.187;4.470.486;6.421.296;5.776.936;1.511.863;166.522;15.697.339.999.999.900;1.508.247;3.922.506;42.936.409.999.999.900;1.847.837;1.293.871;4.206.261;;4.657.526;4.685.524;2.592.905;6.791.119;4.064.212;8.969.261;5.425.419;1.107.839;6.068.182;7.033.505;8.012.545;7.448.866;8.074.026;5.032.332;6.592.593;9.145.833;9.068.101;486.713;2.312.218;5.039.339;7.812.339.999.999.990;00.00;4.583.333;3.307.291;9.427.083;3.229.166;3.489.583;5.234.375;4.398.148;5.121.528;5.815.971.999.999.990;41.087.959.999.999.900;228.588;7.638.889;;2.057.292
219400;01/09/2018 08.40;2.402.431;5.138.889;5.117.187;4.466.146;6.356.481;5.691.947;150.897;166.088;15.697.339.999.999.900;1.511.863;40.224.740.000.000.000;43.140.159.999.999.900;1.895.663;1.276.088;4.205.563;;4.623.748;4.650.458;2.589.646;6.783.418;4.053.293;8.887.021;5.413.984;1.104.645;6.076.805;6.991.804;7.977.971;7.595.929;8.060.139;5.024.894;6.893.519;9.567.708;9.005.635;4.865.993;2.298.955;5.111.197;7.786.398;65.879;4.609.375;3.255.208;890.625;322.916.641.235.352;34.375;5.052.083;4.369.213;52.662.040.000.000.000;5.700.232;4.079.861;2.311.921;7.638.889;;2.060.185
219401;01/09/2018 08.41;2.404.398;5.143.229;51.215.270.000.000.000;446.614.570.617.676;6.387.731;5.941.656.999.999.990;15.234.379.999.999.900;1.670.284;1.573.351;1.516.204;4.089.617;4.304.569;1.891.802;1.289.489;4.203.887;;4.644.909;4.591.499;2.499.613;6.798.827;4.057.085;8.934.317;541.231;1.105.285;6.097.631;6.972.496;7.941.194;7.707.280.000.000.000;7.777.124;4.989.695;6.722.222;8.864.583;9.192.831;4.987.462;2.331.308;5.064.391;7.825.883;00.00;4.739.583;3.229.166;8.515.625;3.229.166;34.375;4.869.791;4.369.213;5.324.074;5.613.426;4.050.926;239.294;7.552.084;;2.060.185
219402;01/09/2018 08.42;2.404.398;51.432.289.123.535.200;51.215.270.000.000.000;446.614.570.617.676;6.232.639;57.078.230.000.000.000;150.463;1.670.284;15.697.339.999.999.900;150.897;4.196.545;4.299.058;1.837.575;12.742.230.000.000.000;42.092.800.000.000.000;;4.619.389;4.673.441;2.605.693;6.727.123;4.051.312;8.952.034;5.432.225;1.106.432;6.103.599;7.031.078;7.973.506;7.853.727;8.020.468;4.944.578;6.870.369.999.999.990;9.223.958;8.893.099;4.820.384;2.401.023;5.108.363;7.914.623;00.00;4.921.875;3.255.208;8.203.125;3.255.208;34.375;4.713.541;4.340.278;5.324.074;552.662;4.021.991;2.479.745;7.523.148;;2.057.292
219403;01/09/2018 08.43;2.399.479;51.432.289.123.535.200;5.117.187;446.614.570.617.676;6.270.833;57.250.319.999.999.900;1.511.863;166.522;15.697.339.999.999.900;1.508.247;427.026;4.323.129;1.795.975;1.281.185;4.209.562;;4.653.921;4.631.098;2.567.037;6.754.988;4.066.512;8.957.982;5.399.726;1.105.502;6.112.108;6.973.988;8.001.812;7.979.413;8.024.473;5.060.771;6.814.814;9.145.833;9.069.774;4.903.532;2.431.236;5.208.022;7.925.446;00.00;5.208.333;328.125;7.916.666;3.307.291;3.489.583;4.609.375;4.340.278;5.324.074;546.875;396.412;2.543.403;7.436.343.000.000.000;;2.057.292
219404;01/09/2018 08.44;2.405.382;51.432.289.123.535.200;51.215.270.000.000.000;446.614.570.617.676;6.296.296;5.828.476;151.548;1.670.284;15.740.739.999.999.900;1.508.247;4.418.838;43.004.709.999.999.900;18.321.560.000.000.000;1.281.077;420.166;;4.606.858;4.658.185;25.721.540.000.000.000;6.769.266;4.064.326;892.422;5.412.904;1.105.111;6.143.027;7.025.907;7.954.381;8.079.386;7.952.871;4.934.049;6.685.185;9.041.666;9.071.304;4.921.247;2.442.998;5.207.253;7.906.915;00.00;5.494.791;3.307.291;7.708.333;341.145.820.617.676;3.515.625;4.583.333;44.849.540.000.000.000;52.662.040.000.000.000;5.497.685;4.021.991;2.578.125;7.349.537;;2.051.505
219405;01/09/2018 08.45;24.004.630.000.000.000;51.432.289.123.535.200;51.215.270.000.000.000;446.614.570.617.676;6.393.519;5.698.561;15.198.210.000.000.000;166.522;15.617.770.000.000.000;150.897;4.481.845;4.301.073;18.770.060.000.000.000;1.250.351;4.199.933;;4.634.047;45.142.900.000.000.000;2.435.939;6.745.446;4.054.088;8.932.318;5.440.294;1113.52.00;6.159.994;6.976.992;8.024.069.999.999.990;8.220.025;8.045.637;5.148.971;6.578.704;8.932.291;9.035.735;4.885.315;2.450.345;520.661;8.000.179;00.00;5.651.041;3.411.458;7.526.041;3.515.625;3.515.625;453.125;474.537;52.662.040.000.000.000;5.613.426;4.050.926;264.757;7.291.666;;2.042.824
219406;01/09/2018 08.46;2.402.431;51.432.289.123.535.200;51.215.270.000.000.000;446.614.570.617.676;6.291.666.259.765.630;565.098;150.897;1.670.284;1.554.543;1.511.863;4.485.293;4.330.741;2.012.671;12.535.860.000.000.000;4.188.916;;4.634.082;469.603;26.144.700.000.000.000;6.765.084;4.042.709;8.932.872;5.433.104;1.104.905;6.078.889;7.050.812;7.995.436;8.346.841;8.087.237;4.989.759;6.833.333;8.958.333;8.887.491;4.781.115;242.065;5.199.399;7.963.715;00.00;5.651.041;3.411.458;734.375;3.567.708;3.541.666;4.479.166;4.947.917;5.324.074;56.712.959.999.999.900;41.087.959.999.999.900;2.745.949;7.233.796;;203.125
219407;01/09/2018 08.47;2.406.366;5.143.229;5.117.187;446.614.570.617.676;6.204.861;5.769.986;150.897;1.656.539;15.567.129.999.999.900;1.497.396;4.518.172;4.298.948;2.152.089;12.898.480.000.000.000;4.193.845;;4.626.872;4.559.194;249.265;6.765.765;407.001;8.938.153;5.408.043;1.109.893;6.090.419;7.011.161;8.005.095;8.419.793;8.014.439;5.052.124;6.810.185;9.124.999;9.053.708;4.852.493;2.459.176;5.287.524;8.050.121;00.00;55.989.580.000.000.000;3.385.416;7.213.541;3.567.708;35.416.664.123.535.200;4.453.125;5.034.722;5.381.944;5.613.426;4.195.602;2.928.241;7.146.991;;2.022.569
219408;01/09/2018 08.48;23.955.439.999.999.900;5.130.208;5.117.187;4.466.146;6.215.278;5.781.758.000.000.000;150.463;1.670.284;15.697.339.999.999.900;15.053.529.999.999.900;4.625.349;4.307.886;2.274.723;1.258.451;4.207.495;;4.617.948;4.615.935;2.536.124;6.748.193;4.056.028;8.939.255;5.413.662;1.105.741;6.023.201;7.040.642;7.980.721;8.478.672;801.998;4.857.271;6.768.519;9.151.041;8.784.015;479.667;2.465.189;514.627;8.022.248;00.00;55.208.330.000.000.000;3.359.375;7.291.666;3.541.666;35.416.664.123.535.200;4.427.083;5.034.722;5.353.009;552.662;4.311.343;3.023.727;7.118.056;;2.016.782
219409;01/09/2018 08.49;2.410.301;5.143.229;5.117.187;4.457.465;6.314.814;6.099.341.999.999.990;151.548;166.522;15.697.339.999.999.900;150.897;457.822;43.216.770.000.000.000;2.411.986;1.289.268;4.219.388;;4.600.242;4.672.687;2.601.799;6.734.817;4.067.997;8.897.927;5.436.022;1.106.205;6.108.488;7.035.731;7.970.354;855.821;7.960.284;4.920.127;6.962.963;8.979.166;9.150.479;4.839.314;245.185;5.142.111;8.072.260.000.000.000;00.00;54.427.080.000.000.000;328.125;7.395.833;3.541.666;35.416.664.123.535.200;4.427.083;49.189.820.000.000.000;52.372.679.999.999.900;5.497.685;4.369.213;3.038.195;7.002.315;;2.013.889
219410;01/09/2018 08.50;2.404.398;5.147.569;51.215.270.000.000.000;44.574.649.810.790.900;6.189.814.453.125;61.048.919.999.999.900;150.463;166.522;15.617.770.000.000.000;1.508.247;4.464.779;4.326.269;2.429.107;1.280.004;4.197.686;;4.617.565;4.541.539;2.436.697;6.763.544;4.049.174;8.967.814;5.400.501;1112.04.00;6.056.957;6.932.228;806.946;8.525.001;8.026.146;46.267.400.000.000.000;712.05.00;9.317.708;9.082.343;4.900.237;2.424.763;5.192.911;8.116.841;00.00;53.125;328.125;7.421.875;3.515.625;3.541.666;4.453.125;4.803.241;5.179.398;552.662;4.398.148;3.070.023;7.002.315;;2.013.889
219411;01/09/2018 08.51;2.399.479;514.756.927.490.234;51.215.270.000.000.000;44.574.649.810.790.900;619.212.951.660.156;61.016.619.999.999.900;151.548;166.088;1.570.457;15.053.529.999.999.900;43.717.929.999.999.900;4.321.203;2.364.691;1.306.374;4.205.876;;4.679.551;4.593.891;250.754;6.753.669;4.050.624;8.963.336;5.381.798;11.085.410.000.000.000;6.090.296;6.941.879;7.972.884;8.504.103;784.457;49.198.699.999.999.900;6.675.926;9.072.916;9.050.248;4.814.191;2.471.108;5.401.033;8.148.312;00.00;5.208.333;3.255.208;7.447.916;34.375;3.515.625;4.427.083;4.774.306;5.121.528;56.712.959.999.999.900;4.369.213;3.127.893;708.912;;2.010.995
219412;01/09/2018 08.52;240.735;514.756.927.490.234;5.117.187;44.574.649.810.790.900;6.212.962.646.484.380;6.251.656;151.548;166.522;15.653.929.999.999.900;1.508.247;4.438.428;431.264;2.365.929;1.305.258;4.203.502;;4.661.885;4.650.092;2.587.095;6.754.192;4.052.112;8.979.283;5.427.098;1.110.013;6.095.428;6.952.732;7.970.928;8.536.636;7.952.993;5.051.065;6.787.037;9.593.749;8.995.397;4.936.863;2.523.605;5.473.583;8.137.478;00.00;5.104.166;3.229.166;7.604.166;3.411.458;3.515.625;4.427.083;48.900.459.999.999.900;5.092.593;5.902.778.000.000.000;4.369.213;312.05.00;7.146.991;;2.025.463
219413;01/09/2018 08.53;2.399.479;514.756.927.490.234;51.215.270.000.000.000;44.574.649.810.790.900;629.745.361.328.125;6.298.764;150.897;166.088;1.553.096;1.511.863;4.457.509;43.038.909.999.999.900;22.347.759.999.999.900;1.307.724;4.196.518;;4.645.117;4.589.373;2.502.602;6.750.848;4.050.802;9.004.164;5.427.101;1.106.115;6.119.355;6.968.677;7.964.299;854.05.00;8.052.155;4.826.568;6.902.778;8.812.499;9.143.407;4.861.992;2.581.791;5.472.055;8.070.566;00.00;50.00.00;3.177.083;7.864.583;341.145.820.617.676;3.489.583;4.479.166;49.189.820.000.000.000;5.063.657;6.076.389;4.311.343;3.113.426;7.407.406.999.999.990;;2.042.824
219414;01/09/2018 08.54;2.404.398;514.756.927.490.234;5.117.187;44.574.649.810.790.900;6.271.990.966.796.880;656.649;151.548;1.670.284;15.697.339.999.999.900;1.506.076;4.584.315;43.112.190.000.000.000;2.219.846;1.305.959;4.202.471;;4.616.769;467.42.00;260.486;6.792.703;405.33.00;8.976.119;5.415.983;1.107.278;6.085.641;7.049.634;8.024.655;8.552.411;8.201.248;5.078.124;6.620.369.999.999.990;8.786.458;8.831.123;4.848.016;2.568.239;5.508.663;8.109.764;00.00;4.973.958;3.177.083;7.916.666;341.145.820.617.676;348.958.320.617.676;4.557.291;5.063.657;5.063.657;6.394.676;4.253.472;3.145.255;8.101.852;;2.060.185
219415;01/09/2018 08.55;2.404.398;5.147.569;51.215.270.000.000.000;44.574.649.810.790.900;6.266.204;6.512.749.000.000.000;1.511.863;1.670.284;1.573.351;1.508.247;467.187;43.070.029.999.999.900;2.284.338;13.100.010.000.000.000;4.210.455;;460.912;4.691.927;2.580.135;6.761.418;4.046.162;8.915.157;5.431.093;1109.01.00;6.115.011;7.013.184;8.025.792;8.596.736;8.113.271;5.217.187;6.435.185;8.963.541;9.014.733;4.980.042;2.584.013;5.577.818;8.212.601;00.00;50.00.00;3.177.083;7.864.583;341.145.820.617.676;3.489.583;4.557.291;5.324.074;52.372.679.999.999.900;6.828.703;4.224.537;3.127.893;8.796.296;;2.065.972
219416;01/09/2018 08.56;2.399.479;515.191;5.117.187;44.574.649.810.790.900;6.206.018;636.046;1.511.863;166.522;15.653.929.999.999.900;150.897;47.210.440.000.000.000;43.083.220.000.000.000;2.286.457;1.304.796;4.199.632;;4.639.713;449.413;23.985.790.000.000.000;6.794.645;4.058.791;8.951.597;5.420.762;1.111.213;6.083.111;7.068.272;8.041.819;8.605.787;7.993.426;4.857.009;6.791.666;8.901.041;9.119.830.000.000.000;4.811.618;2.556.759;5.532.626;8.155.497;00.00;50.00.00;3.229.166;8.098.958;341.145.820.617.676;3.515.625;4.583.333;552.662;56.712.959.999.999.900;7.204.861;4.224.537;3.087.384;9.027.778;;2.057.292
219417;01/09/2018 08.57;2.406.366;515.191;5.108.507;44.574.649.810.790.900;6.234.954;6.429.706.999.999.990;150.463;1.670.284;15.697.339.999.999.900;15.053.529.999.999.900;47.080.740.000.000.000;4.237.676;2.252.471;1.310.399;4.205.765;;4.636.575;4.677.889;2.609.824;6.763.262;4.052.591;8.888.814;5.398.947;1.107.667;6.062.130.000.000.000;6.967.264;7.985.291;8.656.247;7.901.401;4.828.257;6.606.481;8.671.874;8.970.961;4.900.294;2.504.557;5.407.198;8.170.012;00.00;50.00.00;3.177.083;8.359.375;341.145.820.617.676;3.515.625;4.661.458;5.844.906.999.999.990;6.336.805;7.436.343.000.000.000;4.195.602;3.081.597;9.230.324;;2.068.866
219418;01/09/2018 08.58;2.399.479;5.147.569;51.215.270.000.000.000;4.457.465;632.986.083.984.375;6.339.753;151.548;1.670.284;15.697.339.999.999.900;1.516.204;47.177.459.999.999.900;43.281.890.000.000.000;2.255.259;1.292.633;4.211.575;;4.623.832;4.696.348;2.632.469;6.753.621;4.067.995;8.972.619;542.507;11.100.439.999.999.900;609.207;6.967.321;8.020.639;8.614.746;8.035.337;5.066.533;6.800.926;8.723.958;8.845.472;4.806.021;24.886.700.000.000.000;5.413.437;8.230.729;0.0007337098;4.973.958;3.229.166;8.567.708;3.411.458;3.515.625;4.791.666;6.076.389;6.712.963;7.638.889;4.224.537;3.122.106;93.75;;2.103.588
219419;01/09/2018 08.59;2.404.398;515.191;5.117.187;4.453.125;625.347.229.003.906;62.680.930.000.000.000;1.511.863;166.088;1.570.457;1.493.056;4.672.285;4.307.435;22.061.740.000.000.000;1.303.974;4.195.878;;4.616.744;4.656.377;2.566.425;6.757.948;4.059.408;8.912.209;5.425.664;1110.84;6.117.117;6.985.344;7.994.595;8.673.263;8.064.598;5.059.649;6.800.926;8.963.541;8.900.477;4.737.191;2.537.745;5.474.016;8.273.129;00.00;4.921.875;3.255.208;8.463.541;3.385.416;3.515.625;4.869.791;6.105.324;6.828.703;7.783.565;4.224.537;3.168.403;93.75;;2.141.204
219420;01/09/2018 09.00;2.399.479;515.190.963.745.117;5.117.187;4.453.125;6.186.343;60.013.290.000.000.000;151.548;166.088;15.697.339.999.999.900;15.053.529.999.999.900;457.735;41.489.959.999.999.900;2.076.126;1.315.345;4.201.149;;4.647.927;4.624.894;2.547.303;6.779.446;4.069.386;8.957.394;5.447.831;1.106.406;6.065.129;6.956.712;7.975.958;8.818.776;7.837.662;4.967.532;6.152.778;8.369.791;8.883.099;4.756.366;2.594.181;5.544.279;8.256.601;00.00;4.791.666;328.125;8.098.958;3.359.375;3.515.625;4.817.708;57.581.019.999.999.900;6.712.963;8.101.852;4.398.148;327.257;9.230.324;;2.262.731
219421;01/09/2018 09.01;2.399.479;515.190.963.745.117;5.117.187;4.453.125;6.186.343;60.013.290.000.000.000;151.548;166.088;15.697.339.999.999.900;15.053.529.999.999.900;457.735;41.489.959.999.999.900;2.076.126;1.315.345;4.201.149;;4.647.927;4.624.894;2.547.303;6.779.446;4.069.386;8.957.394;5.447.831;1.106.406;6.065.129;6.956.712;7.975.958;8.818.776;7.837.662;4.967.532;6.152.778;8.369.791;8.883.099;4.756.366;2.594.181;5.544.279;8.256.601;00.00;4.791.666;328.125;8.098.958;3.359.375;3.515.625;4.817.708;57.581.019.999.999.900;6.712.963;8.101.852;4.398.148;327.257;9.230.324;;2.262.731
219422;01/09/2018 09.02;2.404.398;515.190.963.745.117;51.215.270.000.000.000;4.453.125;6.267.361;6.154.555;15.198.210.000.000.000;1.670.284;15.625;1.508.247;448.294;41.427.640.000.000.000;2.083.107;1.309.804;4.201.495;;4.667.955;4.601.978;25.149.369.999.999.900;6.780.503;4.062.837;9.084.572;5.408.162;1.105.892;6.087.893;7.034.839;7.992.164;8.909.835;8.076.160.000.000.000;5.063.481;6.731.481;9.145.833;8.831.681;4.678.258;2.558.908;5.593.067;8.224.366;00.00;46.875;328.125;7.864.583;3.359.375;3.515.625;4.739.583;5.497.685;6.655.093.000.000.000;8.130.787;44.849.540.000.000.000;3.304.398;9.085.648;;2.311.921
219423;01/09/2018 09.03;24.004.630.000.000.000;515.190.963.745.117;5.117.187;4.453.125;6.322.916;6.056.155;15.010.129.999.999.900;166.088;15.697.339.999.999.900;1.516.204;4.497.035;42.796.279.999.999.900;21.596.349.999.999.900;1.301.186;4.214.528;;46.362.800.000.000.000;4.713.266;2.646.266;6.736.030.000.000.000;40.735.699.999.999.900;8.904.168;5.418.117;1.105.627;6.081.619.999.999.990;7.019.193;7.958.071;8.891.944;7.989.296;5.035.295;6.907.407;8.979.166;8.838.219;4.761.091;2.561.012;5.420.632;8.190.005;00.00;4.609.375;3.255.208;765.625;3.307.291;3.515.625;4.661.458;52.372.679.999.999.900;6.655.093.000.000.000;8.072.916;45.138.889.312.744.100;3.318.866;8.883.102;;2.340.856
219424;01/09/2018 09.04;2.402.431;515.191;51.171.871.185.302.700;4.453.125;6.284.722;6.017.805;1.511.863;1.670.284;15.697.339.999.999.900;1.511.863;4.431.037;43.100.429.999.999.900;2.210.975;1.308.636;4.210.633;;4.674.905;4.716.716;2.654.948;6.761.237;4.061.689;8.987.204;5.420.980.000.000.000;1.107.114;6.110.356;7.073.493;8.058.492;8.732.159;7.976.354;4.890.985;6.782.407;9.453.124;8.987.801;4.801.798;2.519.152;5.368.833;8.213.489;00.00;4.609.375;3.255.208;7.395.833;328.125;3.489.583;4.609.375;5.063.657;6.655.093.000.000.000;7.928.241;4.542.824;3.342.014;8.738.426;;2.355.324
219425;01/09/2018 09.05;240.735;516.059;5.117.187;4.453.125;6.246.528;57.820.930.000.000.000;150.463;166.522;15.653.929.999.999.900;15.053.529.999.999.900;4.219.897;4.320.265;2.207.812;1.276.243;4.196.236;;4.649.728;4.522.745;24.308.959.999.999.900;6.798.337;4.039.052;901.41.00;539.928;1.111.719;6.054.269;7.066.011;8.016.419.999.999.990;8.909.835;8.025.989;4.995.001;6.814.814;8.552.083;8.933.677;4.697.638;2.482.589;5.473.435;8.246.323;1.284.277;4.557.291;3.229.166;7.083.333;328.125;348.958.320.617.676;4.557.291;48.900.459.999.999.900;6.712.963;7.696.759;454.282.417.297.363;3.382.523;8.738.426;;2.364.005
219426;01/09/2018 09.06;2.396.528;51.605.899.810.790.900;51.215.270.000.000.000;4.453.125;6.267.361;5.693.311;15.198.210.000.000.000;166.522;1.573.351;15.053.529.999.999.900;41.216.190.000.000.000;431.064;2.175.442;12.997.119.999.999.900;4.204.959;;4.672.237;4.677.062;2.590.978;6.813.967;4.045.285;8.859.631;5.468.135;11.116.889.999.999.900;6.101.249;7.084.066;8.035.144;9.028.555;7.990.912;5.024.331;6.976.852;9.031.249;8.677.409;4.680.325;2.347.914;5.401.369;8.166.374;0.6129025;4.479.166;3.177.083;6.822.916;328.125;3.489.583;453.125;48.900.459.999.999.900;6.712.963;7.436.343.000.000.000;4.542.824;3.425.926;9.259.259;;2.390.046
219427;01/09/2018 09.07;2.404.398;516.059;51.215.270.000.000.000;4.453.125;6.418.981;5.959.008.000.000.000;1.511.863;166.522;15.697.339.999.999.900;15.053.529.999.999.900;4.086.068;43.046.440.000.000.000;2.152.908;12.989.469.999.999.900;4.202.691;;46.330.800.000.000.000;4.706.447;2.638.962;6.768.284;407.32.00;8.931.743;5.430.966;1.103.119;6.093.313;698.326;7.993.581;8.956.411;778.306;5.023.651;6.671.296;8.020.833;8.887.192;4.688.015;2.356.541;5.286.863;8.141.060.000.000.000;00.00;4.557.291;3.151.042;6.510.416;328.125;34.375;4.453.125;49.189.820.000.000.000;6.684.028;7.204.861;4.600.694;3.440.393;9.982.639;;2.418.981
219428;01/09/2018 09.08;2.404.398;515.191;5.117.187;4.453.125;6.233.796;59.599.180.000.000.000;15.198.210.000.000.000;1.675.347;1.573.351;1.516.204;41.577.870.000.000.000;4.316.793;2.158.358;1.305.899;4.203.996;;4.616.354;4.610.583;2.509.902;6.724.263;4.047.227;8.892.217;545.124;1.099.139;6.056.989;6.910.067;7.932.975;9.011.307;794.559;5.155.992;6.629.630.000.000.000;8.734.374;9.093.991;4.725.459;2.412.605;5.279.947;8.107.999;00.00;4.609.375;3.151.042;63.020.830.000.000.000;328.125;34.375;4.401.041;49.189.820.000.000.000;6.684.028;7.060.185;4.542.824;3.425.926;1.032.986;;2.447.917
219429;01/09/2018 09.09;2.404.398;516.059;5.108.507;4.453.125;6.209.491;61.003.719.999.999.900;150.463;1.675.347;1.570.457;1.512.587;4.195.813;4.286.112;2.259.286;1.295.684;4.207.881;;4.639.741;4.607.812;2.498.354;6.793.728;4.062.027;8.902.314;5.402.548;1.108.013;6.111.896;7.053.859;8.018.835;8.963.611;7.916.089.999.999.990;4.925.697;6.486.111;9.098.958;9.010.117;4.706.638;2.425.008;5.316.738;8.065.745;0.1321183;4.713.541;3.177.083;6.770.833;3.359.375;34.375;4.348.958;4.832.176;6.857.639;7.060.185;4.542.824;34.461.800.000.000.000;1.015.625;;2.459.491
219430;01/09/2018 09.10;2.406.366;51.605.899.810.790.900;510.850.677.490.234;4.453.125;6.295.139;61.180.640.000.000.000;151.548;166.522;15.697.339.999.999.900;1.512.587;4.231.123;4.236.425;2.271.426;1.304.341;4.217.119;;4.603.629;4.778.349;2.702.798;6.754.730.000.000.000;4.062.717;8.891.476;5.428.046;1.109.613;6.158.867;6.954.492;7.970.623;8.927.713;7.979.302;4.987.477;6.986.111;9.218.749;9.076.855;4.736.603;2.355.024;5.128.337;7.986.858;00.00;4.817.708;3.385.416;7.135.416;3.385.416;34.375;4.453.125;4.774.306;7.204.861;7.146.991;45.138.889.312.744.100;3.512.731;9.866.898;;2.471.065
219431;01/09/2018 09.11;2.396.528;51.605.899.810.790.900;5.108.507;4.453.125;6.197.917;5.985.006;1.511.863;166.522;1.573.351;15.053.529.999.999.900;4.206.528;4.243.322;2.234.845;1.304.911;4.189.088;;46.098.900.000.000.000;4.605.516;2.494.888;6.760.603;4.063.226;8.925.239.999.999.990;5.429.316;1.101.835;6.023.886;7.040.388;8.013.601;8.804.383;7.940.403;5.029.707;6.745.369.999.999.990;9.005.208;8.928.113;4.805.324;2.384.364;5.137.974;7.906.295;00.00;4.869.791;3.515.625;6.927.083;3.411.458;34.375;4.661.458;4.658.565;7.349.537;7.378.472;44.849.540.000.000.000;3.663.195;9.606.481;;2.494.213
219432;01/09/2018 09.12;2.402.431;51.605.899.810.790.900;5.117.187;4.453.125;6.297.859;60.480.630.000.000.000;15.198.210.000.000.000;166.522;15.653.929.999.999.900;15.010.129.999.999.900;3.919.313;42.004.540.000.000.000;2.111.673;13.079.830.000.000.000;419.176;;4.581.638;4.615.319;25.255;6.795.307;4.053.826;888.868;5.414.294;1.108.031;614.629;6.953.445;8.002.458;8.620.342;8.084.629;5.128.182;6.509.259;8.911.458;8.982.604;4.892.045;2.365.221;518.375;7.973.264;0.01020048;484.375;3.697.916;6.822.916;3.411.458;3.489.583;4.661.458;4.600.694;7.783.565;7.407.406.999.999.990;4.398.148;3.721.065;9.288.194;;2.494.213
219433;01/09/2018 09.13;2.402.431;51.605.899.810.790.900;5.108.507;4.453.125;6.226.852;61.222;1.511.863;166.088;1.570.457;15.053.529.999.999.900;3.797.456;41.398.990.000.000.000;2.142.456;1.308.571;4.196.164;;4.616.557;4.695.112;2.609.739;6.762.546;4.068.535;8.913.105;5.404.324;1.108.069;6.097.554;698.765;799.454;8.521.094;7.996.531;5.073.368;7.041.666;9.177.083;9.057.802;4.702.083;2.427.344;5.188.082;8.015.385;00.00;484.375;3.880.208;6.822.916;3.385.416;34.375;4.557.291;4.513.889;8.275.463;7.349.537;4.340.278;3.732.639;8.969.906.999.999.990;;2.459.491
219434;01/09/2018 09.14;2.402.431;51.605.899.810.790.900;5.117.187;4.453.125;6.303.241;62.116.040.000.000.000;150.463;1.670.284;15.617.770.000.000.000;1.508.247;3.901.668;4.095.642;2.120.415;1.304.572;4.192.299;;4.628.156;4.594.466;2.509.421;6.724.727;4.050.128;8.925.787;5.409.398;11.053.110.000.000.000;608.714;6.992.189.999.999.990;7.985.294;8.610.715;8.087.855;5.014.108;6.976.852;8.989.583;9.024.484;4.732.163;2.410.766;5.192.399;7.976.822;00.00;4.817.708;3.958.333;6.796.875;3.359.375;34.375;4.453.125;44.560.179.999.999.900;8.854.166;708.912;4.253.472;3.778.935;865.162;;2.436.343
219435;01/09/2018 09.15;2.404.398;51.605.899.810.790.900;51.171.871.185.302.700;4.453.125;6.262.731;6.608.501;150.897;1.670.284;15.697.339.999.999.900;15.053.529.999.999.900;36.826.859.999.999.900;4.144.287;2.168.225;13.108.989.999.999.900;420.245;;4.631.352;4.507.625;2.408.746;6.761.725;4.049.413;8.965.464;5.450.023;1.107.476;612.014;6.994.039;7.999.161;8.643.383;7.967.751;5.128.293;6.694.445;8.833.333;8.892.955;4.801.393;2.442.299;5.420.591;8.074.305;00.00;4.791.666;390.625;6.770.833;3.307.291;34.375;4.401.041;4.398.148;9.085.648;6.828.703;4.195.602;3.877.315;859.375;;2.433.449
219436;01/09/2018 09.16;2.399.479;516.059;5.117.187;4.453.125;6.251.157;6.760.384;1.511.863;166.522;15.617.770.000.000.000;1.516.204;35.514.720.000.000.000;4.157.952;2.084.285;12.887.739.999.999.900;4.184.547;;4.602.991;4.710.015;26.525.790.000.000.000;674.422;4.076.597;8.906.984;5.396.832;1.106.485;6.074.986;7.060.734;7.990.209;8.591.943;7.952.115;5.030.543;6.675.926;8.520.833;8.781.489.999.999.990;4.721.558;2.395.007;5.145.569;8.142.991;00.00;4.739.583;390.625;6.822.916;3.359.375;34.375;4.322.916;4.398.148;9.085.648;6.626.156.999.999.990;4.166.667;3.912.037;8.449.074;;2.416.088
219437;01/09/2018 09.17;2.404.398;516.493;5.108.507;4.453.125;6.212.963;6.840.853;150.463;166.522;15.653.929.999.999.900;15.053.529.999.999.900;3.508.943;4.102.749;2.037.152;1.308.367;4.206.287;;4.623.493;4.522.161;2.407.108;6.777.311;4.043.255;9.007.097;5.436.364;1.111.579;6.085.558;6.981.626;8.018.656;8.616.599;8.061.744;4.978.729;6.694.445;8.541.666;8.958.974;48.095.300.000.000.000;2.270.547;5.035.724;8.058.721;00.00;4.661.458;3.802.083;6.770.833;3.359.375;34.375;4.296.875;4.658.565;9.403.935;6.481.481;416.666.679.382.324;3.923.611;8.217.593.000.000.000;;2.384.259
219438;01/09/2018 09.18;2.402.431;516.493.034.362.793;5.117.187;4.453.125;6.216.435;6.794.926;151.548;166.088;15.653.929.999.999.900;1.498.119;3.699.722;4.098.924;1.987.897;13.035.860.000.000.000;4.211.863;;4.630.014;46.642.400.000.000.000;2.585.691;6.780.189.999.999.990;4.057.142;8.933.791;5.419.554;1.110.378;6.104.086;7.066.069;8.036.306;863.12.00;8.065.524;4.785.175;6.930.555;9.109.374;8.883.495;4.772.777;2.165.129;5.038.871;7.932.237;101.232;4.661.458;3.776.041;7.005.208;3.359.375;3.411.458;421.875;5.179.398;9.548.611;6.394.676;4.166.667;3.938.079;8.101.852;;2.358.218
219439;01/09/2018 09.19;2.401.447;516.493.034.362.793;51.215.270.000.000.000;4.453.125;6.274.305;6.875.539;151.548;166.088;15.661.170.000.000.000;15.053.529.999.999.900;3.924.238;4.122.483;19.921.389.999.999.900;1.303.058;4.198.784;;4.629.919;4.561.479;2.487.967;6.749.926;4.044.083;8.892.767;5.410.607;1.105.807;6.112.465;7.006.305;8.032.666;860.207;8.090.267;4.781.572;6.907.407;9.630.208;8.417.064;47.730.800.000.000.000;2.214.637;495.546;8.070.273;00.00;484.375;3.932.291;7.161.458;3.307.291;3.411.458;4.296.875;541.088;9.577.546;6.336.805;4.079.861;3.981.481;8.101.852;;2.346.644
219440;01/09/2018 09.20;2.406.366;516.493.034.362.793;5.117.187;4.453.125;6.347.222;7.004.173;1.511.863;166.522;15.653.929.999.999.900;1.497.396;3.941.587;414.551;1.902.639;1.304.526;4.204.593;;4.606.718;4.715.671;2.631.201;6.755.441;4.057.845;8.911.942;5.425.978;1.103.896;612.442;6.955.709;802.327;8.628.285;8.004.957;486.421;6.916.666;9.333.333;8.987.471;4.807.152;2.330.172;4.968.933;7.899.893;00.00;50.00.00;4.088.541;7.083.333;3.359.375;3.515.625;4.322.916;546.875;9.664.352;6.278.935;4.050.925.827.026.370;4.048.033;8.304.398;;2.340.856
219441;01/09/2018 09.21;2.397.512;516.493.034.362.793;51.171.871.185.302.700;4.453.125;6.263.889;6.999.906;150.463;1.670.284;15.653.929.999.999.900;1.508.247;38.981.640.000.000.000;4.140.384;1.838.555;13.032.210.000.000.000;4.199.059;;4.602.354;4.727.677;2.667.708;6.741.815;4.070.749;8.886.497;5.418.981;1.104.013;6.055.802;6.980.485;7.999.798;8.615.817;8.006.095;5.014.341;699.074;9.302.083;9.053.691;477.36.00;2.445.917;5.019.641;7.919.172;00.00;5.052.083;421.875;7.057.291;3.385.416;356.770.820.617.676;4.322.916;5.381.944;9.606.481;619.213;4.021.991;4.137.731;8.449.074;;2.349.537
219442;01/09/2018 09.22;2.406.366;516.493.034.362.793;51.171.871.185.302.700;4.453.125;6.252.314;7.185.963.000.000.000;1.511.863;1.668.113;15.653.929.999.999.900;1.511.863;3.781.238;4.094.497;17.352.470.000.000.000;12.955.969.999.999.900;4.189.467;;4.639.079;4.629.712;25.476.400.000.000.000;6.778.134;407.499;8.944.775;5.409.438;1.112.336;6.076.728;7.024.839;805.459;8.669.163;7.955.419;4.988.234;6.976.852;9.093.749;8.857.493;4.760.394;2.399.341;5.270.283;7.835.573;1.478.173;5.052.083;421.875;7.135.416;3.385.416;3.619.791;4.296.875;52.662.040.000.000.000;9.403.935;59.895.830.000.000.000;4.021.991;4.215.856;8.564.815;;2.369.792
219443;01/09/2018 09.23;2.402.431;516.493.034.362.793;51.171.871.185.302.700;4.453.125;6.270.833;7.208.718;150.897;1.675.347;15.653.929.999.999.900;1.508.247;3.686.012;4.072.574;1.712.331;1.296.744;4.185.998;;4.639.221;4.628.834;2.539.638;6.794.761;4.049.116;8.896.603;544.806;1.112.595;6.142.896;7.044.623;8.036.522;8.548.572;7.994.474;5.168.168;6.620.369.999.999.990;8.510.416;8.468.385;4.696.572;2.254.491;5.104.536;7.676.923;1.493.627;5.052.083;4.166.666;7.265.625;3.359.375;3.567.708;4.296.875;52.372.679.999.999.900;9.114.584;5.902.778.000.000.000;4.079.861;4.244.792;859.375;;2.364.005
219444;01/09/2018 09.24;2.404.398;516.493.034.362.793;51.171.871.185.302.700;4.453.125;6.300.926;7.220.663;1.511.863;166.522;15.697.339.999.999.900;1.508.247;3.613.548;41.075.990.000.000.000;17.206.259.999.999.900;1.299.474;4.218.245;;4.622.056;4.547.299;2.453.137;6.782.114;4.059.086;8.988.694;5.492.781;1.110.755;6.094.075;6.996.833;8.044.052;8.636.425;7.892.378;4.754.797;6.509.259;9.249.999;9.116.019;4.758.929;2.218.347;5.029.709;7.732.678;00.00;50.00.00;4.088.541;7.447.916;3.307.291;3.541.666;4.296.875;5.555.556;8.680.556;5.844.906.999.999.990;41.087.959.999.999.900;4.157.986;8.883.102;;2.346.644
219445;01/09/2018 09.25;2.402.431;516.493.034.362.793;51.171.871.185.302.700;4.453.125;6.379.630.000.000.000;721.749;150.897;166.088;15.653.929.999.999.900;1.508.247;3.548.057;40.981.770.000.000.000;1.694.941;1.299.907;4.209.797;;4.616.059;461.555;2.528.121;6.754.175;4.069.786;8.966.979;5.412.488;11.087.060.000.000.000;6.086.082;7.039.572;7.975.012;8.704.161;8.061.798;5.275.165;6.768.519;8.937.499;9.106.296;4.733.513;2.241.778;5.049.417;7.855.312;00.00;4.921.875;3.932.291;7.526.041;328.125;3.515.625;4.348.958;6.568.287;8.246.528;5.815.971.999.999.990;4.195.602;396.412;9.143.519;;2.326.389
219446;01/09/2018 09.26;2.396.528;516.493.034.362.793;5.117.187;4.453.125;6.288.195;716.956;150.897;1.670.284;1.573.351;1.511.863;3.459.097;4.136.018;1.634.876;1.288.738;4.210.167;;4.626.004;4.613.557;2.536.689;6.770.662;4.047.721;8.890.236;5.432.728;1.111.078;6.110.703;7.041.635;7.999.993;8.744.969;8.031.086;5.038.365;6.828.704;8.630.208;9.182.141;4.856.759;2.240.988;5.005.542;7.874.706;00.00;484.375;3.828.125;734.375;3.255.208;3.489.583;4.322.916;787.037;7.841.435;57.581.019.999.999.900;42.245.368.957.519.400;3.787.616;931.713;;2.303.241
219447;01/09/2018 09.27;2.404.398;516.493;51.215.270.000.000.000;4.453.125;6.302.083;7.271.896;150.897;166.522;1.573.351;150.897;34.473.420.000.000.000;4.152.231;1.565.181;12.534.130.000.000.000;4.216.195;;4.614.531;4.647.212;2.571.068;6.781.066;4.065.203;8.963.618;5.447.137;1.110.827;6.085.541;7.027.092;8.003.741;8.776.357;8.013.528;48.493.300.000.000.000;6.828.704;9.427.083;9.168.945;47.954.900.000.000.000;2.227.516;5.046.003;7.928.271;1.600.868;4.791.666;3.776.041;7.213.541;325.520.820.617.676;348.958.320.617.676;4.322.916;8.825.231;7.436.343.000.000.000;56.712.959.999.999.900;4.253.472;3.637.153;9.027.778;;2.271.412
219448;01/09/2018 09.28;2.402.431;5.186.632;5.117.187;4.453.125;6.319.445;7.215.588.000.000.000;1.511.863;166.522;155.816;15.010.129.999.999.900;3.435.338;3.122.005;1.496.401;1.253.646;4.204.083;;4.641.304;4.646.441;2.561.101;6.751.501;4.062.382;8.935.577;5.446.689;1.110.995;6.088.453;7.030.096;8.041.379;8.790.973;8.014.971;4.890.362;6.949.074;8.874.999;8.984.237;4.830.841;2.249.415;5.104.986;8.022.877;0.01705241;4.739.583;3.645.833;7.057.291;3.255.208;3.489.583;4.270.833;8.998.843.000.000.000;7.002.315;5.700.232;42.534.721.374.511.700;3.512.731;8.709.491;;2.213.542
219449;01/09/2018 09.29;2.402.431;516.493;5.108.507;4.453.125;6.204.861;7.373.268;1.511.863;166.522;15.697.339.999.999.900;1.512.587;3.440.977;271.061;1.407.409;1.237.453;4.217.478;;4.615.918;4.587.156;2.510.525;6.768.660.000.000.000;404.904;8.893.033;5.414.341;1109.71;6.075.206;6.997.928;8.037.886;8.875.014;8.011.382;501.356;6.837.963;9.020.833;8.898.168;4.798.158;2.321.677;5.108.692;796.867;1.339.755;4.817.708;3.515.625;6.744.791;3.229.166;34.375;4.270.833;8.854.166;6.684.028;5.815.971.999.999.990;4.253.472;34.288.199.999.999.900;8.362.269;;2.155.671
219450;01/09/2018 09.30;2.404.398;516.493.034.362.793;51.215.270.000.000.000;4.453.125;6.302.083;748.725;151.548;166.088;15.653.929.999.999.900;1.511.863;3.380.211;27.526.220.000.000.000;1.329.021;12.158.560.000.000.000;41.954.400.000.000.000;;4.622.211;4.587.388;2.503.462;6.743.843;4.044.895;8.865.809;5.417.437;11.077.939.999.999.900;6.061.908;6.998.417;7.978.506;8.969.242;8.025.503;4.939.018;7.222.222;8.890.624;8.857.416;4.738.648;2.337.864;5.146.879;7.829.669;3.469.986;4.947.916;34.375;65.625;3.255.208;34.375;4.192.708;8.564.815;6.423.611;5.844.906.999.999.990;4.195.602;3.356.481;8.101.852;;2.103.588
219451;01/09/2018 09.31;2.397.512;516.493.034.362.793;5.108.507;4.453.125;6.372.686;7.535.597;1.511.863;1.642.795;15.653.929.999.999.900;1.511.863;33.412.729.999.999.900;267.857;12.478.120.000.000.000;1.270.145;4.210.795;;4.717.683;4.656.306;2.581.984;6.760.068;4.067.689;9.031.594;5.430.746;1.108.062;6.114.538;7.031.488;7.972.508;9.071.182;8.056.617;5.402.894;6.745.369.999.999.990;9.411.458;9.201.998;4.711.786;2.348.054;5.286.176;8.134.377;00.00;5.052.083;3.489.583;6.510.416;3.255.208;3.385.416;4.140.625;8.246.528;619.213;5.815.971.999.999.990;4.195.602;3.315.972;7.957.176;;2.060.185
219452;01/09/2018 09.32;2.406.366;516.493.034.362.793;5.117.187;4.457.465;628.125;7.493.979;151.548;16.391.779.999.999.900;1.573.351;15.053.529.999.999.900;3.277.727;2.705.343;1.233.659;1.269.683;4.193.065;;4.592.321;4.651.718;2.563.349;674.09.00;404.348;8.854.008;5.388.297;1.108.253;6.068.613;7.008.848;8.006.058;9.141.059;7.944.768;4.959.258;662.05.00;9.276.041;9.030.405;4.845.266;2.428.187;5.218.445;7.841.035;1.006.616;5.104.166;3.541.666;6.432.291;328.125;3.359.375;40.625;787.037;59.606.480.000.000.000;56.712.959.999.999.900;4.224.537;3.315.972;8.130.787;;203.125
219453;01/09/2018 09.33;2.404.398;516.493.034.362.793;5.108.507;44.574.649.810.790.900;6.277.778;7.323.758.000.000.000;15.198.210.000.000.000;1.642.795;1.573.351;150.897;32.800.309.999.999.900;2.647.849;1.230.341;1.236.454;4.213.068;;4.588.615;4.632.395;25.367.319.999.999.900;6.740.712;40.418.699.999.999.900;8.874.879;5.390.773;1.108.349;6.069.821;6.948.561;7.984.153;925.546;7.945.058;5.325.319.999.999.990;6.666.666;8.848.958;8.946.728;4.698.541;2.436.152;5.371.921;7.944.753;9.166.129;5.130.208;3.489.583;63.802.080.000.000.000;328.125;3.359.375;4.036.458;7.436.343.000.000.000;5.815.971.999.999.990;5.555.556;42.245.368.957.519.400;327.257;8.304.398;;1.987.847
219454;01/09/2018 09.34;2.402.431;516.493.034.362.793;5.117.187;44.574.649.810.790.900;6.265.046;7.218.456;150.897;1.642.795;15.653.929.999.999.900;1.512.587;3.332.393;250.082;1.212.718;1.253.132;4.213.068;;4.588.615;4.632.395;25.367.319.999.999.900;6.740.712;40.418.699.999.999.900;8.874.879;5.390.773;1.108.349;6.069.821;6.948.561;7.984.153;925.546;7.945.058;5.325.319.999.999.990;6.666.666;8.848.958;8.946.728;4.698.541;2.436.152;5.371.921;7.944.753;9.166.129;5.208.333;3.411.458;62.05.00;328.125;3.307.291;4.010.416;708.912;5.700.232;552.662;42.245.368.957.519.400;3.197.338;8.738.426;;1.964.699
219455;01/09/2018 09.35;2.404.398;516.493.034.362.793;51.171.871.185.302.700;44.574.649.810.790.900;6.298.611;7.411.782;150.463;1.642.795;1.570.457;1.508.247;3.371.859;2.495.644;1.198.862;1.275.348;4.218.569;;4.624.363;4.757.874;2.710.368;6.745.624;407.528;8.945.552;5.406.421;1.108.708;6.079.572;6.949.173;7.985.209;9.411.396;8.056.232;4.665.681;6.675.926;9.213.541;8.824.771;4.809.881;2.353.191;5.237.437;7.878.455;1.698.668;53.125;3.385.416;62.239.580.000.000.000;328.125;3.307.291;3.958.333;6.857.639;56.712.959.999.999.900;541.088;4.224.537;3.064.236;9.114.584;;1.953.125
219456;01/09/2018 09.36;24.004.630.000.000.000;516.493.034.362.793;51.171.871.185.302.700;44.574.649.810.790.900;6.383.102;7.335.618.000.000.000;151.548;16.391.779.999.999.900;15.617.770.000.000.000;1.511.863;3.352.991;2.443.499;1.197.816;1.292.587;4.191.855;;4.635.479;4.607.898;251.264;6.784.466;4.062.034;8.942.505;5.434.407;1.112.237;6.083.396;700.428;8.041.807;9.549.772;8.236.327;4.685.154;6.546.296;9.645.833;8.784.359;4.824.318;2.295.705;5.239.091;8.191.181;6.851.545;53.645.830.000.000.000;3.411.458;62.05.00;328.125;328.125;3.932.291;6.770.834;5.844.906.999.999.990;5.381.944;4.195.602;2.893.518;9.085.648;;1.953.125
219457;01/09/2018 09.37;2.406.366;516.493.034.362.793;51.171.871.185.302.700;44.574.649.810.790.900;6.283.564;7.368.541;151.548;16.391.779.999.999.900;1.570.457;1.508.247;3.370.917;25.315.839.999.999.900;1.221.799;12.839.160.000.000.000;4.206.523;;4.624.689;4.670.267;259.412;676.02.00;4.060.868;8.926.346;5.406.467;1.104.468;6.095.809;6.977.827;7.952.202;9.693.251;7.957.501;5.085.674;6.916.666;8.859.374;896.682;4.829.394;2.302.036;5.115.239;7.941.064;1.814.406;53.645.830.000.000.000;3.489.583;63.020.830.000.000.000;3.307.291;3.307.291;3.958.333;6.712.963;6.076.389;5.324.074;4.166.667;2.725.695;8.969.906.999.999.990;;1.950.231
219458;01/09/2018 09.38;2.406.366;516.493.034.362.793;51.171.871.185.302.700;44.574.649.810.790.900;6.290.509;7.595.245;150.897;1.642.795;1.573.351;1.511.863;3.262.408;27.958.740.000.000.000;12.213.559.999.999.900;1.303.566;4.208.134;;4.597.894;4.662.884;2.576.932;6.769.274;4.058.516;8.820.286;5.411.551;1.110.163;6.083.388;6.960.593;7.975.538;9.739.095;7.826.698;5.410.693;6.361.111;9.166.666;9.336.419;4.951.234;2.240.732;5.140.803;7.984.439;27.768.690.000.000.000;5.338.541;3.697.916;640.625;3.359.375;3.307.291;3.958.333;6.684.028;6.336.805;52.372.679.999.999.900;41.087.959.999.999.900;2.560.764;8.883.102;;192.419
219459;01/09/2018 09.39;2.396.528;516.493.034.362.793;5.117.187;4.457.465;6.467.593;7.612.418.000.000.000;1.511.863;1.632.668;15.653.929.999.999.900;1.508.247;3.208.518;27.184.309.999.999.900;1.201.792;1.291.935;4.187.965;;4.612.849;4.584.662;2.481.543;6.778.444;4.060.244;9.107.872;5.433.136;1.110.354;6.089.954;6.999.667;7.954.304;9.852.307;8.075.485;5.438.549;699.074;9.291.666;9.344.274;5.022.261;2.215.369;5.050.258;8.044.519;3.294.538;5.260.416;3.802.083;6.354.166;3.359.375;3.359.375;4.010.416;6.684.028;6.857.639;5.208.333;4.079.861;2.404.514;8.738.426;;1.906.829
219460;01/09/2018 09.40;2.404.398;516.493.034.362.793;51.215.270.000.000.000;4.466.146;6.285.880.000.000.000;7.685.429;151.548;1.642.795;15.697.339.999.999.900;15.053.529.999.999.900;3.309.966;27.871.920.000.000.000;120.385;1.298.185;4.200.286;;4.685.799;4.596.426;2.509.861;6.772.234;4.060.486;8.979.255;545.105;1.110.405;6.097.838;698.405;8.043.334;9.953.917;8.058.523;5.099.493;6.717.593;9.213.541;9.288.376;491.536;2.306.722;5.219.131;8.015.031;4.938.785;5.208.333;3.697.916;61.458.330.000.000.000;3.307.291;3.385.416;4.010.416;6.684.028;7.436.343.000.000.000;5.208.333;41.087.959.999.999.900;2.300.347;8.709.491;;1.906.829
219461;01/09/2018 09.41;2.402.431;516.493;5.117.187;446.614.570.617.676;6.344.907;7.501.133;1.520.544;1.630.498;15.653.929.999.999.900;15.053.529.999.999.900;3.437.215;2.829.767;12.149.780.000.000.000;1.277.557;4.208.745;;4.583.088;4.539.741;2.451.868;6.752.845;4.058.109;8.904.021;5.410.037;1109.02.00;6.082.383;700.55.00;7.986.335;1.009.419;7.978.151;4.593.253;6.736.111;9.427.083;9.008.278;4.962.846;2.331.192;5.197.422;7.894.385;340.174;5.260.416;3.697.916;609.375;330.729.141.235.352;3.359.375;3.958.333;6.684.028;7.667.824;5.208.333;41.087.959.999.999.900;2.199.074;859.375;;1.927.083
219462;01/09/2018 09.42;24.004.630.000.000.000;516.059;51.171.871.185.302.700;446.614.570.617.676;634.375;7.515.948;1.511.863;1.642.795;15.617.770.000.000.000;1.511.863;3.485.155;2.930.552;1.233.751;1.279.541;4.188.846;;4.596.306;4.500.779;2.392.623;6.761.171;4.063.438;8.960.515;5.423.774;1.106.255;609.111;6.977.846;7.996.007;10.152.719.999.999.900;8.022.355;5.222.399;6.675.926;8.624.999;8.952.736;4.907.497;2.312.389;5.064.733;770.955;4.725.631;53.645.830.000.000.000;3.828.125;59.895.830.000.000.000;3.307.291;3.359.375;3.958.333;6.770.834;7.725.694;5.121.528;40.798.610.687.255.800;2.123.843;8.449.074;;1.950.231
219463;01/09/2018 09.43;2.405.382;516.059;5.117.187;446.614.570.617.676;6.287.037;7.540.213;150.463;1.634.115;1.570.457;1.511.863;3.550.443;2.976.838;1.253.725;1.286.322;4.205.381;;4.611.548;4.606.446;2.556.352;6.805.994;4.062.746;8.889.598;5.463.257;1.112.692;6.113.189;7.010.905;8.021.846;1.031.611;8.040.258;4.889.806;6.486.111;9.411.458;8.922.582;4.872.373;2.299.314;5.212.739;7.742.657;1.179.474;5.390.625;4.010.416;6.015.625;3.359.375;3.385.416;3.958.333;6.684.028;7.581.019;5.063.657;4.050.925.827.026.370;2.057.292;8.275.463;;1.964.699
219464;01/09/2018 09.44;2.396.528;516.493;51.215.270.000.000.000;446.614.570.617.676;6.290.509;7.604.966.999.999.990;150.463;16.391.779.999.999.900;15.697.339.999.999.900;15.053.529.999.999.900;3.606.474;2.958.584;12.971.469.999.999.900;1.289.457;4.204.033;;4.635.663;4.605.116;25.213.099.999.999.900;6.777.339;4.049.046;8.908.262;5.413.931;1.107.911;6.080.455;6.972.860.000.000.000;7.976.310.000.000.000;1040.09.00;8.067.216;5.046.932;6.745.369.999.999.990;9.380.208;9.004.424;4.971.441;2.288.136;5.025.338;7.777.723;0.04722598;53.645.830.000.000.000;4.088.541;59.895.830.000.000.000;3.385.416;3.385.416;3.958.333;6.655.093.000.000.000;7.523.148;4.976.852;4.021.991;1.984.954;8.420.139;;1.953.125
219465;01/09/2018 09.45;2.404.398;516.059;51.215.274.810.790.900;4.466.146;6.247.685;7.855.093.000.000.000;1.511.863;1.638.455;1.573.351;1.511.863;3.547.375;30.177.529.999.999.900;1.352.474;1.281.125;4.193.528;;4.652.862;4.638.823;2.541.904;6.747.808;4.047.767;8.908.174;5.421.071;1.109.075;6.077.872;6.976.524;7.997.919;1.050.387;8.044.115;476.871;6.837.963;8.838.541;8.905.977;4.880.237;2.354.027;5.190.255;7.798.475;29.551.090.000.000.000;5.338.541;4.270.833;5.885.416;3.359.375;34.375;3.958.333;6.684.028;7.436.343.000.000.000;4.947.917;4.021.991;1.909.722;9.143.519;;1.953.125
219466;01/09/2018 09.46;2.402.431;51.605.899.810.790.900;51.215.270.000.000.000;4.470.486;6.265.046;7.828.419;151.548;1.647.135;15.567.129.999.999.900;15.053.529.999.999.900;3.504.459;29.301.109.999.999.900;1.378.418;1.257.593;4.200.587;;4.610.483;4.611.893;2.528.715;6.768.483;4.054.218;8.905.093;5.442.668;1.108.999;6.139.185;7.015.444;8.020.175;10.694.660.000.000.000;8.142.988;5.040.475;6.759.259;8.979.166;9.142.234;4.800.828;2.397.792;5.250.164;7.803.969;2.755.289;53.125;4.348.958;5.963.541;3.359.375;34.375;3.932.291;6.712.963;7.378.472;4.947.917;4.079.861;1.834.491;93.75;;1.967.593
219467;01/09/2018 09.47;2.404.398;51.605.899.810.790.900;5.117.187;44.704.860.687.255.800;6.243.055;8.029.231.999.999.990;150.897;1.647.135;15.697.339.999.999.900;1.511.863;3.491.137;2.869.432;1.319.842;1.287.609;4.219.157;;461.546;4.679.887;2.606.229;672.743;4.054.477;8.947.092;5.395.334;1.109.406;611.515;6.983.943;8.039.141;1.080.742;8.044.447;4.751.469;6.921.296;8.864.583;9.046.108;4.804.608;2.456.962;5.410.930.000.000.000;7.884.348;6.115.144;5.234.375;4.348.958;5.963.541;3.359.375;34.375;390.625;6.712.963;7.262.731;4.976.852;4.079.861;1.782.407;9.259.259;;1.987.847
219468;01/09/2018 09.48;240.735;51.605.899.810.790.900;51.171.871.185.302.700;44.704.860.687.255.800;6.425.926;8.158.853;15.198.210.000.000.000;1.642.795;15.697.339.999.999.900;150.897;3.549.938;2.907.315;128.562;1.291.497;419.777;;4.602.676;4.571.662;2.470.355;6.737.598;4.065.659;8.970.744;5.405.941;11.064.180.000.000.000;6.088.184;696.48.00;7.976.766;1083.38.00;791.58.00;5.008.147;6.666.666;9.062.499;8.920.944;5.021.446;2.451.539;5.490.366;8.152.145;32.716.190.000.000.000;5.130.208;4.348.958;6.015.625;3.359.375;34.375;390.625;6.568.287;7.002.315;5.034.722;4.166.667;1.762.153;9.143.519;;1.984.954
219469;01/09/2018 09.49;23.955.439.999.999.900;51.605.899.810.790.900;5.117.187;44.704.860.687.255.800;6.333.334;8.077.624;151.548;16.391.779.999.999.900;15.653.929.999.999.900;150.897;3.567.269;1.509.446;1.286.546;1.294.996;4.196.192;;4.613.437;4.570.306;2.476.289;6.741.842;4.061.235;897.672;5.397.675;1.106.805;6.076.909;6.970.511;7.962.075;1.093.877;8.089.119;5.147.513;6.861.111;8.880.208;8.811.894;4.857.382;2.476.856;5.228.777;7.938.036;0.5553271;5.078.125;4.296.875;6.119.791;3.359.375;3.489.583;3.932.291;6.365.741;6.770.834;5.063.657;4.195.602;1.747.685;9.085.648;;1.993.634
219470;01/09/2018 09.50;2.405.382;51.605.899.810.790.900;51.215.270.000.000.000;44.704.860.687.255.800;6.253.472;8.286.546;150.897;16.391.779.999.999.900;15.653.929.999.999.900;1.512.587;3.661.848;13.360.729.999.999.900;1.242.263;1.277.604;4.205.727;;4.607.447;4.550.811;2.474.882;6.783.289;4.067.228;8.988.824;5.417.087;1.107.412;6.083.202;6.993.677;8.025.613;1.108.302;8.047.014;4.778.764;6.805.555;8.942.708;8.855.904;4.866.496;2.455.165;5.352.034;8.006.795;2.259.954;5.052.083;4.296.875;63.020.830.000.000.000;3.359.375;348.958.320.617.676;3.932.291;619.213;6.481.481;5.092.593;42.245.368.957.519.400;1.753.472;8.883.102;;1.967.593
219471;01/09/2018 09.51;2.402.431;51.605.899.810.790.900;51.215.274.810.790.900;44.704.860.687.255.800;6.299.769;8.062.505.999.999.990;150.897;1.638.455;15.567.129.999.999.900;1.508.247;3.678.422;2.914.085;1.230.987;12.672.880.000.000.000;4.207.931;;4.607.155;4.671.626;2.582.918;6.757.146;4.062.648;8.955.269.999.999.990;5.432.068;1.106.799;6.087.548;7.018.816;7.984.033;1.117.623;7.931.486;50.458.099.999.999.900;6.944.445;8.979.166;8.929.284;4.858.938;2.492.761;5.413.329;8.001.646;7.876.672;5.052.083;4.322.916;640.625;3.359.375;348.958.320.617.676;3.958.333;60.474.540.000.000.000;62.05.00;5.121.528;4.253.472;1.750.579;8.680.556;;1.915.509
219472;01/09/2018 09.52;2.402.431;51.605.899.810.790.900;51.215.270.000.000.000;44.704.860.687.255.800;6.314.815;811.377;151.548;1.642.795;15.653.929.999.999.900;1.511.863;3.655.637;292.966;12.315.639.999.999.900;1.275.157;4.213.773;;4.595.658;4.565.417;2.480.562;6.766.036;4.067.226;8.851.913;5.411.498;1.105.425;6.099.677;7.017.186;8.025.313;1.124.215;7.931.268;4.795.811;7.060.185;9.036.458;8.880.892;4.904.795;2.527.219;5.552.266;8.086.611;1.751.209;5.052.083;4.401.041;6.432.291;3.385.416;3.489.583;4.010.416;5.902.778.000.000.000;6.076.389;5.092.593;4.253.472;1.753.472;8.709.491;;1.851.852
219473;01/09/2018 09.53;240.735;51.605.899.810.790.900;5.117.187;44.704.860.687.255.800;6.311.343;8.230.814.000.000.000;151.548;1.634.115;15.697.339.999.999.900;15.010.129.999.999.900;359.536;2.942.029;12.298.280.000.000.000;1.265.819;4.202.544;;4.640.818;4.623.875;2.563.817;6.754.824;4.069.846;892.688;5.418.142;1.106.961;6.104.093;7.004.481;8.020.533;11.280.339.999.999.900;792.252;4.958.669;6.606.481;9.296.874;9.021.462;4.807.306;258.87;5.646.738;8.152.565;12.688.930.000.000.000;50.00.00;4.401.041;640.625;3.411.458;3.515.625;4.010.416;5.815.971.999.999.990;60.474.540.000.000.000;5.092.593;4.311.343;1.782.407;8.854.166;;1.814.236
219474;01/09/2018 09.54;2.396.528;51.605.899.810.790.900;5.117.187;4.470.486;6.229.166;8.082.714;150.897;1.642.795;1.577.691;15.053.529.999.999.900;35.597.229.999.999.900;2.840.275;127.183;1.254.481;4.206.124;;4.638.344;4.801.918;2.739.188;6.768.979;4.062.357;8.987.892;5.443.673;1.109.427;6.086.609;697.664;8.021.728;1.139.563;8.113.315;5.184.002;687.05.00;9.697.916;9.312.054;4.893.123;2.504.486;5.606.937;8.321.708;2.932.882;50.00.00;4.348.958;63.802.080.000.000.000;341.145.820.617.676;3.515.625;3.958.333;57.870.369.999.999.900;6.105.324;5.063.657;4.398.148;1.799.769;8.709.491;;1.808.449
219475;01/09/2018 09.55;2.404.398;51.605.899.810.790.900;51.215.270.000.000.000;44.748.259.999.999.900;6.240.741;8.083.601;151.548;16.391.779.999.999.900;15.697.339.999.999.900;1.511.863;3.535.009;2.794.635;1.382.116;1.259.262;4.211.397;;4.632.305;4.675.822;259.005;6.766.708;4.051.159;9.014.803;5.450.059;1.111.803;6.111.877;7.007.794;7.999.196;1.146.703;7.957.479;5.246.577;7.129.630.000.000.000;9.015.624;8.921.625;4.852.846;2.494.835;5.610.466;8.219.496;1.600.669;5.052.083;4.296.875;6.276.041;341.145.820.617.676;3.489.583;3.958.333;5.815.971.999.999.990;6.134.259;5.034.722;44.849.540.000.000.000;1.811.343;8.449.074;;1.814.236
219476;01/09/2018 09.56;2.405.382;51.605.899.810.790.900;51.215.274.810.790.900;44.748.260.498.046.800;6.237.268;8.030.933;1.511.863;1.642.795;15.653.929.999.999.900;150.897;3.617.713;2.757.684;147.224;1.259.682;4.208.484;;4.649.585;4.434.782;2.351.709;6.719.297;4.044.524;8.986.083;5.398.898;1.104.757;6.047.957;6.934.624;796.174;1.151.521;7.990.226;5.038.402;6.532.407;9.255.208;9.166.916;4.828.234;250.94;5.568.312;8.385.455;2.018.984;5.052.083;421.875;62.05.00;341.145.820.617.676;348.958.320.617.676;3.958.333;59.606.480.000.000.000;6.105.324;5.034.722;45.138.889.312.744.100;1.793.981;8.246.528;;182.581
219477;01/09/2018 09.57;2.399.479;51.605.899.810.790.900;51.215.274.810.790.900;44.748.260.498.046.800;6.332.176;7.991.814.000.000.000;150.897;16.420.720.000.000.000;1.573.351;1.511.863;3.533.298;1.550.963;1.496.734;1.273.617;4.204.952;;4.672.239;45.519.199.999.999.900;2.461.446;6.746.042;4.046.076;8.996.583;5.406.235;1.108.435;6.082.825;6.977.285;7.992.561;1.161.569;7.734.298;4.892.094;6.708.333;9.322.916;8.954.113;4.987.854;2.526.379;5.636.856;8.234.308;2.817.628;50.00.00;4.166.666;62.05.00;341.145.820.617.676;348.958.320.617.676;3.958.333;6.076.389;6.076.389;5.034.722;4.542.824;176.794;8.015.046;;1.828.704
219478;01/09/2018 09.58;2.404.398;51.605.899.810.790.900;51.215.274.810.790.900;44.748.260.498.046.800;628.125;8.075.148;150.897;1.642.795;15.653.929.999.999.900;1.506.076;3.516.979;1.331.285;1.494.941;1.285.263;4.202.878;;4.644.745;4.599.116;25.210.220.000.000.000;6.758.903;4.052.175;8.945.941;5.423.234;1.107.945;6.086.288;7.008.817;7.983.245;1.170.326;7.994.152;5.080.353;6.652.778;8.979.166;8.949.868;4.886.122;2.522.973;5.522.574;8.162.435;2.220.375;50.00.00;4.140.625;63.802.080.000.000.000;3.411.458;348.958.320.617.676;3.958.333;6.076.389;60.474.540.000.000.000;5.034.722;4.542.824;1.733.218;78.125;;1.828.704
219479;01/09/2018 09.59;23.955.439.999.999.900;516.059;51.215.274.810.790.900;44.748.260.498.046.800;6.288.195;8.000.015;1.511.863;1.642.795;1.576.968;15.010.129.999.999.900;3.568.101;1.110.564;1.513.284;12.675.239.999.999.900;4.215.949;;4.641.399;4.634.847;2.572.782;6.789.737;4.065.257;8.968.477;5.438.378;1.107.434;6.136.722;7.011.102;8.039.087;1.166.481;8.053.475;485.994;6.953.704;8.640.624;9.095.196;4.747.948;2.390.266;5.251.299;8.054.005;2.021.653;4.947.916;4.088.541;6.484.375;3.385.416;3.489.583;3.958.333;6.105.324;60.474.540.000.000.000;5.034.722;4.513.889;1.684.028;7.552.084;;1.837.384
219480;01/09/2018 10.00;2.406.366;516.059;51.215.270.000.000.000;44.748.260.498.046.800;623.263.916.015.625;8.026.248.000.000.000;150.897;16.391.779.999.999.900;15.697.339.999.999.900;1.511.863;3.603.598;61.955.290.000.000.000;1.479.518;1.293.772;4.207.817;;4.673.727;4.657.581;2.570.013;6.772.715;4.056.558;9.027.479;5.437.741;1105.28.00;6.128.988;6.981.271;8.013.469;1181.74;7.991.331;48.537.699.999.999.900;6.898.148;9.151.041;8.960.529;4.843.387;2.374.393;5.312.252;8.236.385;4.534.194;4.921.875;4.296.875;6.614.583;3.307.291;34.375;4.010.416;6.365.741;6.076.389;4.947.917;4.542.824;1.582.755;7.262.731;;1.866.319
219481;01/09/2018 10.01;2.406.366;516.059;51.215.270.000.000.000;44.748.260.498.046.800;623.263.916.015.625;8.026.248.000.000.000;150.897;16.391.779.999.999.900;15.697.339.999.999.900;1.511.863;3.603.598;61.955.290.000.000.000;1.479.518;1.293.772;4.207.817;;4.673.727;4.657.581;2.570.013;6.772.715;4.056.558;9.027.479;5.437.741;1105.28.00;6.128.988;6.981.271;8.013.469;1181.74;7.991.331;48.537.699.999.999.900;6.898.148;9.151.041;8.960.529;4.843.387;2.374.393;5.312.252;8.236.385;4.534.194;4.921.875;4.296.875;6.614.583;3.307.291;34.375;4.010.416;6.365.741;6.076.389;4.947.917;4.542.824;1.582.755;7.262.731;;1.866.319
219482;01/09/2018 10.02;2.399.479;51.605.899.810.790.900;5.125.868;44.748.260.498.046.800;628.125;7.963.834;1.511.863;1.647.135;1.573.351;1.511.863;36.696.059.999.999.900;4.232.328;1.424.658;1.298.667;4.189.113;;4.611.169;4.644.064;2.557.878;6.743.207;4.059.303;8.857.576;5.400.718;1.102.598;6.060.235;6.950.756;7.963.541;1.187.759;8.042.536;4.816.536;6.439.814;8.781.249;9.203.213;4.833.802;235.956;5.142.189;7.843.612;19.426.679.999.999.900;4.869.791;4.453.125;6.692.708;328.125;3.515.625;403.645.820.617.676;6.626.156.999.999.990;6.221.065;48.900.459.999.999.900;44.849.540.000.000.000;1.579.861;7.291.666;;1.872.106
219483;01/09/2018 10.03;2.406.366;51.605.899.810.790.900;5.125.868;44.748.260.498.046.800;6.342.593;8.279.795;150.897;1.652.199;1.570.457;1.511.863;3.674.576;4.216.932;1.395.846;1.303.207;4.226.388;;465.49.00;4.622.633;2.542.383;6.745.197;4.061.865;8.970.491;5.432.027;1.104.646;6.066.111;6.968.689.999.999.990;7.956.661;1.189.952;8.040.552;504.779;6.893.519;8.885.416;9.122.228;4.919.283;2.364.344;5.178.337;7.864.987;13.640.139.999.999.900;484.375;4.453.125;6.692.708;328.125;3.541.666;40.625;6.828.703;6.365.741;48.900.459.999.999.900;4.398.148;1.640.625;7.378.472;;1.880.787
219484;01/09/2018 10.04;23.955.439.999.999.900;51.605.899.810.790.900;51.215.270.000.000.000;44.748.260.498.046.800;6.166.666;8.201.185;151.548;16.391.779.999.999.900;1.573.351;1.501.736;3.735.005;4.234.739;1.419.271;1.300.181;4.203.337;;4.617.558;4.618.272;25.352.099.999.999.900;6.756.697;4.063.218;8.995.343;541.98;1.107.914;6.081.251;6.958.035;8.012.309;9.623.206;7.939.976;4.964.474;6.953.704;8.677.083;9.104.684;4.845.018;2.450.061;5.249.476;7.870.829;4.274.457;4.817.708;453.125;6.901.041;328.125;3.541.666;40.625;7.060.185;6.394.676;49.189.820.000.000.000;4.398.148;1.733.218;7.378.472;;1.892.361
219485;01/09/2018 10.05;2.404.398;51.605.899.810.790.900;5.125.868;44.748.260.498.046.800;6.292.824;8.173.071.999.999.990;15.010.129.999.999.900;1.632.668;15.617.770.000.000.000;15.053.529.999.999.900;3.711.477;4.293.406;1.383.974;12.607.460.000.000.000;4.177.022;;4.628.448;4.656.643;2.574.705;6.760.427;406.675;8.920.499;5.447.844;11.068.410.000.000.000;6.082.842;703.072;7.976.874;8.939.897;8.100.862;5.077.586;6.986.111;8.979.166;896.436;4.809.619;2.485.813;5.376.342;7.859.781;1.622.353;4.791.666;4.609.375;6.927.083;3.255.208;3.567.708;4.088.541;7.262.731;6.394.676;4.947.917;44.560.179.999.999.900;1.782.407;7.349.537;;1.909.722
219486;01/09/2018 10.06;2.406.366;51.605.899.810.790.900;512.586.784.362.793;44.748.260.498.046.800;6.265.046;8.136.238;1.511.863;1.647.135;15.617.770.000.000.000;15.053.529.999.999.900;3.744.027;4.232.512;1.304.509;1.269.312;4.200.221;;4.656.168;4.522.889;2.391.854;6.743.674;4.053.331;8.950.759;5.419.504;1111.72;6.104.885;7.052.360.000.000.000;7.975.512;8.276.210.000.000.000;7.917.852;5.043.188;6.972.222;8.874.999;8.880.829;4.949.752;2.508.946;5.369.865;7.918.034;9.948.891.999.999.990;4.739.583;4.661.458;6.901.041;328.125;3.567.708;4.140.625;7.494.213;6.423.611;5.034.722;44.560.179.999.999.900;1.814.236;7.349.537;;1.935.764
219487;01/09/2018 10.07;2.399.479;51.605.899.810.790.900;512.586.784.362.793;44.748.260.498.046.800;6.309.028;8.207.185;150.897;1.647.135;15.653.929.999.999.900;1.508.247;372.745;4.310.618;1.278.581;12.846.960.000.000.000;4.219.747;;4.684.347;4.538.151;2.455.209;6.787.585;4.059.943;8.996.984;5.450.209;11.093.310.000.000.000;6.108.158;7.026.768;8.055.833;8.244.961;7.959.717;4.825.606;6.847.222;9.421.874;8.835.967;4.845.619;2.503.711;5.416.062;7.951.439;1.227.331;4.739.583;4.661.458;6.822.916;328.125;3.619.791;4.166.666;7.696.759;6.394.676;5.063.657;44.560.179.999.999.900;1.820.023;7.291.666;;1.958.912
219488;01/09/2018 10.08;2.406.366;51.605.899.810.790.900;5.125.868;44.748.260.498.046.800;6.335.648.193.359.380;8.244.059;14.829.279.999.999.900;1.642.795;15.653.929.999.999.900;1.511.863;375.468;4.293.399;1.241.331;12.814.039.999.999.900;4.219.357;;4.655.817;4.448.681;2.341.792;6.780.862;4.064.081;8.975.518;5.398.523;11.076.989.999.999.900;6.102.434;6.958.881;8.006.656;7.813.404;8.006.596;4.834.888;6.986.111;9.354.166;8.984.153;4.850.281;25.474.400.000.000.000;550.572;7.985.601;14.696.720.000.000.000;46.875;4.661.458;6.744.791;328.125;3.619.791;4.140.625;7.841.435;62.05.00;5.092.593;44.560.179.999.999.900;1.811.343;7.407.406.999.999.990;;1.979.167
219489;01/09/2018 10.09;2.399.479;51.605.899.810.790.900;51.215.270.000.000.000;44.748.260.498.046.800;6.314.814;8.215.116;14.858.220.000.000.000;1.638.455;15.661.170.000.000.000;15.053.529.999.999.900;38.629.979.999.999.900;2.836.109;29.253.529.999.999.900;12.846.810.000.000.000;4.202.512;;4.598.616;448.04.00;2.357.765;6.775.732;4.063.203;8.930.678;5.396.905;1.109.588;6.080.496;6.932.025;7.927.719.999.999.990;7.493.181;7.805.344;4.980.998;7.032.407;9.322.916;9.105.144;4.909.672;25.877.299.999.999.900;5.511.229;8.142.826;1.408.506;4.609.375;4.583.333;6.640.625;328.125;3.619.791;4.140.625;7.841.435;60.474.540.000.000.000;5.179.398;44.849.540.000.000.000;182.581;7.725.694;;2.010.995
219490;01/09/2018 10.10;2.405.382;51.605.899.810.790.900;5.130.208;44.748.260.498.046.800;6.210.648;835.024;1.489.439;1.634.115;15.653.929.999.999.900;1.508.247;3.945.326;31.153.309.999.999.900;308.361;1.298.231;4.209.953;;4.606.771;4.568.571;2.490.027;6.761.761;4.067.912;890.957;5.415.499;1.103.743;6.111.794;6.875.708;8.029.009;7.130.345;783.596;5.122.758;6.490.740.000.000.000;9.499.999;9.262.866;4.901.868;2.627.494;5.652.275;8.207.992;8.244.308;4.609.375;4.479.166;6.536.458;328.125;3.619.791;4.140.625;8.101.852;5.844.906.999.999.990;5.208.333;4.513.889;1.843.171;8.362.269;;2.051.505
219491;01/09/2018 10.11;2.406.366;51.605.899.810.790.900;51.215.270.000.000.000;44.748.260.498.046.800;6.274.305;8.466.289;1.493.779;1.652.199;15.697.339.999.999.900;15.053.529.999.999.900;3.916.516;31.589.540.000.000.000;3.052.998;1.291.103;4.184.013;;4.654.633;4.646.533;25.674.639.999.999.900;6.781.685;4.073.968;8.937.358;5.461.386;1.111.798;6.095.208;7.010.159;8.027.353;6.785.851;7.978.646;4.779.423;700.00.00;9.822.916;9.153.947;4.979.898;2.636.873;564.951;8.218.559;00.00;4.661.458;4.427.083;6.770.833;3.255.208;3.567.708;4.088.541;8.362.269;57.581.019.999.999.900;52.662.040.000.000.000;4.513.889;1.843.171;8.854.166;;208.912
219492;01/09/2018 10.12;2.396.528;516.059;51.215.274.810.790.900;44.748.260.498.046.800;6.351.852;836.699;14.648.439.999.999.900;1.616.753;15.697.339.999.999.900;1.511.863;4.051.265;3.244.697;302.897;12.742.180.000.000.000;4.223.327;;4.658.669;4.741.454;2.662.115;6.741.222;4.068.868;8.909.501;5.418.149;1.105.996;6.174.662;6.867.007;7.943.634;661.074;7.854.153;4.835.826;6.652.778;9.515.624;9.302.822;4.947.759;2.649.269;5.615.434;8.461.354;00.00;46.875;4.401.041;7.005.208;3.255.208;3.619.791;4.166.666;8.564.815;5.613.426;5.324.074;4.542.824;1.883.681;9.259.259;;2.103.588
219493;01/09/2018 10.13;240.735;5.147.569;51.215.270.000.000.000;44.748.260.498.046.800;6.228.009;8.649.895;14.648.439.999.999.900;1.621.094;15.697.339.999.999.900;15.169.270.000.000.000;4.031.488;3.420.681;2.998.191;1.267.254;420.66;;4.677.064;4.759.041;26.806.349.999.999.900;6.789.272;4.052.953;9.059.134;5.435.072;1.111.233;6.127.162;7.056.803;803.808;5.954.561;7.903.156;4.888.013;6.898.148;9.140.624;9.126.273;4.831.931;2.595.122;5.732.376;8.234.127;7.548.379;4.661.458;4.322.916;7.057.291;328.125;3.619.791;419.270.820.617.676;859.375;5.497.685;5.353.009;4.542.824;1.938.657;9.403.935;;212.963
219494;01/09/2018 10.14;2.399.479;516.059;5.125.868;44.748.260.498.046.800;6.233.796;8.512.516;1.460.503;1.616.753;15.653.929.999.999.900;150.897;4.033.556;3.488.303;2.967.965;12.719.560.000.000.000;4.204.795;;4.633.024;4.731.943;2.659.275;6.765.781;405.834;9.014.346;5.464.185;1.109.185;6.136.613;7.076.331;8.018.894;5.285.989;7.896.725;5.125.189;6.513.889;9.135.416;8.923.983;4.786.619;2.517.472;5.661.223;8.274.589;285.676;4.661.458;4.270.833;7.057.291;328.125;3.567.708;421.875;859.375;5.353.009;5.497.685;4.542.824;2.008.102;9.606.481;;2.199.074
219495;01/09/2018 10.15;2.404.398;51.605.899.810.790.900;512.586.784.362.793;44.748.259.999.999.900;6.325.984;8.712.476;14.648.439.999.999.900;162.037;15.653.929.999.999.900;1.508.247;3.958.194;3.511.091;298.022;1.252.392;4.205.521;;4.629.164;4.715.303;26.307.840.000.000.000;6.779.604;4.054.533;8.908.951;5.428.495;1110.02.00;6.137.154;6.980.198;8.028.943;4.618.619;818.538;4.886.678;6.490.740.000.000.000;8.604.166;9.091.262;4.831.838;2.445.179;5.388.041;8.276.627;0.12024800000000001;4.609.375;4.296.875;7.057.291;328.125;3.567.708;421.875;8.738.426;52.372.679.999.999.900;5.642.361;4.513.889;2.057.292;9.809.028;;224.537
219496;01/09/2018 10.16;2.406.366;51.605.899.810.790.900;512.586.784.362.793;44.748.260.498.046.800;6.284.722;8.688.358.000.000.000;14.539.929.999.999.900;161.603;1.553.096;1.508.247;3.894.773;36.297.740.000.000.000;30.214.679.999.999.900;1.238.011;4.224.413;;4.610.251;4.746.192;2.683.332;6.758.569;4.067.444;889.507;5.422.548;11.086.680.000.000.000;6.091.569.999.999.990;7.020.757;8.009.731;5.278.293;7.996.698;5.016.917;6.884.259;8.447.916;8.801.334;4.911.759;2.459.792;5.240.301;8.209.645;00.00;4.609.375;4.270.833;7.057.291;328.125;3.619.791;421.875;8.883.102;5.179.398;57.581.019.999.999.900;44.560.179.999.999.900;2.115.162;1.004.051;;2.277.199
219497;01/09/2018 10.17;23.955.439.999.999.900;516.059;512.586.784.362.793;44.748.260.498.046.800;620.023.132.324.219;8.597.386;1.460.503;16.124.129.999.999.900;15.653.929.999.999.900;1.511.863;3.941.533;3.571.832;3.061.955;1.254.199;4.204.706;;4.631.031;4.618.395;25.211.759.999.999.900;6.771.735;4.053.314;8.935.984;5.434.703;1.110.474;6.103.792;7.045.511;7.968.897;5.957.346;7.817.847;5.122.338;6.643.519;8.307.291;9.181.783;4.897.197;2.468.937;5.297.897;812.918;00.00;4.557.291;4.140.625;6.901.041;328.125;3.567.708;421.875;9.114.584;5.063.657;5.902.778.000.000.000;4.398.148;2.173.032;1.015.625;;2.300.347
219498;01/09/2018 10.18;240.735;515.191;512.586.784.362.793;44.748.260.498.046.800;627.893.493.652.344;8.718.059.000.000.000;145.761;162.037;15.740.739.999.999.900;1.511.863;40.892.759.999.999.900;3.587.641;306.104;1.259.929;4.192.319;;4.619.859;4.604.156;2.526.728;6.784.882;4.048.189;8.953.124;5.425.806;1.110.887;6.085.621;6.957.953;8.000.461;5.707.339;8.008.380.000.000.000;4.709.686;7.199.074;8.682.291;9.035.339;4.944.273;2.448.129;536.61;8.125.661;4.436.666.000.000.000;4.479.166;390.625;6.640.625;328.125;3.567.708;419.270.820.617.676;9.288.194;5.121.528;6.076.389;4.369.213;2.175.926;1.038.773;;2.306.134
219499;01/09/2018 10.19;2.402.431;516.059;5.125.868;44.748.260.498.046.800;620.601.806.640.625;850.831;1.460.503;1.616.753;15.740.739.999.999.900;15.010.129.999.999.900;414.966;3.671.608;3.098.841;1.231.883;4.209.127;;4.555.187;4.712.626;2.629.109;6.751.661;4.062.054;8.846.455;5.421.774;1.105.241;6.117.745;6.996.401;7.964.099;5.575.534;8.028.789;4.762.997;6.921.296;8.958.333;8.801.469.999.999.990;4.773.156;2.488.415;5.214.205;7.933.530.000.000.000;0.0007251874000000001;453.125;37.05.00;62.05.00;3.255.208;3.541.666;4.166.666;9.403.935;5.179.398;619.213;4.398.148;2.204.861;1.076.389;;2.306.134
219500;01/09/2018 10.20;2.402.431;515.191;51.215.270.000.000.000;44.748.260.498.046.800;6.337.962.646.484.380;8.646.214;14.496.529.999.999.900;16.124.129.999.999.900;15.567.129.999.999.900;1.508.247;43.655.120.000.000.000;3.570.316;311.202;1.210.552;4.193.104;;4.660.909;4.560.145;24.526.529.999.999.900;6.772.487;4.067.113;8.974.183;5.438.895;1.111.245;6.100.613;7.073.510.000.000.000;8.010.519;5.748.803;8.029.202;4.969.944;6.675.926;9.374.999;8.874.039;4.897.344;2.544.256;5.329.743;7.866.855;16.681.869.999.999.900;4.609.375;3.645.833;5.963.541;328.125;3.541.666;4.088.541;9.664.352;5.121.528;62.05.00;4.398.148;2.259.838;1.116.898;;2.311.921
219501;01/09/2018 10.21;240.735;516.059;51.215.270.000.000.000;44.748.260.498.046.800;632.986.083.984.375;857.542;1.460.503;161.603;15.740.739.999.999.900;1.497.396;4.472.511;357.887;3.181.765;11.966.239.999.999.900;4.194.171;;4.659.817;4.601.104;25.201.759.999.999.900;6.790.413;4.059.717;8.935.012;5.451.149;11.106.580.000.000.000;6.097.844;6.994.962;798.203;5.520.587;7.816.074;4.836.308;6.824.074;8.770.833;8.989.171;4.816.761;2.609.138;5.650.388;8.076.208;10.657.739.999.999.900;4.791.666;3.671.875;59.895.830.000.000.000;3.385.416;3.541.666;40.625;9.751.156.999.999.990;5.092.593;62.05.00;4.369.213;2.311.921;1.154.514;;2.317.708
219502;01/09/2018 10.22;2.396.528;51.605.899.810.790.900;5.125.868;44.748.260.498.046.800;6.238.426;8.468.189;14.539.929.999.999.900;161.386;15.653.929.999.999.900;15.053.529.999.999.900;4.457.139;36.600.120.000.000.000;314.126;123.156;418.744;;4.605.804;4.607.072;25.228.029.999.999.900;6.726.758;4.059.354;8.899.272;5.406.188;1.102.333;6.081.174;6.959.511;7.981.983;5.038.055;8.117.849;4.931.184;6.898.148;8.781.249;8.941.905;4.749.723;2.690.178;5.553.788;8.223.244;00.00;4.869.791;3.671.875;6.015.625;3.489.583;3.567.708;40.625;9.693.287;5.092.593;619.213;4.398.148;2.335.069;1.197.917;;2.346.644
219503;01/09/2018 10.23;240.735;51.605.899.810.790.900;5.125.868;44.748.259.999.999.900;6.311.343;8.596.688;14.648.439.999.999.900;1.616.753;1.570.457;1.511.863;426.413;364.095;3.137.852;1.264.227;4.200.955;;4.659.459;4.595.408;2.545.902;6.748.134;4.063.962;8.962.885;5.436.127;1104.85;6.103.145;7.021.961;7.947.748;5.308.358;8.126.902;4.931.348;6.638.889;8.640.624;9.020.346;4.592.087;2.680.359;5.653.242;8.123.367;00.00;4.973.958;3.645.833;5.885.416;3.541.666;3.567.708;4.140.625;9.664.352;5.063.657;6.076.389;44.560.179.999.999.900;2.346.644;1.206.597;;2.387.153
219504;01/09/2018 10.24;2.406.366;51.605.899.810.790.900;51.215.270.000.000.000;4.470.486;6.298.611;8.545.152;145.761;1.613.136;1.581.308;1.511.863;4.198.376;3.686.169;31.528.109.999.999.900;1.262.613;4.219.078;;4.655.211;4.720.997;2.653.491;6.781.591;40.579.900.000.000.000;8.980.208;5.431.956;11.121.689.999.999.900;6.085.168;7.050.282;8.013.682;5.159.229;7.859.247;5.199.458;6.569.445;8.354.166;8.848.918;4.684.627;2.672.688;5.884.378;8.295.811;2.463.616;50.00.00;3.567.708;5.885.416;35.416.664.123.535.200;3.541.666;4.166.666;931.713;4.976.852;6.076.389;44.849.540.000.000.000;239.294;1.229.745;;2.433.449
219505;01/09/2018 10.25;24.004.630.000.000.000;51.605.899.810.790.900;5.130.208;44.704.860.687.255.800;6.295.139;8.376.113.000.000.000;1.471.354;1.616.753;1.573.351;1.511.863;4.115.445;3.666.874;31.611.829.999.999.900;1.256.781;4.216.759;;4.639.348;4.677.952;2.616.946;6.764.323;4.065.619;894.005;5.424.523;1.105.366;6.092.336;6.957.743;8.003.434;4.893.483;8.007.342;5.044.571;6.537.037;7.791.666;8.892.226;4.684.242;2.629.047;5.906.395;8.486.368;33.563.410.000.000.000;50.00.00;3.567.708;59.895.830.000.000.000;3.541.666;3.541.666;41.666.664.123.535.200;8.738.426;4.976.852;6.076.389;44.849.540.000.000.000;2.436.343;1.235.532;;245.081
219506;01/09/2018 10.26;2.406.366;516.059;512.586.784.362.793;44.704.860.687.255.800;6.199.073.486.328.130;8.457.036;1.450.376;1.616.753;1.553.096;15.010.129.999.999.900;40.695.029.999.999.900;3.761.464;31.933.770.000.000.000;1.255.671;4.200.344;;4.619.364;4.735.941;2.660.349;6.713.898;4.067.173;8.940.571;5.421.281;1104.27.00;6.016.799;7.010.218;7.975.295;5.228.623;7.866.693;50.972.900.000.000.000;6.768.519;8.317.708;8.924.174;4.697.007;2.570.217;5.713.405;8.349.988;00.00;5.052.083;3.697.916;6.119.791;3.567.708;3.541.666;41.666.664.123.535.200;8.159.722;4.976.852;6.076.389;44.560.179.999.999.900;2.494.213;1.229.745;;2.491.319
219507;01/09/2018 10.27;2.396.528;516.493;51.215.270.000.000.000;44.704.860.687.255.800;6.333.333.740.234.380;8.232.143;1.460.503;1.616.753;15.697.339.999.999.900;150.897;3.966.151;3.684.874;3.203.524;1.245.073;4.203.209;;4.611.991;4.608.962;2.537.692;6.752.247;40.545.099.999.999.900;8.940.803;5.437.432;1.105.703;6.060.576;7.026.734;8.044.288;5.237.919;7.847.694;5.096.526;6.953.704;8.749.999;8.643.612;4.795.708;2.444.788;5.418.772;8.333.983;00.00;50.00.00;3.802.083;6.276.041;3.619.791;3.567.708;41.666.664.123.535.200;7.581.019;4.976.852;60.474.540.000.000.000;4.398.148;2.508.681;1.218.171;;2.528.935
219508;01/09/2018 10.28;240.735;516.059;512.586.784.362.793;44.704.860.687.255.800;6.296.296;8.325.392;145.761;1.606.626;15.653.929.999.999.900;1.512.587;3.865.639;37.855.920.000.000.000;3.246.837;12.456.489.999.999.900;4.212.109;;4.658.249;4.622.611;25.348.509.999.999.900;6.775.134;4.060.263;8.985.052;5.415.639;1.110.595;6.091.917;7.001.786;7.986.179;4.609.647;8.055.414;4.767.467;6.791.666;9.145.833;919.456;4.837.605;2.352.084;5.426.061;8.387.816;1.938.596;5.052.083;3.932.291;6.432.291;3.619.791;3.567.708;41.666.664.123.535.200;7.060.185;5.034.722;59.606.480.000.000.000;4.369.213;250.00.00;1.203.704;;2.537.616
219509;01/09/2018 10.29;24.004.630.000.000.000;51.605.899.810.790.900;5.130.208;44.704.860.687.255.800;6.310.186;8.375.719.000.000.000;1.471.354;1.621.094;1.573.351;15.010.129.999.999.900;3.802.223;3.883.932;32.749.179.999.999.900;1.239.317;4.213.448;;4.641.648;4.710.122;26.211.330.000.000.000;6.770.153;4.067.578;8.953.188;5.406.582;1108.92;6.086.763;6.983.323;7.985.275;367.403;7.964.339;5.016.417;6.601.852;8.989.583;9.075.557;482.389;2.411.116;5.298.335;8.251.852;11.852.789.999.999.900;5.052.083;4.010.416;6.510.416;3.567.708;3.567.708;4.166.666;6.655.093.000.000.000;5.063.657;5.902.778.000.000.000;4.340.278;2.508.681;1.168.981;;2.531.829
219510;01/09/2018 10.30;2.402.431;51.605.899.810.790.900;5.125.868;44.704.860.687.255.800;6.215.278;8.435.298;145.761;1.623.987;15.697.339.999.999.900;1.520.544;3.875.323;3.857.438;33.100.120.000.000.000;1.247.875;42.132.800.000.000.000;;4.623.462;4.689.442;2.606.795;6.745.795;4.063.865;8.925.989;5.428.439;1.110.028;6.191.825;7.033.421;795.698;3.443.803;7.840.408;5.249.754;6.805.555;9.140.624;8.758.069;4.740.223;2.490.816;5.253.611;8.225.399;00.00;5.078.125;3.958.333;6.640.625;356.770.820.617.676;3.567.708;419.270.820.617.676;6.481.481;5.208.333;5.815.971.999.999.990;4.340.278;2.566.551;1.125.579;;2.508.681
219511;01/09/2018 10.31;2.404.398;51.605.899.810.790.900;5.125.868;44.704.860.687.255.800;6.230.323;8.257.033;14.677.370.000.000.000;1.613.136;15.653.929.999.999.900;1.508.247;39.082.679.999.999.900;38.054.190.000.000.000;3.310.114;1.263.407;4.203.894;;4.611.568;4.673.437;256.986;6.764.877;4.073.076;8.933.006;5.416.797;1.109.654;6.124.033;7.008.489;8.008.445;4.236.515;7.951.110.000.000.000;5.032.943;7.055.555;8.822.916;9.026.732;4.788.408;252.905;533.619;8.133.651;00.00;5.182.291;390.625;6.614.583;356.770.820.617.676;3.567.708;421.875;6.394.676;541.088;5.815.971.999.999.990;4.340.278;2.635.995;1.102.431;;2.505.787
219512;01/09/2018 10.32;2.396.528;51.605.899.810.790.900;51.215.270.000.000.000;44.704.860.687.255.800;6.253.472;8.414.344;14.648.439.999.999.900;1.616.753;15.653.929.999.999.900;15.053.529.999.999.900;3.911.723;38.454.440.000.000.000;3.382.347;125.552;4.215.663;;4.622.936;4.443.343;23.524.119.999.999.900;6.770.035;4.064.116;8.941.115;5.427.511;1.105.197;6.084.839;7.005.343;8.056.409;4.891.433;796.069;4.781.931;6.708.333;8.880.208;8.731.226;4.735.918;2.591.024;5.539.837;8.050.451;0.01609609;5.234.375;3.932.291;6.510.416;356.770.820.617.676;3.541.666;421.875;6.510.416;552.662;5.844.906.999.999.990;4.340.278;2.745.949;1.073.495;;2.485.532
219513;01/09/2018 10.33;240.735;51.605.899.810.790.900;5.125.868;44.704.860.687.255.800;6.268.518;847.249;1.471.354;1.613.136;15.653.929.999.999.900;1.508.247;3.878.242;38.077.420.000.000.000;3.435.156;12.598.980.000.000.000;4.215.659;;4.692.414;4.704.765;26.463.349.999.999.900;6.795.484;4.076.006;8.956.884;541.957;1.109.481;6.134.519;7.052.565;8.043.978;4.834.825;8.262.209;5.016.249;6.861.111;8.786.458;8.807.065;4.665.109;252.551;5.468.719;7.971.326;00.00;53.125;4.010.416;6.432.291;356.770.820.617.676;3.541.666;421.875;6.568.287;5.642.361;5.844.906.999.999.990;4.311.343;2.809.606;1.032.986;;2.459.491
219514;01/09/2018 10.34;2.404.398;51.605.899.810.790.900;5.125.868;44.704.860.687.255.800;6.385.416;8.337.745;1.460.503;1.613.136;15.653.929.999.999.900;1.508.247;3.882.201;376.061;34.184.470.000.000.000;12.524.939.999.999.900;4.190.954;;4.619.857;4.571.983;2.480.782;6.779.717;4.051.779;8.980.316;5.442.849;1.108.635;6.078.892;7.048.126;8.021.976;6.371.758;8.106.578;4.741.769;6.898.148;8.984.374;9.031.086;4.662.907;2.454.409;5.584.124;8.099.369;8.916.984;5.338.541;4.036.458;640.625;356.770.820.617.676;3.515.625;4.192.708;6.539.352;57.870.369.999.999.900;5.902.778.000.000.000;4.253.472;2.867.477;1.009.838;;2.433.449
219515;01/09/2018 10.35;24.004.630.000.000.000;51.605.899.810.790.900;51.215.270.000.000.000;44.704.860.687.255.800;6.204.861;8.241.447;14.677.370.000.000.000;1.613.136;15.697.339.999.999.900;1.512.587;3.894.079;3.748.794;3.399.523;1.278.398;4.207.414;;4.639.168;4.614.592;2.532.338;6.760.342;4.062.046;8.923.895;5.399.171;1.105.569;6.088.290.000.000.000;7.093.194;799.421;6.849.699;8.007.311;4.886.384;6.763.889;8.692.708;8.893.345;4.681.143;2.412.335;5.213.361;7.912.637;00.00;53.645.830.000.000.000;4.010.416;63.802.080.000.000.000;3.567.708;3.489.583;4.140.625;6.481.481;59.317.130.000.000.000;59.317.130.000.000.000;4.311.343;2.835.648;9.722.222;;2.407.407
219516;01/09/2018 10.36;2.406.366;51.605.899.810.790.900;5.125.868;4.470.486;6.143.519;8.256.554;14.677.370.000.000.000;1.616.753;15.617.770.000.000.000;1.511.863;3.881.788;37.194.559.999.999.900;3.452.251;12.502.369.999.999.900;42.025.199.999.999.900;;4.630.546;4.572.256;2.475.689;6.764.011;4.051.353;8.916.899;545.117;1.108.885;6.068.046;7.019.681;8.045.289;7.753.748;807.602;4.904.334;6.648.148;8.677.083;8.879.242;4.721.155;2.431.344;5.429.239;8.164.948;1.033.525;54.427.080.000.000.000;390.625;62.05.00;3.619.791;3.489.583;4.088.541;6.481.481;6.105.324;59.606.480.000.000.000;4.224.537;2.798.033;9.230.324;;2.384.259
219517;01/09/2018 10.37;2.396.528;51.605.899.810.790.900;51.215.270.000.000.000;4.466.146;628.125;8.088.356;14.539.929.999.999.900;1.624.711;1.573.351;1.508.247;39.042.640.000.000.000;37.990.970.000.000.000;342.846;12.812.389.999.999.900;4.198.436;;4.637.697;4.643.721;25.766.009.999.999.900;6.789.322;4.075.511;8.977.451;5.460.709;1.111.869;6.127.684;7.010.419.999.999.990;8.012.157;8.147.836;8.032.034;5.397.383;7.064.814;8.729.166;9.197.153;4.786.053;23.971.099.999.999.900;5.367.689;8.260.402;0.2143028;5.572.916;3.880.208;6.119.791;3.619.791;34.375;40.625;6.365.741;619.213;5.902.778.000.000.000;4.195.602;2.789.352;8.738.426;;2.355.324
219518;01/09/2018 10.38;2.402.431;51.605.899.810.790.900;5.125.868;446.614.570.617.676;6.216.435.546.875;8.177.183.000.000.000;14.648.439.999.999.900;1.624.711;15.697.339.999.999.900;1.508.247;3.931.343;39.003.809.999.999.900;3.439.785;1.276.169;4.211.651;;4.654.461;4.679.864;2.604.133;6.769.438;4.076.378;896.09.00;5.478.025;1.115.146;6.151.779;7.063.951;8.127.681;534.489;7.987.308;5.079.874;6.476.852;7.614.583;8.527.316;4.528.245;2.330.229;5.202.071;8.051.301;12.118.260.000.000.000;5.729.166;3.828.125;59.895.830.000.000.000;3.671.875;34.375;4.036.458;6.278.935;6.221.065;57.870.369.999.999.900;4.166.667;2.798.033;8.362.269;;2.332.176
219519;01/09/2018 10.39;2.402.431;51.605.899.810.790.900;512.586.784.362.793;446.614.570.617.676;6.278.935;8.161.115;14.648.439.999.999.900;1.610.243;15.617.770.000.000.000;1.508.247;3.860.797;3.780.833;3.462.368;1.289.777;4.218.646;;4.612.388;4.640.577;2.555.284;6.754.630.000.000.000;4.058.142;8.984.732;5.424.898;1.110.516;6.120.563;7.017.621;8.021.376;8.590.532;8.135.343;4.958.701;6.782.407;8.630.208;8.831.517;4.595.433;2.102.163;4.690.257;7.820.189.999.999.990;00.00;5.859.375;37.05.00;5.729.166;3.697.916;34.375;3.958.333;6.221.065;619.213;5.613.426;41.087.959.999.999.900;2.806.713;8.072.916;;2.306.134
219520;01/09/2018 10.40;2.399.479;51.605.899.810.790.900;5.125.868;446.614.570.617.676;6.248.843;8.217.075;1.460.503;1.616.753;15.653.929.999.999.900;1.506.076;3.819.607;37.168.859.999.999.900;3.468.008;1.284.051;4.214.014;;4.648.202;4.676.532;2.605.995;6.748.488;4.061.387;8.934.703;5.440.688;11.085.230.000.000.000;6.121.846;7.028.685;7.961.415;8.344.498;8.004.879;4.987.698;6.791.666;9.020.833;9.045.725;4.560.022;2.162.642;4.916.643;7.669.577;0.5794835;5.885.416;3.645.833;5.729.166;36.979.164.123.535.200;34.375;3.932.291;62.05.00;6.076.389;546.875;4.079.861;2.780.671;78.125;;2.268.519
219521;01/09/2018 10.41;2.404.398;516.059;5.130.208;446.614.570.617.676;6.314.814;816.876;14.677.370.000.000.000;1.613.136;15.567.129.999.999.900;150.897;3.771.902;3.840.767;3.466.213;1.293.494;4.177.662;;4.666.062;4.586.991;2.481.468;6.771.502;4.049.041;8.928.523;5.434.338;1.107.862;6.104.561;697.887;7.979.943;8.534.382;7.940.115;5.074.227;6.532.407;9.406.249;8.823.387;46.548.199.999.999.900;2.221.485;5.092.848;7.953.445;0.5626541;59.114.580.000.000.000;3.671.875;58.333.330.000.000.000;3.697.916;3.411.458;390.625;6.423.611;59.895.830.000.000.000;541.088;41.087.959.999.999.900;2.711.227;7.696.759;;2.225.116
219522;01/09/2018 10.42;2.402.431;5.260.416;5.125.868;446.614.570.617.676;6.339.119.999.999.990;8.011.229;1.460.503;1.616.753;15.653.929.999.999.900;1.508.247;3.822.586;3.921.382;3.521.267;1.290.415;4.224.625;;4.627.173;4.689.073;2.624.616;6.740.005;4.053.698;8.934.906;5.397.241;11.036.989.999.999.900;6.103.683;6.961.857;7.971.999;7.544.723;8.020.629;524.014;6.782.407;8.822.916;8.790.407;4.640.277;228.895;5.058.203;7.767.454;6.027.566;5.963.541;3.802.083;59.114.580.000.000.000;3.671.875;34.375;390.625;6.539.352;5.902.778.000.000.000;541.088;4.195.602;2.650.463;7.928.241;;2.181.713
219523;01/09/2018 10.43;2.406.366;516.059;512.586.784.362.793;446.614.570.617.676;6.328.704;8.049.696;1.471.354;161.603;1.573.351;1.508.247;3.840.051;4.012.475;3.537.058;1.283.206;4.183.941;;4.609.216;4.611.441;25.139.299.999.999.900;6.797.952;4.054.242;8.878.394;5.419.114;1.108.651;6.098.802;6.998.906;7.997.180.000.000.000;7.591.448;8.135.628;5.121.439;6.671.296;8.916.666;8.928.698;462.535;2.336.014;5.164.869;788.337;8.553.456;5.963.541;3.880.208;5.885.416;3.671.875;34.375;390.625;6.568.287;5.815.971.999.999.990;546.875;4.224.537;2.601.273;8.217.593.000.000.000;;2.126.736
219524;01/09/2018 10.44;2.404.398;51.605.899.810.790.900;512.586.784.362.793;446.614.570.617.676;6.247.685;8.054.016.999.999.990;1.450.376;1.616.753;15.697.339.999.999.900;1.508.247;3.941.965;4.079.622;3.513.082;12.874.939.999.999.900;4.205.135;;4.673.344;4.586.186;2.505.475;675.954;4.058.933;8.878.395;5.432.736;1.106.527;6.103.766;7.009.641;7.988.485;7.951.768;7.972.193;5.121.765;7.032.407;9.083.333;9.172.943;4.597.618;2.328.636;526.83;7.862.937;8.038.151;59.895.830.000.000.000;390.625;609.375;3.671.875;3.515.625;3.932.291;6.539.352;57.581.019.999.999.900;5.497.685;4.224.537;2.566.551;8.362.269;;2.086.227
219525;01/09/2018 10.45;2.404.398;51.605.899.810.790.900;5.125.868;446.614.570.617.676;624.768.493.652.344;8.054.016.999.999.990;1.450.376;1.616.753;15.697.339.999.999.900;1.508.247;3.941.965;4.079.622;3.513.082;12.874.939.999.999.900;421.024;;4.633.556;4.619.993;25.382.919.999.999.900;6.755.191;4.048.913;8.926.489;5.410.137;1.106.996;6.075.198;7.049.551;7.967.969;853.863;7.968.568;5.061.448;6.939.814;9.161.458;8.935.169.999.999.990;4.642.483;2.325.513;5.188.748;7.912.449;1.629.712;59.895.830.000.000.000;390.625;609.375;3.671.875;3.515.625;3.932.291;6.539.352;57.581.019.999.999.900;5.497.685;4.224.537;2.566.551;8.362.269;;2.086.227
219526;01/09/2018 10.46;2.406.366;51.605.899.810.790.900;51.215.270.000.000.000;446.614.570.617.676;6.291.666.259.765.630;7.994.091.999.999.990;1.460.503;1.606.626;1.553.096;15.053.529.999.999.900;4.008.115;4.002.961;3.501.054;1.306.672;4.206.064;;4.682.487;4.714.135;2.643.025;6.731.989;4.056.858;8.962.053;5.389.758;11.092.839.999.999.900;607.523;7.065.118;8.052.463;7.595.654;7.984.813;5.097.984;6.870.369.999.999.990;9.171.874;8.989.821;47.550.199.999.999.900;2.331.854;5.114.319;7.872.307;0.00047386199999999997;578.125;40.625;640.625;3.619.791;3.541.666;4.010.416;6.626.156.999.999.990;57.870.369.999.999.900;552.662;4.311.343;245.081;853.588;;2.045.718
219527;01/09/2018 10.47;24.004.630.000.000.000;51.605.899.810.790.900;5.125.868;446.614.570.617.676;6.243.055.419.921.880;776.625;1.471.354;1.642.795;1.576.968;1.508.247;4.172.058;4.054.803;3.497.878;1.297.337;4.206.112;;4.637.025;4.721.866;2.667.719;6.755.269.999.999.990;4.081.154;8.934.194;540.415;1.104.549;6.077.653;6.985.666;7.970.199;7.073.118;8.015.439;4.944.176;6.712.963;9.296.874;9.091.246;4.728.164;2.274.977;4.991.592;787.57.00;14.127.410.000.000.000;5.729.166;4.088.541;6.692.708;3.567.708;3.541.666;403.645.820.617.676;6.626.156.999.999.990;5.844.906.999.999.990;5.497.685;4.311.343;2.418.981;859.375;;2.022.569
219528;01/09/2018 10.48;2.406.366;51.605.899.810.790.900;5.125.868;446.614.570.617.676;626.273.132.324.219;7.782.155.999.999.990;1.460.503;1.632.668;15.567.129.999.999.900;1.511.863;41.858.270.000.000.000;4.135.808;3.491.793;1.290.288;4.187.464;;4.646.995;4.755.937;2.657.504;6.781.029;4.061.981;8.972.137;5.435.201;11.090.910.000.000.000;6.122.119;6.992.834;8.026.289.999.999.990;6.727.273;8.028.622;4.936.873;6.814.814;9.322.916;9.221.431;4.777.975;2.201.528;5.009.541;783.066;0.1311818;5.703.125;4.166.666;703.125;3.567.708;3.567.708;40.625;6.655.093.000.000.000;6.076.389;546.875;4.311.343;240.162;865.162;;2.008.102
219529;01/09/2018 10.49;240.735;51.605.899.810.790.900;51.215.270.000.000.000;446.614.570.617.676;6.258.101.806.640.630;7.763.129;145.761;1.647.135;15.697.339.999.999.900;1.501.736;4.242.453;4.115.681;3.536.222;1.292.992;4.214.832;;4.622.575;4.721.628;265.727;6.751.544;4.056.562;8.926.633;5.414.349;1.104.861;6.074.159.999.999.990;7.026.594;802.459;6.528.853;7.999.351;5.172.288;6.782.407;9.171.874;9.172.504;4.797.346;217.815;491.186;7.860.043;00.00;55.989.580.000.000.000;4.192.708;7.265.625;3.541.666;3.619.791;4.140.625;6.799.769;6.365.741;541.088;4.311.343;239.294;8.564.815;;2.013.889
219530;01/09/2018 10.50;2.392.593;51.605.899.810.790.900;5.125.868;446.614.570.617.676;6.303.240.966.796.880;7.602.711;1.489.439;1.642.795;1.576.968;15.053.529.999.999.900;42.287.690.000.000.000;4.090.314;35.522.079.999.999.900;12.921.389.999.999.900;4.199.616;;4.642.949;4.630.172;2.555.793;678.785;4.067.386;8.942.292;5.440.238;1.111.391;6.098.737;701.757;8.030.551;6.836.248;8.076.041;486.971;687.05.00;9.135.416;9.174.567;4.824.818;2.213.731;4.992.796;7.868.809;0.5339527;5.494.791;421.875;734.375;3.515.625;3.619.791;4.166.666;6.857.639;6.712.963;546.875;4.224.537;2.404.514;8.506.944;;2.042.824
219531;01/09/2018 10.51;2.406.366;51.605.899.810.790.900;512.586.784.362.793;446.614.570.617.676;6.254.630.000.000.000;7.624.741;1.489.439;16.391.779.999.999.900;1.570.457;1.512.587;4.274.948;4.056.386;3.525.797;1.295.711;4.200.459;;4.647.453;4.694.751;2.654.661;6.769.910.000.000.000;4.075.786;8.966.077;5.427.965;1.108.895;6.076.511;7.018.723;8.014.882;6.835.842;8.103.141;4.907.661;6.768.519;8.671.874;8.980.748;4.808.984;220.963;4.896.448;7.743.476;00.00;5.390.625;421.875;7.395.833;3.489.583;3.619.791;419.270.820.617.676;6.944.444;6.857.639;552.662;4.224.537;2.436.343;8.420.139;;2.068.866
219532;01/09/2018 10.52;24.004.630.000.000.000;51.605.899.810.790.900;5.125.868;4.466.146;6.287.037;7.532.172;14.829.279.999.999.900;1.642.795;1.573.351;15.198.210.000.000.000;4.337.149;4.098.342;3.488.134;1.300.971;4.206.251;;4.638.592;4.607.127;2.522.424;6.773.716;4.057.847;8.938.658;5.443.469;11.080.919.999.999.900;6.100.468;6.985.516;7.978.358;7.155.558;8.124.371;4.900.153;6.902.778;9.119.791;9.034.938;4.768.324;2.278.328;48.924.199.999.999.900;7.665.153;2.177.155;53.125;4.192.708;734.375;34.375;3.619.791;421.875;7.118.056;6.828.703;5.700.232;4.253.472;2.476.852;8.391.203;;2.074.653
219533;01/09/2018 10.53;2.404.398;51.605.899.810.790.900;51.215.270.000.000.000;446.614.570.617.676;6.245.369.999.999.990;7.615.226;14.858.220.000.000.000;16.420.720.000.000.000;15.617.770.000.000.000;150.897;43.251.529.999.999.900;4.131.449;34.785.759.999.999.900;12.978.810.000.000.000;4.209.583;;4.618.129;4.645.278;2.571.475;6.794.946;4.058.725;8.878.824;542.842;1.111.487;6.091.638;6.928.877;7.981.078;6.858.721;8.139.394;4.939.384;7.078.704;9.177.083;8.970.843;4.902.447;2.240.945;5.002.554;7.646.592;8.034.258;5.234.375;4.166.666;7.317.708;3.411.458;3.645.833;421.875;7.378.472;6.626.156.999.999.990;5.844.906.999.999.990;4.311.343;2.491.319;8.506.944;;208.044
219534;01/09/2018 10.54;2.406.366;516.059;5.125.868;446.614.570.617.676;638.888.916.015.625;7.725.713;14.785.879.999.999.900;16.391.779.999.999.900;15.697.339.999.999.900;1.508.247;4.434.373;4.092.496;3.480.171;1.300.563;419.421;;4.647.653;4.659.305;2.598.235;6.793.546;4.056.431;8.972.371;540.309;1.110.072;6.095.245;6.987.409;7.969.166;6.382.322;8.046.303;4.687.916;7.148.148;9.322.916;8.860.823;4.848.725;2.248.428;5.013.426;759.446;23.580.029.999.999.900;5.130.208;40.625;7.291.666;3.411.458;3.619.791;4.270.833;7.638.889;6.365.741;60.474.540.000.000.000;4.398.148;2.502.894;8.998.843.000.000.000;;2.074.653
219535;01/09/2018 10.55;2.396.528;5.143.229;5.125.868;446.614.570.617.676;6.341.435.546.875;760.372;14.858.220.000.000.000;1.647.135;15.653.929.999.999.900;150.897;5.071.962;4.011.658;36.064.679.999.999.900;1.303.692;4.208.879;;4.640.591;4.666.084;25.963.540.000.000.000;6.803.414;40.592.900.000.000.000;8.918.527;5.435.594;1.108.312;6.111.419;6.975.847;7.974.216;579.91;7.872.444;5.103.885;6.814.814;9.109.374;8.987.658;4.848.615;2.277.213;4.995.399;773.154;112.102;5.130.208;4.036.458;7.578.125;3.385.416;3.697.916;4.296.875;78.125;6.105.324;6.134.259;4.398.148;2.436.343;9.519.676;;2.057.292
219536;01/09/2018 10.56;2.406.366;516.059;5.130.208;446.614.570.617.676;6.259.259.033.203.130;7.668.596;14.829.279.999.999.900;1.647.135;155.816;1.511.863;4.880.938;3.956.974;3.646.776;1.297.083;4.214.572;;4.654.676;4.670.827;2.612.176;6.782.081;4.064.064;904.135;5.424.344;1.111.879;6.107.537;6.975.631;7.987.731;5.546.621;7.929.114;5.054.551;6.638.889;9.145.833;9.183.718;4.904.184;2.305.148;50.143.300.000.000.000;7.573.539;00.00;5.130.208;40.625;7.864.583;3.411.458;3.802.083;4.583.333;787.037;5.902.778.000.000.000;6.394.676;4.340.278;2.361.111;9.837.963;;2.057.292
219537;01/09/2018 10.57;2.404.398;516.493;512.586.784.362.793;446.614.570.617.676;6.379.630.000.000.000;7.757.857;1.493.779;16.391.779.999.999.900;15.653.929.999.999.900;15.169.270.000.000.000;4.841.747;3.818.217;36.936.209.999.999.900;1.291.285;4.199.381;;4.622.299;4.643.599;2.545.142;6.775.161;4.055.841;8.969.858;5.430.182;1.111.526;6.073.172;7.007.432;7.967.495;5.046.516;7.896.479;4.919.336;6.828.704;8.677.083;8.911.931;4.795.067;2.367.577;5.111.384;7.727.196;00.00;546.875;4.010.416;8.359.375;3.411.458;3.802.083;4.713.541;8.015.046;5.700.232;6.770.834;4.311.343;2.320.602;9.953.703;;2.060.185
219538;01/09/2018 10.58;2.402.431;516.059;51.215.270.000.000.000;446.614.570.617.676;6.305.555;7.699.271;14.829.279.999.999.900;166.522;15.653.929.999.999.900;150.897;4.915.184;392.613;3.719.093;1.284.585;4.177.997;;4.586.663;4.540.648;2.419.641;6.813.784;4.069.464;9.032.876;5.465.031;1.110.728;6.137.059;7.060.107;8.033.441;4.228.179;7.908.221;5.028.774;6.699.074;8.729.166;9.109.784;4.774.447;2.446.799;5.327.241;8.000.980.000.000.000;00.00;55.208.330.000.000.000;3.932.291;8.854.166;3.697.916;3.776.041;4.869.791;8.159.722;5.555.556;6.857.639;4.340.278;2.306.134;1.056.134;;2.074.653
219539;01/09/2018 10.59;2.405.382;51.605.899.810.790.900;51.215.274.810.790.900;446.614.570.617.676;6.226.852;7.770.461;1.493.779;166.522;15.617.770.000.000.000;1.508.247;48.972.429.999.999.900;4.001.644;3.726.282;128.335;4.206.762;;466.077;4.551.356;2.461.118;6.818.445;4.069.244;9.028.469;5.414.083;1.115.152;6.149.097;7.070.873;8.021.945;4.535.975;8.171.704;4.980.198;6.777.778;9.145.833;9.048.724;478.601;2.410.637;5.423.734;8.145.633;00.00;546.875;3.828.125;8.984.375;3.932.291;3.776.041;5.052.083;8.130.787;546.875;6.799.769;4.340.278;2.274.306;1.174.769;;2.074.653
219540;01/09/2018 11.00;240.735;51.605.899.810.790.900;512.586.784.362.793;446.614.570.617.676;6.299.768;8.134.003;151.548;1.656.539;15.653.929.999.999.900;1.508.247;47.068.259.999.999.900;4.120.032;3.748.509;1.300.065;4.203.151;;4.565.211;4.761.799;2.676.618;6.746.027;405.03.00;8.903.833;5.406.971;1.107.052;6.078.985;6.987.649;8.020.662;3.958.419;7.928.348;4.627.691;6.879.630.000.000.000;9.244.791;9.127.059;4.824.856;22.247.099.999.999.900;5.011.779;7.751.998;3.729.453;53.645.830.000.000.000;3.541.666;8.489.583;390.625;3.697.916;4.947.916;9.172.453;5.324.074;6.394.676;44.849.540.000.000.000;2.326.389;1.342.593;;2.109.375
219541;01/09/2018 11.01;240.735;51.605.899.810.790.900;512.586.784.362.793;446.614.570.617.676;6.299.768;8.134.003;151.548;1.656.539;15.653.929.999.999.900;1.508.247;47.068.259.999.999.900;4.120.032;3.748.509;1.300.065;4.203.151;;4.565.211;4.761.799;2.676.618;6.746.027;405.03.00;8.903.833;5.406.971;1.107.052;6.078.985;6.987.649;8.020.662;3.958.419;7.928.348;4.627.691;6.879.630.000.000.000;9.244.791;9.127.059;4.824.856;22.247.099.999.999.900;5.011.779;7.751.998;3.729.453;53.645.830.000.000.000;3.541.666;8.489.583;390.625;3.697.916;4.947.916;9.172.453;5.324.074;6.394.676;44.849.540.000.000.000;2.326.389;1.342.593;;2.109.375
219542;01/09/2018 11.02;2.404.398;51.605.899.810.790.900;5.130.208;446.614.570.617.676;6.291.666.259.765.630;8.064.926;1.511.863;166.522;15.653.929.999.999.900;1.512.587;46.683.690.000.000.000;4.228.522;3.747.678;1.295.139;4.212.148;;4.605.851;4.593.664;2.490.586;6.740.107;4.051.434;8.946.511;5.408.921;1.107.535;6.149.805;695.783;8.005.446;4.233.631;7.982.091;4.893.221;6.916.666;9.223.958;897.192;4.811.083;2.056.016;4.780.027;7.865.567;18.679.479.999.999.900;5.338.541;3.515.625;81.25.00;3.828.125;3.645.833;4.817.708;1.041.667;5.902.778.000.000.000;6.394.676;44.849.540.000.000.000;2.358.218;1.467.014;;2.196.181
219543;01/09/2018 11.03;2.399.479;51.605.899.810.790.900;5.125.868;446.614.570.617.676;6.180.555;8.041.518;15.010.129.999.999.900;1.675.347;15.653.929.999.999.900;1.511.863;4.651.088;4.280.037;3.747.358;1.294.374;4.192.027;;4.590.779;4.628.753;2.556.794;6.724.473;4.047.298;8.917.260.000.000.000;542.817;1.108.538;6.090.994;7.050.325;7.999.943;4.979.454;8.042.313;5.115.648;674.074;8.906.249;9.326.838;4.845.321;211.15.00;4.722.487;772.174;8.096.631;5.338.541;3.619.791;7.838.541;3.776.041;3.619.791;4.713.541;1.154.514;7.060.185;6.278.935;44.849.540.000.000.000;2.390.046;1.623.264;;2.291.667
219544;01/09/2018 11.04;240.735;51.605.899.810.790.900;5.130.208;446.614.570.617.676;6.310.186;8.140.387;151.548;166.522;15.697.339.999.999.900;1.516.204;4.612.914;4.282.612;3.742.869;1.292.147;4.187.072;;4.615.347;4.675.368;25.899.799.999.999.900;6.745.718;4.062.715;8.894.968;5.404.138;1.111.127;6.103.111;7.067.795;8.032.499;5.718.624;8.140.231;4.772.836;6.763.889;8.927.083;905.89;4.877.369;2.235.614;4.744.421;7.804.801;5.725.183;5.338.541;3.671.875;7.604.166;37.05.00;3.567.708;4.609.375;1.186.343;7.957.176;62.05.00;4.542.824;2.421.875;1.727.431;;2.378.472
219545;01/09/2018 11.05;23.955.439.999.999.900;51.605.899.810.790.900;5.125.868;446.614.570.617.676;6.260.416.259.765.630;8.102.024;1.511.863;166.522;15.697.339.999.999.900;1.511.863;46.164.159.999.999.900;4.261.053;3.742.439;1.303.377;4.204.465;;4.637.969;4.584.914;2.500.655;6.806.064;4.041.309;8.901.023;5.441.051;1.106.288;610.283;7.047.109;7.991.907;5.668.554;7.887.458;5.153.269;6.671.296;9.015.624;9.026.310.000.000.000;496.436;2.343.114;5.100.728;7.836.558;0.0007895613;5.338.541;37.05.00;7.447.916;3.697.916;356.770.820.617.676;453.125;1.168.981;8.362.269;6.134.259;462.963;2.491.319;1.820.023;;245.081
219546;01/09/2018 11.06;2.406.366;51.605.899.810.790.900;512.586.784.362.793;446.614.570.617.676;62.511.572.265.625;8.302.103.000.000.000;150.897;1.675.347;15.617.770.000.000.000;1.511.863;4.579.385;4.357.993;3.773.287;1.302.781;4.205.737;;4.581.657;4.539.261;2.441.092;6.770.051;4.051.484;8.873.267;5.375.673;1.104.603;6.084.225;7.014.447;7.991.032;5.614.202;8.111.333;5.005.078;6.694.445;9.041.666;9.162.915;4.939.619;2.377.418;521.433;7.668.713;1.473.224;5.494.791;3.802.083;7.317.708;3.671.875;3.567.708;4.427.083;1.145.833;8.275.463;6.105.324;462.963;2.633.102;1.785.301;;2.514.468
219547;01/09/2018 11.07;2.406.366;51.605.899.810.790.900;512.586.784.362.793;446.614.570.617.676;6.246.528;8.239.133.000.000.000;150.463;1.670.284;15.697.339.999.999.900;15.169.270.000.000.000;4.612.873;4.378.705;3.692.921;1.300.483;420.916;;4.601.818;4.632.177;2.536.324;6.760.389;4.052.347;8.894.668;5.373.185;1.106.825;6.105.928;7.001.905;7.973.051;568.894;7.905.631;531.23.00;6.699.074;9.432.291;899.09.00;4.946.005;2.409.922;5.178.193;7.540.814;0.0436627;578.125;3.932.291;7.291.666;3.645.833;3.619.791;4.427.083;1.131.366;8.072.916;6.134.259;462.963;2.853.009;1.736.111;;2.581.018
219548;01/09/2018 11.08;2.396.528;51.605.899.810.790.900;512.586.784.362.793;446.614.570.617.676;6.293.981;8.075.036.999.999.990;150.897;1.675.347;15.653.929.999.999.900;15.053.529.999.999.900;4.613.245;4.305.832;3.643.741;12.995.289.999.999.900;4.204.573;;4.667.737;4.617.042;25.213.099.999.999.900;6.774.703;4.060.071;8.990.138;5.433.961;1.108.986;6.108.657;7.038.297;8.039.944;6.395.687;8.041.807;5.217.914;7.106.481;8.968.749;9.104.727;48.945.300.000.000.000;2.417.507;5.322.998;7.783.724;1.875.538;609.375;40.625;7.395.833;3.645.833;364.583.320.617.676;4.401.041;1.125.579;787.037;619.213;462.963;3.081.597;1.692.708;;264.757
219549;01/09/2018 11.09;2.406.366;51.605.899.810.790.900;5.125.868;446.614.570.617.676;6.302.083;8.120.375;1.511.863;166.522;15.653.929.999.999.900;15.169.270.000.000.000;4.691.373;4.294.585;3.616.147;1.297.649;4.192.077;;4.638.534;4.592.527;2.499.916;6.730.754;4.054.232;9.002.576;543.783;1108.05.00;6.077.787;7.061.437;7.985.247;7.092.539.999.999.990;7.887.426;5.409.414;6.699.074;9.385.416;923.779;4.845.453;2.422.521;5.371.138;7.959.673;00.00;62.239.580.000.000.000;4.166.666;7.473.958;3.619.791;3.671.875;4.427.083;1.119.792;7.638.889;6.336.805;462.963;32.899.300.000.000.000;1.785.301;;266.493
219550;01/09/2018 11.10;2.399.479;51.605.899.810.790.900;5.130.208;446.614.570.617.676;6.226.852;8.010.674;151.548;1.670.284;15.697.339.999.999.900;1.508.247;461.904;4.373.731;3.607.497;12.941.360.000.000.000;4.223.452;;4.656.901;4.593.911;2.506.137;6.766.080.000.000.000;406.657;9.010.809;5.383.571;1.103.485;6.069.825;7.015.039;8.033.474;6.992.505;7.942.919;5.087.502;6.879.630.000.000.000;8.963.541;9.052.687;5.026.909;2.512.025;5.581.852;8.216.331;30.458.409.999.999.900;62.05.00;421.875;7.421.875;3.541.666;3.645.833;442.708.320.617.676;1.099.537;7.291.666;6.510.416;4.600.694;3.399.884;1.877.894;;2.662.037
219551;01/09/2018 11.11;2.404.398;51.605.899.810.790.900;5.125.868;446.614.570.617.676;6.228.009.033.203.130;8.098.917;15.010.129.999.999.900;166.088;15.697.339.999.999.900;15.053.529.999.999.900;4.570.255;43.918.479.999.999.900;3.591.838;1.303.394;4.198.524;;4.607.885;4.673.772;2.593.899;6.755.977;4.053.871;8.952.277;5.456.881;1.105.951;6.099.584;7.033.586;8.046.422;7.210.128;8.090.442;4.871.537;6.791.666;9.296.874;8.954.983;4.799.351;2.507.104;5.638.237;8.026.411;52.851.440.000.000.000;62.05.00;421.875;734.375;3.515.625;364.583.320.617.676;4.427.083;1.059.028;697.338;6.655.093.000.000.000;4.542.824;3.310.185;1.958.912;;2.662.037
219552;01/09/2018 11.12;24.093.169.999.999.900;51.605.899.810.790.900;5.125.868;446.614.570.617.676;623.379.638.671.875;7.907.696;151.548;166.522;15.653.929.999.999.900;1.506.076;454.318;44.020.759.999.999.900;367.874;130.222;4.192.105;;4.608.474;4.543.811;2.455.171;6.767.893;4.058.637;8.901.716;5.443.483;1103.11.00;608.691;7.009.036;7.993.586;799.775;8.146.074;5.215.986;7.416.666;9.010.416;9.068.966;4.845.303;2.534.283;5.662.924;8.231.368;1.103.697;6.119.791;4.166.666;7.265.625;3.489.583;3.645.833;4.401.041;1.041.667;6.684.028;6.684.028;44.849.540.000.000.000;3.165.509;203.125;;2.659.143
219553;01/09/2018 11.13;23.955.439.999.999.900;51.605.899.810.790.900;5.130.208;446.614.570.617.676;631.712.951.660.156;7.744.057;150.463;166.522;1.570.457;1.508.247;4.447.305;43.274.429.999.999.900;3.713.859;13.084.389.999.999.900;4.206.212;;4.626.867;4.497.351;2.415.812;6.706.145;40.663.699.999.999.900;8.930.411;5.398.972;1109.19.00;6.107.717;6.993.243;8.038.857;8.360.858;8.124.341;482.332;7.296.296;9.348.958;9.272.123;4.947.231;2.523.138;5.647.193;8.211.398;2.229.834;5.885.416;4.140.625;7.135.416;34.375;3.619.791;434.895.820.617.676;1.015.625;6.481.481;6.712.963;44.560.179.999.999.900;3.098.958;2.068.866;;2.673.611
219554;01/09/2018 11.14;2.406.366;51.605.899.810.790.900;5.130.208;446.614.570.617.676;6.350.694.580.078.130;7.842.883;1.511.863;1.675.347;15.617.770.000.000.000;15.053.529.999.999.900;4.490.755;4.156.523;3.709.113;1.303.636;4.212.496;;4.610.502;4.589.986;2.507.162;6.751.527;4.062.632;889.445;5.395.013;11.065.430.000.000.000;6.108.513;7.048.253;8.005.305;7.927.609;7.860.351;4.964.117;7.060.185;9.817.708;8.759.688;4.873.059;2.494.121;5.487.897;8.185.904;1.084.817;578.125;40.625;7.083.333;3.385.416;3.567.708;4.296.875;9.866.898;6.278.935;6.770.834;4.398.148;3.070.023;2.039.931;;2.682.292
219555;01/09/2018 11.15;2.399.479;516.059;5.125.868;4.466.146;6.244.212.646.484.380;7.637.069;151.548;1.675.347;15.653.929.999.999.900;1.511.863;4.529.363;3.534.085;3.780.323;1.301.984;4.194.548;;4.624.315;4.555.361;2.474.719;6.731.112;4.053.361;8.909.555;5.412.481;1.106.059;615.842;6.982.081;802.062;8.512.954;8.086.932;5.255.938;6.699.074;8.874.999;9.208.584;4.919.646;2.441.016;5.359.425;8.054.092;5.672.721;57.552.080.000.000.000;4.010.416;7.604.166;341.145.820.617.676;356.770.820.617.676;4.322.916;9.664.352;6.221.065;6.799.769;4.398.148;3.096.065;1.987.847;;2.696.759
219556;01/09/2018 11.16;2.402.431;51.605.899.810.790.900;5.125.868;446.614.570.617.676;623.726.806.640.625;7.693.551;15.198.210.000.000.000;1.670.284;15.697.339.999.999.900;1.512.587;4.622.387;316.677;385.845;13.041.260.000.000.000;4.203.109;;464.006;4.703.482;2.621.872;6.756.412;406.25.00;8.909.388;5.441.694;1.114.382;6.092.276;7.058.558;798.169;8.856.562;8.172.482;5.177.429;6.930.555;8.916.666;9.298.572;4.880.904;2.481.352;529.886;8.042.822;2.542.943;57.552.080.000.000.000;4.036.458;7.578.125;34.375;356.770.820.617.676;47.916.664.123.535.200;9.548.611;619.213;6.828.703;4.369.213;3.130.787;2.051.505;;2.711.227
219557;01/09/2018 11.17;240.735;51.605.899.810.790.900;5.130.208;446.614.570.617.676;6.314.814.453.125;7.729.895;15.010.129.999.999.900;1.670.284;15.653.929.999.999.900;150.897;4.654.202;31.787.709.999.999.900;3.882.595;130.732;4.207.169;;466.445;472.772;2.655.002;6.788.837;4.054.845;8.805.721;5.447.269;1.109.107;6.077.831;6.987.413;799.569;8.472.933;8.189.252;4.630.545;687.05.00;8.942.708;900.701;4.872.244;2.564.867;5.552.269;8.020.735;3.661.717;57.552.080.000.000.000;40.625;7.213.541;3.489.583;356.770.820.617.676;5.260.416;9.403.935;6.105.324;6.857.639;4.369.213;3.142.361;2.173.032;;2.708.333
219558;01/09/2018 11.18;2.396.528;51.605.899.810.790.900;513.020.820.617.676;446.614.570.617.676;6.243.055.419.921.880;7.669.086;15.198.210.000.000.000;1.670.284;15.617.770.000.000.000;1.511.863;4.619.138;3.176.568;392.538;1.298.719;4.204.185;;4.658.615;4.711.978;265.325;6.750.383;4.052.241;8.938.733;5.415.193;1.104.046;6.099.427;6.867.623;7.942.360.000.000.000;853.914;7.937.152;5.019.056;6.671.296;8.572.916;8.789.022;4.864.151;25.920.099.999.999.900;571.93;8.362.957;3.067.851;5.703.125;3.932.291;6.770.833;348.958.320.617.676;356.770.820.617.676;5.494.791;9.288.194;6.076.389;6.712.963;4.340.278;3.139.467;2.358.218;;2.673.611
219559;01/09/2018 11.19;2.405.382;51.605.899.810.790.900;513.020.820.617.676;446.614.570.617.676;619.328.674.316.406;7.727.266.999.999.990;150.463;166.522;15.596.060.000.000.000;1.508.247;4.680.227;3.187.397;3.978.513;12.992.280.000.000.000;4.227.919;;46.629.400.000.000.000;4.669.947;2.596.746;676.217;4.059.492;8.928.246;5.413.241;1.108.232;6.109.658;6.955.943;8.006.409;8.655.448;8.068.966;4.610.587;7.296.296;9.239.583;8.724.056;4.721.858;2.529.354;5.579.727;8.013.652;0.3517898;5.651.041;3.802.083;63.020.830.000.000.000;348.958.320.617.676;356.770.820.617.676;5.572.916;9.085.648;60.474.540.000.000.000;6.481.481;4.369.213;3.153.935;245.081;;2.638.889
219560;01/09/2018 11.20;2.402.431;51.605.899.810.790.900;513.020.820.617.676;446.614.570.617.676;6.252.314.453.125;7.556.971;150.463;166.522;15.697.339.999.999.900;15.010.129.999.999.900;4.555.803;30.961.009.999.999.900;4.001.449;1.294.512;4.200.011;;4.620.957;4.657.787;2.565.944;6.755.989.999.999.990;4.046.725;8.902.403;5.406.021;1.104.705;6.083.273;7.047.899;7.968.087;8.319.342;8.198.914;5.005.058;6.851.852;8.546.874;8.913.641;4.730.619;2.531.361;5.472.847;7.938.633;2.654.066;55.989.580.000.000.000;37.05.00;6.015.625;3.489.583;3.567.708;55.208.330.000.000.000;8.883.102;60.474.540.000.000.000;6.134.259;4.340.278;3.171.296;2.546.296;;264.757
219561;01/09/2018 11.21;2.404.398;516.059;5.130.208;446.614.570.617.676;626.504.638.671.875;7.744.324;150.897;1.670.284;15.617.770.000.000.000;15.169.270.000.000.000;449.048;3.060.427;3.948.964;1.297.199;4.202.129;;461.792;4.673.549;26.056.310.000.000.000;6.760.228;4.052.351;8.904.075;5.418.153;11.072.069.999.999.900;6.064.903;6.988.401;8.003.155;7.875.643;8.044.587;5.006.467;6.824.074;8.781.249;9.089.222;4.828.465;247.923;5.459.976;7.936.402;27.254.099.999.999.900;5.572.916;3.671.875;58.333.330.000.000.000;3.515.625;3.541.666;5.234.375;9.027.778;59.895.830.000.000.000;59.317.130.000.000.000;4.369.213;3.179.977;2.635.995;;2.679.398
219562;01/09/2018 11.22;240.735;5.147.569;5.138.889;446.614.570.617.676;63.136.572.265.625;7.910.584;15.198.210.000.000.000;166.522;15.697.339.999.999.900;1.497.396;4.497.332;30.519.859.999.999.900;3.962.331;12.895.999.999.999.900;4.208.378;;4.666.707;4.631.994;25.406.299.999.999.900;6.758.699;4.061.436;8.976.391;5.417.109;1.108.493;6.136.361;6.976.147;801.967;754.681;7.953.919;4.933.768;6.805.555;9.187.499;8.856.529;4.973.717;2.434.513;5.433.452;7.879.164;12.012.889.999.999.900;55.208.330.000.000.000;3.567.708;578.125;3.515.625;35.416.664.123.535.200;5.052.083;8.969.906.999.999.990;59.606.480.000.000.000;5.815.971.999.999.990;44.560.179.999.999.900;3.197.338;2.682.292;;2.725.695
219563;01/09/2018 11.23;23.955.439.999.999.900;516.059;5.130.208;446.614.570.617.676;6.238.425;7.728.038.000.000.000;150.463;166.088;15.653.929.999.999.900;15.053.529.999.999.900;45.436.479.999.999.900;299.133;3.965.797;12.949.530.000.000.000;4.217.678;;4.628.293;4.606.185;2.519.221;6.750.882;404.985;8.924.197;5.388.453;1.108.993;6.142.975;6.831.027;7.972.139.999.999.990;7.656.389.999.999.990;7.853.144;4.963.557;6.736.111;8.734.374;8.978.754;4.712.568;249.416;5.290.425;7.972.304;0.3551478;546.875;3.567.708;5.651.041;3.515.625;3.541.666;4.921.875;8.680.556;59.895.830.000.000.000;5.902.778.000.000.000;44.560.179.999.999.900;3.214.699;2.777.778;;2.789.352
219564;01/09/2018 11.24;2.405.382;51.605.899.810.790.900;5.130.208;4.466.146;6.197.916;7.950.994;15.198.210.000.000.000;166.522;15.653.929.999.999.900;1.516.204;45.848.040.000.000.000;29.477.220.000.000.000;401.012;1.296.747;421.043;;4.656.493;4.603.649;2.511.333;6.795.134;4.057.635;8.973.636;5.415.436;1.109.463;6.094.018;7.016.848;8.024.068;7.476.023;8.063.094;50.656.300.000.000.000;699.074;8.984.374;8.996.167;4.680.733;2.485.224;5.456.685;810.327;2.374.248;54.427.080.000.000.000;3.619.791;5.572.916;3.541.666;3.567.708;4.973.958;8.449.074;6.221.065;59.895.830.000.000.000;44.560.179.999.999.900;3.287.037;2.818.287;;2.853.009
219565;01/09/2018 11.25;2.404.398;51.605.899.810.790.900;5.138.889;4.470.486;6.251.157;7.997.521;150.897;166.522;15.653.929.999.999.900;150.897;4.606.723;29.846.909.999.999.900;39.426.759.999.999.900;1.307.371;4.200.852;;4.655.092;4.594.592;2.518.198;6.797.911;4.055.671;900.414;5.436.498;1110.08.00;6.090.396;6.947.361;7.955.885;7.081.086;783.087;5.029.451;6.675.926;9.192.708;8.985.823;4.768.237;2.460.531;5.476.388;7.883.329;0.5328254;5.390.625;3.645.833;56.25.00;3.541.666;3.567.708;4.869.791;8.130.787;6.394.676;60.474.540.000.000.000;44.560.179.999.999.900;3.347.801;2.890.625;;29.108.799.999.999.900
219566;01/09/2018 11.26;2.402.431;516.059;5.130.208;4.466.146;6.165.509;8.081.461;1.511.863;166.522;15.697.339.999.999.900;1.511.863;4.593.234;3.046.143;385.246;1.293.184;4.204.307;;4.629.931;4.706.986;2.644.936;6.780.191;4.062.919;8.917.869;5.451.749;1.108.203;6.092.136;694.747;7.961.926;7.019.132;8.017.123;4.804.314;6.666.666;9.171.874;8.794.078;4.779.456;2.405.228;5.427.115;7.903.976;0.2084038;54.427.080.000.000.000;3.619.791;5.651.041;3.567.708;3.619.791;50.00.00;78.125;6.684.028;59.895.830.000.000.000;44.560.179.999.999.900;3.391.204;29.108.799.999.999.900;;2.942.708
219567;01/09/2018 11.27;2.406.366;515.191;5.130.208;446.614.570.617.676;6.313.252;8.002.345;1.511.863;166.522;15.653.929.999.999.900;1.511.863;4.564.642;3.055.531;3.680.725;13.023.610.000.000.000;4.202.379;;4.640.219;467.348;26.043.369.999.999.900;6.795.449;4.062.546;8.907.875;542.649;1.106.105;6.103.344;6.964.329;7.930.323;6.853.017;7.985.696;5.013.411;6.620.369.999.999.990;9.119.791;9.103.794;4.793.475;2.384.583;5.282.838;7.827.345;308.059;5.390.625;3.567.708;5.651.041;3.619.791;3.619.791;513.020.820.617.676;7.494.213;697.338;59.606.480.000.000.000;4.398.148;3.457.755;2.881.945;;2.983.217
219568;01/09/2018 11.28;23.955.439.999.999.900;516.059;5.138.889;446.614.570.617.676;6.302.084;7.848.827;150.463;166.522;1.570.457;1.511.863;44.924.459.999.999.900;3.032.661;3.574.862;1.302.858;4.202.862;;4.653.384;4.593.843;24.990.810.000.000.000;6.782.197;4.057.548;8.921.284;5.416.757;1.108.202;6.103.406;6.946.827;7.946.254;6.363.463;782.92;5.239.741;6.828.704;9.015.624;9.131.407;47.895.099.999.999.900;2.432.322;5.167.869.999.999.990;7.907.297;1.190.552;53.645.830.000.000.000;3.515.625;56.25.00;36.197.914.123.535.200;3.645.833;5.260.416;7.349.537;7.060.185;5.815.971.999.999.990;4.398.148;3.489.583;2.832.755;;3.009.259
219569;01/09/2018 11.29;2.404.398;51.605.899.810.790.900;51.388.885.498.046.800;446.614.570.617.676;6.209.490.966.796.880;7.985.078;15.198.210.000.000.000;166.522;15.653.929.999.999.900;1.516.204;44.179.990.000.000.000;30.495.179.999.999.900;3.490.733;1.305.062;4.195.497;;4.632.604;4.689.782;2.590.604;6.791.287;4.072.328;8.936.298;5.441.385;1.108.124;6.106.794;7.005.842;7.915.816;5.749.752;7.798.021;5.072.829;6.407.407;9.119.791;9.262.705;4.861.462;2.335.572;5.164.705;7.924.856;00.00;5.260.416;3.489.583;59.114.580.000.000.000;36.197.914.123.535.200;3.645.833;5.182.291;7.204.861;7.233.796;57.870.369.999.999.900;4.398.148;3.454.861;2.795.139;;3.006.366
219570;01/09/2018 11.30;2.405.382;51.605.899.810.790.900;5.138.889;446.614.570.617.676;6.293.981;7.814.806;151.548;166.522;15.653.929.999.999.900;15.053.529.999.999.900;4.309.525;3.056.928;35.426.829.999.999.900;1.303.153;4.198.967;;4.609.212;4.713.085;2.623.272;6.756.339.999.999.990;4.051.074;8.849.089;5.417.505;1.104.578;6.062.184;6.969.738;7.924.588;4.745.777;7.921.160.000.000.000;4.964.807;6.699.074;8.682.291;8.698.608;4.859.404;2.329.395;5.230.641;789.65;2.672.922;5.182.291;34.375;62.239.580.000.000.000;3.619.791;3.619.791;5.052.083;7.118.056;7.349.537;59.606.480.000.000.000;44.560.179.999.999.900;3.434.606;2.717.014;;297.743
219571;01/09/2018 11.31;2.396.528;51.605.899.810.790.900;5.130.208;446.614.570.617.676;6.268.113;7.818.771;150.463;1.675.347;15.740.739.999.999.900;15.053.529.999.999.900;430.029;29.414.559.999.999.900;3.684.486;1.304.149;4.199.748;;4.632.664;466.66;258.988;6.787.394;4.069.984;8.909.797;5.432.067;11.088.980.000.000.000;6.128.188;7.046.442;7.983.106;4.672.812;7.867.701;4.965.318;6.712.963;8.994.791;8.907.877;4.808.752;2.259.668;4.942.794;7.881.401;0.009843441;5.104.166;3.541.666;6.484.375;3.567.708;3.645.833;4.947.916;7.204.861;7.552.084;6.336.805;44.849.540.000.000.000;3.399.884;2.618.634;;2.957.176
219572;01/09/2018 11.32;2.406.366;51.605.899.810.790.900;5.138.889;446.614.570.617.676;6.232.639;7.915.101;1.511.863;1.670.284;15.653.929.999.999.900;1.506.076;4.275.026;29.236.690.000.000.000;3.761.858;1.297.674;4.194.802;;4.621.165;4.655.508;25.730.619.999.999.900;6.768.806;4.049.508;9.014.196;5.423.041;1.108.521;6.118.777;7.028.864;7.958.186;4.375.517;7.873.929;4.935.133;6.902.778;8.968.749;9.166.186;4.901.539;2.334.339;5.140.634;7.787.788;2.064.453;5.078.125;3.776.041;65.625;3.619.791;364.583.320.617.676;4.817.708;859.375;7.581.019;6.481.481;44.849.540.000.000.000;3.359.375;2.552.083;;2.934.028
219573;01/09/2018 11.33;2.396.528;51.605.899.810.790.900;5.130.208;446.614.570.617.676;6.222.975;7.765.393;150.897;1.670.284;15.740.739.999.999.900;15.227.139.999.999.900;4.285.413;291.202;3.774.369;1.284.104;4.193.706;;4.604.027;4.586.885;2.497.629;6.769.156;40.567.400.000.000.000;8.872.699;5.417.677;1.106.346;6.103.809;7.022.978;8.001.627;4.201.949;792.925;5.117.848;6.921.296;8.953.124;9.004.955;4.829.788;2.355.077;5.281.855;7.820.585;1.326.694;50.00.00;3.958.333;6.666.666;36.197.914.123.535.200;3.645.833;4.713.541;7.262.731;7.494.213;6.423.611;4.600.694;3.269.676;2.502.894;;2.893.518
219574;01/09/2018 11.34;2.404.398;51.605.899.810.790.900;5.138.889;446.614.570.617.676;6.268.518;7.912.917;150.897;166.522;15.697.339.999.999.900;15.010.129.999.999.900;4.313.029;28.31.00;3.829.853;1.267.335;4.200.867;;4.639.445;4.545.606;2.454.177;6.760.999;4.053.524;897.495;5.410.639;1.109.384;6.124.188;7.049.082;8.023.722;3.669.824;768.84;4.751.737;674.074;8.958.333;9.130.461;4.866.849;2.381.018;5.186.291;7.741.072;0.5749918;4.973.958;40.625;6.744.791;36.197.914.123.535.200;3.671.875;4.661.458;7.204.861;7.204.861;6.365.741;4.658.565;3.194.445;2.416.088;;2.884.838
219575;01/09/2018 11.35;2.406.366;51.605.899.810.790.900;5.138.889;446.614.570.617.676;6.258.101.806.640.630;7.944.125;150.463;1.670.284;15.697.339.999.999.900;1.511.863;431.354;2.750.768;3.897.122;1.291.271;4.199.065;;4.655.572;4.507.738;2.425.242;6.674.501;4.034.709;8.984.422;5.408.154;11.105.410.000.000.000;6.074.922;694.012;7.914.486;2.888.156;7.822.965;47.780.400.000.000.000;674.074;9.187.499;8.949.878;4.884.972;2.321.473;5.179.523;7.654.213;1.572.756;4.973.958;4.166.666;6.770.833;3.619.791;3.671.875;4.583.333;7.204.861;7.002.315;6.365.741;474.537;3.098.958;2.282.986;;2.879.051
219576;01/09/2018 11.36;2.397.512;51.605.899.810.790.900;5.143.229;446.614.570.617.676;631.712.951.660.156;8.008.655.999.999.990;15.198.210.000.000.000;166.522;1.573.351;1.511.863;4.292.965;27.536.340.000.000.000;3.913.086;128.835;4.211.419;;4.600.874;46.394.599.999.999.900;2.548.917;6.782.319;4.066.833;8.933.877;5.417.639;1.110.687;6.121.726;696.888;8.012.280.000.000.000;1.707.553;7.984.576;4.744.055;6.754.630.000.000.000;9.041.666;8.931.863;4.793.899;2.321.749;5.146.085;7.721.227;1.373.373;50.00.00;4.192.708;68.75;3.567.708;3.645.833;453.125;708.912;697.338;6.365.741;474.537;3.084.491;213.831;;2.855.903
219577;01/09/2018 11.37;2.406.366;51.605.899.810.790.900;5.130.208;446.614.570.617.676;619.212.951.660.156;8.148.803.000.000.000;150.897;1.692.708;1.590.712;1.508.247;4.283.463;27.770.359.999.999.900;39.959.759.999.999.900;1.298.441;41.950.199.999.999.900;;4.637.064;4.664.372;2.580.604;6.766.505;4.079.709;8.975.148;5.424.555;1.106.229;6.093.671;7.020.292;800.342;6.616.779;7.968.209;500.788;6.787.037;9.447.916;9.160.654;4.820.496;2.359.316;5.261.759;7.840.364;0.348224;50.00.00;4.140.625;6.901.041;3.541.666;364.583.320.617.676;4.479.166;7.204.861;7.002.315;6.394.676;474.537;3.122.106;2.025.463;;2.841.435
219578;01/09/2018 11.38;2.397.512;51.605.899.810.790.900;5.143.229;446.614.570.617.676;627.777.770.996.094;8.025.206;150.897;1.693.432;16.030.089.999.999.900;15.364.579.999.999.900;419.207;2.739.746;4.093.824;13.013.919.999.999.900;4.200.386;;466.93;4.644.275;2.580.568;6.772.394;4.053.712;8.935.206;5.407.017;1.107.195;6.088.643;701.937;8.023.083;54.059.219.999.999.900;7.996.297;4.723.441;6.939.814;9.067.708;9.051.009;49.717.800.000.000.000;2.341.391;5.189.527;7.831.411;2.207.929;50.00.00;4.140.625;68.75;3.515.625;3.645.833;4.453.125;7.349.537;7.146.991;6.336.805;4.803.241;3.171.296;1.953.125;;2.818.287
219579;01/09/2018 11.39;2.405.382;516.059;5.138.889;446.614.570.617.676;629.745.361.328.125;8.023.363;150.897;1.692.708;1.594.329;15.552.660.000.000.000;41.902.409.999.999.900;2.644.368;4.191.083;1.300.698;4.209.604;;468.048;4.652.698;25.744.290.000.000.000;6.756.902;4.054.369;9.016.257;5.402.153;1.107.485;6.118.075;7.028.969.999.999.990;8.016.735;1.618.998;8.170.467;4.903.566;6.708.333;8.984.374;9.067.309;4.934.785;2.398.671;5.339.493;7.837.893;14.661.970.000.000.000;4.947.916;40.625;6.796.875;3.489.583;3.619.791;4.401.041;7.494.213;7.146.991;6.336.805;4.803.241;3.200.231;1.927.083;;2.774.884
219580;01/09/2018 11.40;2.405.382;515.191;5.138.889;446.614.570.617.676;6.287.037.353.515.630;797.167;150.897;1.683.304;1.598.669;1.535.012;4.307.445;26.435.140.000.000.000;4.235.367;1.288.314;4.211.828;;4.591.679;4.627.153;2.546.792;6.760.707;4.067.457;8.946.716;5.436.084;1.107.185;610.507;7.038.977;7.976.732;2.803.352;8.010.875;4.700.802;6.601.852;9.062.499;8.889.164;4.815.324;2.510.134;5.317.305;7.860.364;5.662.569;484.375;4.010.416;6.770.833;3.489.583;3.567.708;4.322.916;7.552.084;6.944.444;6.278.935;4.803.241;3.275.463;1.883.681;;2.740.162
219581;01/09/2018 11.41;2.399.479;515.190.963.745.117;5.130.208;4.466.146;6.335.648.193.359.380;800.359;151.548;1.688.368;1.594.329;1.535.012;4.275.902;2.705.722;4.254.152;1.289.067;4.203.449;;4.564.838;465.789;2.563.771;6.780.484;4.067.425;8.899.923;5.426.498;1.111.951;6.097.806;7.093.203;8.018.939.999.999.990;318.441;7.933.848;5.024.525;6.754.630.000.000.000;8.177.083;9.018.992;4.818.533;2.586.632;5.435.291;7.753.759;1.374.668;4.869.791;3.958.333;68.75;34.375;3.541.666;43.229.164.123.535.200;7.783.565;6.770.834;6.221.065;4.774.306;3.342.014;1.814.236;;2.688.079
219582;01/09/2018 11.42;2.405.382;515.190.963.745.117;5.143.229;446.614.570.617.676;6.228.009.033.203.130;7.959.399;15.010.129.999.999.900;1.683.304;1.589.265;1.530.671;4.329.501;26.484.059.999.999.900;4.161.777;12.872.819.999.999.900;4.230.197;;460.605;4.711.266;2.627.063;6.764.952;4.061.757;8.955.016;5.406.647;1.105.768;6.090.118;7.057.388;8.001.080.000.000.000;3.695.105;8.047.361;5.174.495;6.759.259;7.989.583;9.082.416;4.832.753;2.548.165;5.508.873;7.854.827;3.215.343;4.921.875;3.932.291;68.75;34.375;35.416.664.123.535.200;4.322.916;8.101.852;6.568.287;6.134.259;474.537;3.376.736;1.770.833;;264.757
219583;01/09/2018 11.43;2.399.479;515.190.963.745.117;5.138.889;446.614.570.617.676;6.210.648.193.359.380;7.879.001;1.511.863;1.683.304;1.590.712;15.234.379.999.999.900;42.621.109.999.999.900;26.572.840.000.000.000;4.137.708;1.291.723;4.211.205;;4.696.994;4.653.556;2.573.426;6.786.343;4.073.777;8.931.238;5.449.699;1.107.232;6.124.156;7.037.626;8.016.288;46.360.699.999.999.900;8.084.318;4.804.881;6.763.889;7.864.583;9.017.711;4.832.986;2.511.474;548.097;7.874.076;0.07411674;4.973.958;390.625;68.75;3.489.583;35.416.664.123.535.200;4.296.875;8.449.074;6.394.676;6.076.389;474.537;33.883.099.999.999.900;1.747.685;;2.618.634
219584;01/09/2018 11.44;240.735;515.190.963.745.117;5.130.208;446.614.570.617.676;6.211.805;7.971.569.000.000.000;1.511.863;1.688.368;1.590.712;1.544.415;4.269.079;2.665.537;4.138.754;130.013;4.207.674;;4.608.548;464.546;2.552.296;6.764.738;405.716;8.986.017;5.444.595;1.104.529;6.096.069;6.982.848;8.010.061;4.605.317;8.089.659;4.853.882;6.430.555;8.718.749;8.754.342;481.05.00;2.540.567;5.635.154;8.179.716;3.673.069;4.973.958;390.625;6.796.875;348.958.320.617.676;35.416.664.123.535.200;4.270.833;8.854.166;6.221.065;59.895.830.000.000.000;4.658.565;3.315.972;1.762.153;;2.601.273
219585;01/09/2018 11.45;2.404.398;515.191;5.138.889;446.614.570.617.676;6.293.981;7.992.777;1.511.863;1.689.091;1.610.966;1.538.628;421.029;26.623.070.000.000.000;40.515.190.000.000.000;1.293.084;4.211.807;;4.643.936;4.610.233;2.512.525;678.925;4.061.447;8.921.323;5.449.774;1.108.738;6.111.725;6.983.298;802.447;5.178.193;8.143.656;5.073.993;6.898.148;8.645.833;8.750.318;4.742.945;2.632.703;5.635.765;8.125.173;8.005.389;50.00.00;3.880.208;6.770.833;348.958.320.617.676;35.416.664.123.535.200;421.875;8.883.102;6.076.389;59.895.830.000.000.000;46.875;3.243.634;1.785.301;;2.586.805
219586;01/09/2018 11.46;2.397.512;5.147.569;5.138.889;446.614.570.617.676;6.266.204;8.034.328.000.000.000;151.548;1.678.964;1.602.286;15.277.779.999.999.900;4.227.612;27.244.970.000.000.000;4.042.065;1.283.813;4.202.832;;4.652.197;4.579.089;2.489.275;6.759.787;4.049.271;902.554;5.441.254;1.106.914;6.099.368;7.001.183;7.981.125;511.615;806.683;5.046.166;6.708.333;8.744.791;8.667.828;472.514;2.622.629;5.770.621;8.172.358;351.566;4.973.958;3.802.083;6.744.791;3.489.583;3.541.666;419.270.820.617.676;8.940.972;59.606.480.000.000.000;59.606.480.000.000.000;46.875;3.211.805;1.770.833;;2.572.338
219587;01/09/2018 11.47;2.406.366;514.756.927.490.234;5.143.229;446.614.570.617.676;627.083.312.988.281;8.058.498;15.010.129.999.999.900;1.688.368;1.594.329;1.548.032;4.207.953;2.669.912;3.938.922;1.298.168;4.204.261;;4.724.153;4.652.713;2.582.818;6.774.102;4.069.157;9.016.812;5.450.435;1.109.303;6.142.691;7.027.118;8.003.073;5.332.514;7.949.264;5.002.552;6.300.926;8.312.499;8.805.292;464.255;264.23.00;5.890.762;8.219.316;30.471.709.999.999.900;50.00.00;3.776.041;6.770.833;34.375;3.515.625;4.166.666;9.114.584;5.844.906.999.999.990;60.474.540.000.000.000;474.537;3.165.509;1.805.556;;2.586.805
219588;01/09/2018 11.48;24.004.630.000.000.000;514.756.927.490.234;51.432.289.123.535.200;446.614.570.617.676;632.638.916.015.625;8.015.831.999.999.990;150.897;1.692.708;1.584.925;1.535.012;4.255.624;2.669.518;3.901.918;12.850.539.999.999.900;4.225.295;;4.604.555;4.620.915;253.451;6.766.466;4.058.968;8.948.238;5.394.199;1.107.501;6.101.926;6.934.237;7.983.874;5.862.556;8.013.888;5.183.952;6.916.666;8.614.583;8.909.147;4.443.854;2.644.389;5.841.862;8.382.194;112.955;50.00.00;37.05.00;6.770.833;3.489.583;3.515.625;41.666.664.123.535.200;9.548.611;5.815.971.999.999.990;6.134.259;4.803.241;3.127.893;1.895.255;;2.624.421
219589;01/09/2018 11.49;2.404.398;5.147.569;51.432.289.123.535.200;446.614.570.617.676;629.398.132.324.219;8.194.355.999.999.990;150.897;1.692.708;1.585.648;1.531.395;42.443.220.000.000.000;27.232.409.999.999.900;3.928.202;1.284.562;421.014;;4.616.231;4.651.016;2.575.641;6.752.693;4.060.438;8.989.354;5.427.957;1.106.763;6.082.372;6.949.630.000.000.000;793.691;5.509.975;7.976.694;5.051.824;6.708.333;8.510.416;8.504.214;4.463.105;2.580.488;5.785.292;8.328.298;23.388.679.999.999.900;4.973.958;3.671.875;6.692.708;348.958.320.617.676;3.515.625;41.666.664.123.535.200;9.837.963;57.581.019.999.999.900;6.076.389;4.803.241;3.098.958;197.338;;2.653.356
219590;01/09/2018 11.50;2.404.398;5.143.229;51.432.289.123.535.200;446.614.570.617.676;6.228.009.033.203.130;8.200.026;150.897;17.042.820.000.000.000;1.590.712;1.540.075;4.282.563;27.000.999.999.999.900;39.664.429.999.999.900;12.793.989.999.999.900;4.202.537;;4.611.883;4.644.991;2.565.844;6.774.456;4.065.943;8.979.002;543.835;1.109.577;6.107.037;7.009.092;7.983.419;5.293.087;8.115.210.000.000.000;4.950.663;6.870.369.999.999.990;8.020.833;8.575.846;4.552.809;246.949;5.734.132;8.317.859;4.438.680.000.000.000;5.052.083;3.671.875;6.666.666;348.958.320.617.676;3.515.625;4.166.666;9.982.639;56.712.959.999.999.900;59.895.830.000.000.000;4.832.176;3.058.449;2.025.463;;2.708.333
219591;01/09/2018 11.51;2.396.528;51.432.289.123.535.200;5.143.229;446.614.570.617.676;6.291.666.259.765.630;8.166.221;150.897;1.696.325;15.993.920.000.000.000;1.535.012;4.347.006;27.354.340.000.000.000;39.523.509.999.999.900;1.276.998;4.209.197;;45.980.199.999.999.900;4.629.302;25.330.150.000.000.000;6.768.809;4.048.728;8.969.066;5.420.964;1.108.177;6.111.366;6.986.892;7.971.097;5.475.242;8.014.752;5.084.366;6.851.852;9.041.666;8.961.381;4.597.372;2.283.187;5.304.505;8.288.186;8.479.249.000.000.000;5.182.291;37.05.00;6.640.625;348.958.320.617.676;3.489.583;4.140.625;1.038.773;5.642.361;59.606.480.000.000.000;4.774.306;30.266.200.000.000.000;2.054.398;;2.769.097
219592;01/09/2018 11.52;2.406.366;5.143.229;5.147.569;4.466.146;6.145.833.740.234.380;8.156.667;1.511.863;1.697.772;1.594.329;15.198.210.000.000.000;4.402.292;2.823.364;4.023.896;1.278.518;4.192.402;;4.598.568;4.607.095;2.506.226;676.882;4.058.054;8.946.837;543.496;1.106.223;6.076.946;7.003.669;7.976.119;5.220.423;7.926.448;5.071.996;6.814.814;8.838.541;8.763.231;4.590.156;2.298.047;5.304.194;836.52.00;1.562.135;53.125;3.776.041;6.640.625;3.489.583;3.489.583;4.140.625;1.085.069;5.815.971.999.999.990;59.895.830.000.000.000;46.875;3.015.046;2.074.653;;2.824.074
219593;01/09/2018 11.53;2.402.431;5.138.889;5.143.229;4.470.486;6.226.852;8.043.081;150.897;1.688.368;1.584.925;1.531.395;4.277.455;28.155;40.646.809.999.999.900;1.280.331;4.199.073;;4.636.262;4.628.893;2.570.635;6.763.760.000.000.000;4.052.286;891.17.00;5.442.864;1.106.631;6.093.089;6.984.316;8.050.618;5.139.423;7.883.024;4.983.892;6.643.519;8.901.041;8.931.434;459.148;2.372.843;5.211.392;820.466;0.5930721;5.338.541;37.05.00;65.625;3.541.666;3.515.625;4.088.541;1.087.963;59.317.130.000.000.000;59.895.830.000.000.000;46.875;3.041.088;2.152.778;;2.841.435
219594;01/09/2018 11.54;2.404.398;51.388.885.498.046.800;5.147.569;44.704.860.687.255.800;6.361.111;8.197.775;1.511.863;1.697.772;1.602.286;15.364.579.999.999.900;4.332.399;2.764.116;4.149.479;1.278.812;4.207.636;;4.661.675;4.683.941;2.614.657;6.756.248;4.055.609;9.026.693;5.420.752;11.059.660.000.000.000;6.089.393;7.019.066;7.984.092;4.845.405;8.027.330.000.000.000;5.109.853;6.944.445;9.437.499;9.049.806;4.648.936;2.302.694;5.283.604;8.063.278;5.734.584;53.125;3.671.875;6.536.458;3.567.708;3.489.583;40.885.414.123.535.200;1.073.495;59.317.130.000.000.000;59.606.480.000.000.000;46.875;3.122.106;2.155.671;;2.841.435
219595;01/09/2018 11.55;2.406.366;5.138.889;514.756.927.490.234;44.704.860.687.255.800;6.222.222;8.353.445;1.511.863;1.692.708;1.602.286;1.535.012;4.478.133;2.725.437;42.341.770.000.000.000;1.272.374;4.203.674;;46.330.400.000.000.000;4.690.421;2.601.941;6.768.491;4.050.603;8.866.705;542.561;1.103.231;6.106.765;7.026.266;7.977.671;4.920.083;7.909.573;49.564.099.999.999.900;6.620.369.999.999.990;9.171.874;8.947.889;4.606.936;2.278.941;5.107.722;7.920.946;1.378.169;5.234.375;3.619.791;65.625;3.567.708;348.958.320.617.676;40.885.414.123.535.200;1.073.495;59.317.130.000.000.000;59.606.480.000.000.000;4.658.565;3.171.296;2.100.694;;2.835.648
219596;01/09/2018 11.56;2.396.528;5.130.208;514.756.927.490.234;44.704.860.687.255.800;6.291.666.259.765.630;8.244.507;1.496.672;1.688.368;1.589.265;15.364.579.999.999.900;4.358.854;2.704.385;42.278.220.000.000.000;12.735.619.999.999.900;4.210.715;;4.598.304;4.671.686;2.608.806;6.785.555;4.075.895;8.895.076;5.420.682;1.110.133;6.109.222;7.064.686;7.991.152;4.937.958;8.083.665;5.008.422;6.708.333;8.979.166;8.906.742;4.591.328;2.221.049;4.965.335;7.787.683;8.336.745;5.208.333;3.645.833;6.536.458;3.541.666;3.489.583;40.885.414.123.535.200;1.059.028;59.895.830.000.000.000;5.902.778.000.000.000;4.658.565;3.194.445;2.039.931;;2.824.074
219597;01/09/2018 11.57;2.404.398;513.020.820.617.676;514.756.927.490.234;44.704.860.687.255.800;6.350.694.580.078.130;8.217.609;15.234.379.999.999.900;1.692.708;1.594.329;1.548.032;4.362.621;2.656.294;4.211.606;1.273.442;4.175.144;;4.528.898;4.524.399;2.426.136;6.771.460.000.000.000;4.038.901;891.931;5.405.954;1.101.858;6.087.297;7.027.919;7.981.476;5.193.472;8.114.860.000.000.000;4.925.796;6.814.814;9.723.958;9.199.319;4.695.919;21.363.299.999.999.900;4.905.835;7.770.771;30.085.959.999.999.900;5.260.416;3.645.833;65.625;35.416.664.123.535.200;3.515.625;40.885.414.123.535.200;1.047.454;60.474.540.000.000.000;5.844.906.999.999.990;4.658.565;3.165.509;2.022.569;;281.25.00
219598;01/09/2018 11.58;2.406.366;5.130.208;514.756.927.490.234;44.704.860.687.255.800;6.303.240.966.796.880;8.096.689;150.463;1.683.304;1.589.265;15.270.539.999.999.900;4.273.448;25.920.720.000.000.000;4.197.834;127.917;4.202.796;;4.625.164;46.781.199.999.999.900;2.601.498;6.775.044;4.068.728;8.923.348;5.442.676;1.106.552;6.099.437;7.027.589.999.999.990;8.034.338;5.104.809;8.030.845;4.911.751;6.777.778;9.567.708;9.145.237;471.295;2.053.718;4.705.385;7.674.562;0.02723138;53.125;3.697.916;6.640.625;3.541.666;3.515.625;40.885.414.123.535.200;1.030.093;6.336.805;57.870.369.999.999.900;462.963;312.05.00;2.028.356;;2.774.884
219599;01/09/2018 11.59;24.004.630.000.000.000;5.125.868;5.147.569;44.704.860.687.255.800;62.534.716.796.875;8.178.712;1.511.863;1.697.772;1.589.265;1.535.012;4.282.647;245.245;4.057.895;1.282.152;4.199.237;;4.600.813;4.643.437;2.561.802;6.748.768;4.048.599;8.890.571;5.416.866;1.107.137;6.098.285;6.994.394;8.000.165;5.199.176;8.002.452;5.153.622;6.884.259;10.208.330.000.000.000;9.368.394;4.746.764;20.612.900.000.000.000;48.150.199.999.999.900;7.966.611;1.318.411;5.390.625;3.828.125;6.692.708;3.567.708;3.515.625;40.885.414.123.535.200;1.009.838;6.481.481;5.700.232;4.658.565;3.049.768;208.044;;2.719.908
219600;01/09/2018 12.00;2.399.479;512.586.784.362.793;516.059;4.470.486;6.314.814.453.125;8.328.316;150.897;1.697.772;15.950.520.000.000.000;1.543.692;4.092.453;24.467;3.990.413;1.279.796;4.203.957;;4.630.254;4.564.444;24.690.220.000.000.000;6.732.338;4.053.453;8.931.441;5.401.374;1.106.692;6.073.069;6.974.937;7.981.146;5.265.504;7.992.985;5.086.162;6.694.445;9.296.874;9.138.887;4.974.377;2.161.864;4.806.833;7.598.074;246.083;53.645.830.000.000.000;3.932.291;6.770.833;3.567.708;3.541.666;4.088.541;9.837.963;6.712.963;5.700.232;46.875;2.896.412;2.340.856;;2.662.037
219601;01/09/2018 12.01;2.399.479;512.586.784.362.793;516.059;4.470.486;6.314.814.453.125;8.328.316;150.897;1.697.772;15.950.520.000.000.000;1.543.692;4.092.453;24.467;3.990.413;1.279.796;4.203.957;;4.630.254;4.564.444;24.690.220.000.000.000;6.732.338;4.053.453;8.931.441;5.401.374;1.106.692;6.073.069;6.974.937;7.981.146;5.265.504;7.992.985;5.086.162;6.694.445;9.296.874;9.138.887;4.974.377;2.161.864;4.806.833;7.598.074;246.083;53.645.830.000.000.000;3.932.291;6.770.833;3.567.708;3.541.666;4.088.541;9.837.963;6.712.963;5.700.232;46.875;2.896.412;2.340.856;;2.662.037
219602;01/09/2018 12.02;2.406.366;5.125.868;515.191;44.748.259.999.999.900;620.138.916.015.625;8.322.707;15.198.210.000.000.000;1.692.708;1.585.648;15.234.379.999.999.900;40.126.259.999.999.900;2.469.135;39.03.00;1.276.811;4.192.097;;46.031.800.000.000.000;4.643.988;2.561.877;6.762.181;4.057.514;8.959.852;5.425.384;1108.86;6.116.321;6.989.194;7.985.582;539.438;8.000.774;5.001.454;6.939.814;8.942.708;9.056.097;4.954.584;2.252.381;4.968.913;7.642.456;23.884.220.000.000.000;53.645.830.000.000.000;3.932.291;6.770.833;3.541.666;35.416.664.123.535.200;4.088.541;9.664.352;6.655.093.000.000.000;57.870.369.999.999.900;474.537;2.835.648;2.361.111;;2.644.676
219603;01/09/2018 12.03;2.404.398;51.215.270.000.000.000;515.190.963.745.117;44.748.260.498.046.800;6.164.351.806.640.630;8.083.521.999.999.990;150.897;1.692.708;15.950.520.000.000.000;1.540.075;391.765;2.457.078;40.034.079.999.999.900;1.271.239;4.189.711;;4.652.264;4.670.659;261.616;673.582;4.080.601;890.549;5.436.266;1.104.861;6.072.308;700.579;8.015.683;5.208.879;8.055.972;492.301;6.777.778;9.203.124;9.129.161;4.961.863;2.233.155;4.881.006;7.445.348;6.103.296;53.125;390.625;6.770.833;3.541.666;3.541.666;40.625;9.722.222;6.568.287;5.844.906.999.999.990;46.875;2.795.139;2.378.472;;2.650.463
219604;01/09/2018 12.04;2.401.447;51.215.274.810.790.900;515.190.963.745.117;44.748.260.498.046.800;6.292.823.486.328.130;8.040.018;15.010.129.999.999.900;1.688.368;1.589.265;1.535.012;3.946.474;2.485.118;3.989.001;1.281.898;4.189.353;;4.601.925;4.697.821;262.033;6.762.858;404.589;8.905.457;5.437.615;1.103.027;6.087.855;6.982.534;7.988.205;5.244.855;8.034.677;4.960.137;6.722.222;9.223.958;920.784;5.116.298;2.305.993;5.033.929;7.549.915;3.305.043;5.234.375;3.828.125;6.770.833;3.515.625;3.515.625;40.625;9.664.352;6.510.416;59.606.480.000.000.000;474.537;2.751.736;2.271.412;;266.493
219605;01/09/2018 12.05;2.404.398;51.215.270.000.000.000;515.190.963.745.117;44.748.260.498.046.800;6.194.444.580.078.130;7.989.811.999.999.990;150.463;1.692.708;16.030.089.999.999.900;1.531.395;3.936.789;2.457.777;3.984.603;1.273.242;4.200.723;;4.623.815;453.046;24.530.830.000.000.000;6.758.389;4.063.468;900.442;5.441.163;1.114.257;6.149.609;6.989.955;8.121.144;4.961.042;7.989.173;4.496.546;6.768.519;800.00.00;8.751.931;490.27.00;2.064.005;4.822.924;7.670.172;257.252;5.208.333;3.776.041;6.692.708;3.515.625;3.515.625;40.625;9.606.481;6.423.611;6.076.389;4.803.241;2.719.908;2.228.009;;2.679.398
219606;01/09/2018 12.06;2.396.528;5.117.187;515.190.963.745.117;44.748.260.498.046.800;620.138.854.980.469;7.974.141;150.897;1.692.708;1.584.925;15.270.539.999.999.900;3.880.453;242.069;3.970.519;1.263.462;4.212.675;;4.519.122;4.343.707;2.232.734;6.774.329;4.053.538;8.972.355;5.419.197;11.093.319.999.999.900;6.110.015;7.045.406;7.974.999;5.615.028;8.206.263;4.864.597;6.601.852;8.526.041;9.105.284;4.857.374;2.034.083;4.528.238;7.560.623;0.1216026;5.260.416;3.697.916;6.666.666;3.515.625;3.515.625;40.625;9.577.546;6.394.676;6.105.324;4.832.176;2.679.398;218.75;;2.682.292
219607;01/09/2018 12.07;2.406.366;51.171.871.185.302.700;515.191;44.748.260.498.046.800;6.380.787.353.515.630;8.048.567;151.548;1.692.708;15.950.520.000.000.000;1.535.012;39.741.209.999.999.900;240.612;39.361.129.999.999.900;1.277.779;4.248.647;;4.697.979;4.576.715;24.850.060.000.000.000;6.757.863;405.347;8.929.303;5.408.359;1.107.318;6.093.698;7.000.789;7.990.923;5.722.522;7.902.336;5.118.795;6.666.666;9.109.374;905.336;4.823.286;2.194.747;468.408;7.740.795;1.040.349;5.338.541;3.671.875;6.666.666;3.515.625;3.515.625;4.088.541;9.693.287;6.423.611;6.134.259;4.832.176;2.635.995;2.173.032;;2.693.866
219608;01/09/2018 12.08;2.404.398;51.171.871.185.302.700;516.493;44.748.259.999.999.900;6.222.222;8.132.722;150.897;1.692.708;1.590.712;15.364.579.999.999.900;3.962.058;2.423.767;397.683;127.831;4.182.923;;4.626.307;4.619.464;2.530.153;675.47.00;4.057.082;8.899.836;5.436.906;1.107.339;6.083.304;7.024.810.000.000.000;8.093.138;5.983.961;8.159.411;5.026.509;6.893.519;8.890.624;8.683.019;4.775.138;2.391.458;5.057.678;7.688.854;7.833.952;53.645.830.000.000.000;3.645.833;65.625;3.541.666;3.515.625;40.625;9.664.352;6.568.287;60.474.540.000.000.000;4.803.241;2.630.208;212.963;;2.682.292
219609;01/09/2018 12.09;24.004.630.000.000.000;51.171.871.185.302.700;516.493;4.479.166;6.307.465;8.018.208;1.511.863;1.683.304;15.950.520.000.000.000;1.531.395;3.889.515;23.151.970.000.000.000;39.595.009.999.999.900;1.279.533;4.213.661;;461.67;4.629.292;2.540.563;6.734.221;4.050.162;8.922.002;5.397.124;1.108.315;6.102.194;6.899.556;799.04.00;5.862.573;8.033.365;485.708;6.898.148;9.322.916;8.900.797;4.761.957;2.472.879;5.375.731;7.705.341;1.768.899;54.427.080.000.000.000;3.567.708;6.536.458;35.416.664.123.535.200;3.489.583;40.625;9.548.611;6.770.834;59.606.480.000.000.000;4.774.306;2.644.676;2.042.824;;2.659.143
219610;01/09/2018 12.10;2.404.398;51.171.871.185.302.700;516.059;44.791.664.123.535.200;6.238.425;7.992.146;150.463;1.688.368;1.590.712;1.538.628;39.257.979.999.999.900;2.306.377;39.49.00;1.281.297;4.197.241;;4.683.676;4.632.907;2.556.203;6.734.268;4.054.778;8.909.196;5.417.162;1.108.191;6.107.556;6.983.944;8.025.424;6.076.285;7.931.945;49.698.199.999.999.900;6.648.148;9.354.166;9.068.549;4.700.811;247.275;5.545.296;7.814.888;1.246.464;5.494.791;3.489.583;6.432.291;3.541.666;34.375;4.036.458;9.403.935;6.857.639;5.844.906.999.999.990;46.875;2.662.037;1.958.912;;2.624.421
219611;01/09/2018 12.11;2.396.528;51.171.871.185.302.700;515.191;44.791.664.123.535.200;619.907.409.667.969;7.950.186;151.548;1.692.708;1.602.286;1.535.012;3.985.031;2.263.469;3.868.034;1.280.366;4.199.385;;467.241;4.700.804;2.607.754;6.774.319;4.066.115;8.992.336;5.441.788;1.108.721;6.085.092;6.947.462;8.023.277;6.142.025;7.985.319.999.999.990;4.979.578;7.060.185;9.604.166;9.066.713;4.820.171;2.364.454;538.623;7.851.412;1.637.748;5.572.916;3.411.458;640.625;3.515.625;34.375;4.036.458;931.713;6.857.639;57.581.019.999.999.900;46.875;2.609.954;1.921.296;;2.609.954
219612;01/09/2018 12.12;2.404.398;5.117.187;516.493;44.791.664.123.535.200;635.879.638.671.875;8.079.025;150.897;1.688.368;1.594.329;15.270.539.999.999.900;4.041.254;2.200.453;3.842.711;1.276.895;4.226.064;;461.586;4.743.529;2.665.004;6.783.055;4.065.205;894.128;543.67;1.108.405;6.112.511;6.959.582;7.931.996;6.034.769;7.823.621;4.902.447;6.606.481;9.380.208;9.094.803;47.995.300.000.000.000;2.373.994;5.301.151;7.858.514;0.19157079999999999;5.703.125;3.385.416;63.802.080.000.000.000;3.541.666;3.489.583;4.036.458;9.548.611;6.828.703;56.712.959.999.999.900;4.658.565;2.572.338;1.886.574;;2.586.805
219613;01/09/2018 12.13;2.404.398;5.108.507;516.493.034.362.793;44.791.664.123.535.200;630.208.312.988.281;8.265.633.000.000.000;150.463;1.697.772;1.598.669;1.543.692;4.029.388;21.747.020.000.000.000;3.860.242;127.968;4.213.916;;4.625.868;4.635.362;2.548.827;6.772.208;4.056.701;9.013.809;5.435.838;1.108.013;6.098.615;6.988.318;7.985.006;5.803.785;8.015.958;51.064.300.000.000.000;6.504.630.000.000.000;9.432.291;9.110.386;4.804.138;2.475.505;5.542.212;8.037.719.999.999.990;37.716.229.999.999.900;578.125;3.541.666;640.625;3.567.708;34.375;4.036.458;9.837.963;6.712.963;5.642.361;4.658.565;2.546.296;1.854.745;;2.537.616
219614;01/09/2018 12.14;2.399.479;510.850.677.490.234;516.493.034.362.793;44.791.664.123.535.200;628.125;8.399.708.000.000.000;1.511.863;1.688.368;16.030.089.999.999.900;15.364.579.999.999.900;40.009.209.999.999.900;2.188.235;3.896.085;127.592;4.213.929;;4.627.585;474.834;27.093.279.999.999.900;6.793.989.999.999.990;4.050.675;8.867.213;5.411.677;1.103.855;6.070.298;7.033.687;8.056.654;5.443.558;8.048.544;498.14.00;6.925.926;9.119.791;8.940.806;4.796.344;24.217.700.000.000.000;5.282.493;8.129.865;0.07261149;5.859.375;37.05.00;63.802.080.000.000.000;356.770.820.617.676;34.375;4.036.458;9.953.703;6.626.156.999.999.990;5.613.426;474.537;2.534.722;1.872.106;;2.488.426
219615;01/09/2018 12.15;2.404.398;510.850.677.490.234;516.493;4.479.166;6.320.602;8.486.208;151.548;1.692.708;1.589.265;1.543.692;39.936.040.000.000.000;2.170.934;38.782.340.000.000.000;1.276.801;4.202.961;;46.725.699.999.999.900;4.565.084;24.748.509.999.999.900;6.772.818;4.054.112;8.951.644;5.412.311;1.108.868;6.083.302;6.998.474;7.984.048;5.458.316;8.039.495;5.029.227;6.731.481;8.567.708;9.405.272;4.964.355;2.308.541;5.227.496;8.109.164;5.379.364;5.859.375;3.932.291;6.432.291;3.567.708;3.489.583;40.625;9.953.703;6.539.352;552.662;474.537;2.543.403;1.921.296;;2.436.343
219616;01/09/2018 12.16;24.004.630.000.000.000;5.108.507;5.169.271;4.487.847;6.224.537;8.262.955;151.548;1.683.304;1.621.817;1.535.012;3.912.216;217.058;38.935.629.999.999.900;1.276.662;4.203.523;;46.112.800.000.000.000;45.780.300.000.000.000;2.464.029;6.755.248;4.050.536;8.951.001;5.421.686;1.108.298;6.092.392;6.988.898;8.019.555;5.434.461;7.918.845;5.111.732;6.930.555;9.437.499;9.298.979;4.953.122;2.189.349;5.002.801;7.967.697;65.231.069.999.999.900;578.125;4.036.458;6.510.416;3.541.666;3.515.625;40.625;9.809.028;6.539.352;5.497.685;474.537;2.546.296;1.938.657;;2.387.153
219617;01/09/2018 12.17;2.402.431;5.104.166;516.927.070.617.676;448.784.713.745.117;6.319.445;8.224.701;150.897;1.688.368;1.598.669;1.547.309;4.006.876;2.186.213;3.902.948;1.282.095;4.200.701;;4.648.414;4.588.869;2.497.878;6.773.238;4.056.588;8.904.532;542.405;1.110.721;6.091.502;6.964.063;7.964.664;5.319.628;7.903.539;5.190.281;6.717.593;9.281.249;9.342.439;5.028.123;2.192.016;4.961.517;7.913.198;1.053.249;5.729.166;4.088.541;6.484.375;3.541.666;3.541.666;4.036.458;9.548.611;6.481.481;5.613.426;474.537;2.560.764;1.898.148;;2.346.644
219618;01/09/2018 12.18;2.406.366;51.041.664.123.535.200;516.927.070.617.676;448.784.713.745.117;626.620.361.328.125;8.210.934;1.511.863;1.692.708;1.594.329;1.537.905;3.954.377;2.176.785;39.477.759.999.999.900;1.284.324;4.217.694;;4.648.897;4.677.971;2.577.848;6.747.888;4.053.324;8.992.131;5.425.856;1.108.496;6.100.064;6.962.994;7.934.176;518.409;8.057.603;4.881.897;6.976.852;9.244.791;8.977.953;4.858.002;2.390.481;5.183.645;7.831.010.000.000.000;1.518.711;5.651.041;4.166.666;6.510.416;3.515.625;3.541.666;4.036.458;9.172.453;6.365.741;56.712.959.999.999.900;4.803.241;2.575.231;1.869.213;;2.317.708
219619;01/09/2018 12.19;2.396.528;51.041.664.123.535.200;516.927.070.617.676;448.784.713.745.117;6.243.055.419.921.880;8.085.139.000.000.000;1.511.863;1.688.368;1.594.329;1.535.012;3.949.893;2.211.746;3.981.024;128.083;4.200.339;;4.635.038;4.654.922;2.569.782;6.761.879;4.057.236;8.976.195;5.422.242;11.100.910.000.000.000;6.127.737;6.928.365;7.980.224;4.950.053;7.873.461;4.974.008;6.884.259;9.536.458;8.861.998;4.897.118;2.396.367;5.284.695;7.912.505;0.02482759;56.25.00;4.192.708;6.640.625;3.515.625;3.567.708;4.036.458;9.114.584;62.05.00;56.712.959.999.999.900;49.189.820.000.000.000;254.919;1.828.704;;2.300.347
219620;01/09/2018 12.20;2.404.398;51.041.664.123.535.200;516.927.070.617.676;448.784.713.745.117;620.717.590.332.031;8.199.927;1.511.863;1.699.219;1.594.329;1.547.309;3.955.745;22.300.729.999.999.900;39.820.209.999.999.900;1.286.552;4.210.187;;4.649.892;4.646.743;25.609.349.999.999.900;6.757.239;4.054.176;8.950.551;5.438.093;1.113.349;6.108.143;695.184;7.949.858;4.989.773;7.859.699;4.811.093;661.574;9.151.041;9.040.817;4.809.781;2.454.525;5.415.511;7.735.236;6.185.848;55.989.580.000.000.000;4.270.833;6.744.791;3.515.625;356.770.820.617.676;40.625;9.172.453;619.213;5.642.361;5.034.722;2.543.403;1.770.833;;224.537
219621;01/09/2018 12.21;2.401.447;51.041.664.123.535.200;5.169.271;448.784.713.745.117;637.05.00;8.273.045;150.897;1.692.708;1.581.308;1.538.628;4.041.981;2.195.007;3.928.703;1.279.465;4.194.641;;4.624.243;452.097;2.399.659;6.767.792;4.053.324;8.954.687;5.396.031;1.110.805;6.078.041;6.971.728;7.964.745;4.761.064;7.972.429;4.681.865;6.712.963;9.541.666;9.176.371;4.850.316;241.07.00;5.424.135;8.005.049;00.00;5.572.916;4.270.833;6.744.791;3.515.625;3.567.708;40.625;9.230.324;6.076.389;5.642.361;5.063.657;2.537.616;1.736.111;;2.201.968
219622;01/09/2018 12.22;2.404.398;51.041.664.123.535.200;5.173.611;448.784.713.745.117;6.305.555.419.921.880;8.337.793;1.496.672;1.692.708;1.598.669;1.531.395;4.206.589;223.557;38.765.609.999.999.900;12.840.010.000.000.000;4.224.883;;4.627.824;4.618.483;25.197;6.758.904;4.055.471;8.979.999;5.398.884;1.107.789;6.136.163;7.019.655;7.979.094;4.675.793;7.928.393;4.954.285;6.407.407;9.453.124;9.202.804;4.978.756;2.445.309;5.301.776;7.720.574;2.577.331;5.572.916;4.270.833;6.770.833;3.515.625;3.619.791;4.088.541;9.288.194;59.895.830.000.000.000;56.712.959.999.999.900;5.121.528;2.543.403;1.704.282;;2.173.032
219623;01/09/2018 12.23;2.406.366;51.041.664.123.535.200;51.736.110.687.255.800;4.487.847;6.186.343;8.252.915;1.511.863;1.688.368;1.602.286;15.364.579.999.999.900;39.826.370.000.000.000;2.223.447;3.804.908;12.882;4.200.163;;4.619.421;4.617.715;2.525.629;6.758.837;4.063.154;8.904.276;5.429.056;1.107.826;6.117.926;7.019.810.000.000.000;7.947.668;465.585;8.063.323;4.948.206;6.828.704;9.270.833;9.262.424;493.14.00;2.459.506;5.316.068;7.768.513;00.00;55.208.330.000.000.000;421.875;6.692.708;3.515.625;36.197.914.123.535.200;4.088.541;9.403.935;6.076.389;5.642.361;5.208.333;255.787;1.640.625;;2.155.671
219624;01/09/2018 12.24;2.396.528;5.104.166;5.173.611;4.492.188;6.235.706;8.235.558;151.548;1.688.368;1.594.329;15.234.379.999.999.900;3.918.053;2.225.846;3.809.146;1.277.775;4.203.412;;4.603.835;4.599.256;25.135.520.000.000.000;6.765.104;4.054.933;8.947.143;5.445.579;1.104.701;6.082.673;6.975.952;7.953.897;4.267.626;7.858.603;4.894.582;6.689.814;8.994.791;9.093.167;4.945.183;2.512.099;5.532.279;794.174;0.00010090770000000001;5.572.916;4.192.708;6.744.791;3.515.625;3.619.791;40.625;9.722.222;6.221.065;5.613.426;52.372.679.999.999.900;2.592.592;1.579.861;;2.152.778
219625;01/09/2018 12.25;2.404.398;50.998.259.999.999.900;5.182.291;44.921.875;6.293.981;8.284.738;1.511.863;1.688.368;1.584.925;1.531.395;3.883.442;221.857;386.999;1.275.998;4.203.372;;4.669.639;4.536.935;2.443.232;6.778.438;4.046.043;8.898.518;5.418.412;1.108.377;6.084.163;6.979.193;8.023.023;4.324.456;811.798;4.832.096;6.921.296;8.796.874;9.037.361;4.996.402;2.526.631;5.529.882;7.969.968;8.096.631;55.989.580.000.000.000;4.166.666;6.692.708;3.489.583;3.567.708;40.625;1.001.157;62.05.00;5.642.361;52.662.040.000.000.000;2.633.102;1.533.565;;2.155.671
219626;01/09/2018 12.26;2.402.431;50.998.260.498.046.800;51.822.914.123.535.200;44.921.875;6.280.093;8.162.533;1.511.863;1.693.432;1.594.329;1.530.671;38.582.159.999.999.900;2.202.954;382.594;1.276.349;4.203.372;;4.669.639;4.536.935;2.443.232;6.778.438;4.046.043;8.898.518;5.418.412;1.108.377;6.084.163;6.979.193;8.023.023;4.324.456;811.798;4.832.096;6.921.296;8.796.874;9.037.361;4.996.402;2.526.631;5.529.882;7.969.968;8.096.631;55.989.580.000.000.000;40.625;6.640.625;348.958.320.617.676;3.541.666;40.625;1.038.773;6.221.065;57.581.019.999.999.900;5.324.074;2.638.889;1.501.736;;218.75
219627;01/09/2018 12.27;2.404.398;50.998.260.498.046.800;5.182.291;44.921.875;6.288.194.580.078.130;7.977.412;1.511.863;1.683.304;1.598.669;1.538.628;4.018.243;2.166.514;3.840.762;12.793.339.999.999.900;4.200.081;;4.649.802;4.747.888;2.667.865;6.759.351;4.063.098;8.934.236;5.430.918;1107.89;6.108.126;7.033.610.000.000.000;7.997.258;44.647.900.000.000.000;8.036.241;488.334;6.898.148;8.640.624;8.927.746;497.249;2.501.463;5.315.267;7.888.795;0.0007449317;5.494.791;3.932.291;6.640.625;3.489.583;3.541.666;4.036.458;1.061.921;619.213;5.902.778.000.000.000;52.662.040.000.000.000;2.586.805;1.507.523;;2.199.074
219628;01/09/2018 12.28;2.404.398;50.998.260.498.046.800;5.186.632;44.921.875;6.246.528;7.994.578;1.520.544;1.692.708;1.589.265;1.530.671;3.912.417;21.720.489.999.999.900;3.822.509;12.803.139.999.999.900;4.203.061;;4.614.937;4.648.855;2.547.011;6.750.544;4.052.293;8.969.537;5.418.436;1.111.431;6.112.863;701.585;8.011.434;4.641.692;7.896.119;4.974.302;6.759.259;9.036.458;8.874.982;4.784.095;2.522.702;5.454.825;808.768;00.00;55.208.330.000.000.000;390.625;6.692.708;34.375;3.515.625;40.625;1.073.495;6.134.259;59.606.480.000.000.000;52.372.679.999.999.900;254.919;1.530.671;;2.196.181
219629;01/09/2018 12.29;2.399.479;50.998.260.498.046.800;5.173.611;44.921.875;6.228.009;7.911.288;151.548;1.688.368;1.590.712;1.535.012;39.710.190.000.000.000;2.173.031;3.783.918;127.649;4.209.368;;4.637.361;4.605.392;2.520.378;674.237;4.069.531;8.929.269;5.422.885;1.105.953;6.092.419;7.030.235;8.039.943;4.654.436;7.948.439;4.830.855;6.722.222;9.171.874;8.917.957;4.902.945;2.582.164;5.529.473;7.887.571;0.07451956;5.651.041;3.958.333;6.692.708;3.489.583;3.515.625;4.088.541;1.099.537;6.134.259;59.606.480.000.000.000;5.208.333;2.514.468;1.521.991;;2.181.713
219630;01/09/2018 12.30;2.402.431;50.998.259.999.999.900;5.186.632;4.492.188;629.398.132.324.219;7.908.306;150.463;1.692.708;1.589.265;15.364.579.999.999.900;40.149.359.999.999.900;2.129.993;3.763.256;1.275.726;4.200.859;;4.656.321;4.767.317;2.711.189;6.770.061;4.056.856;8.927.881;5.430.623;1.108.817;6.133.106;7.034.737;8.005.003;4.657.755;7.970.788;4.742.187;6.620.369.999.999.990;9.046.874;8.861.462;4.759.709;2.578.967;5.529.662;7.987.077;00.00;57.552.080.000.000.000;4.036.458;6.744.791;3.489.583;3.515.625;4.088.541;1.125.579;6.076.389;59.317.130.000.000.000;5.121.528;2.514.468;1.530.671;;2.175.926
219631;01/09/2018 12.31;2.404.398;5.095.486;5.182.291;44.965.270.000.000.000;6.364.583.740.234.380;7.783.811.999.999.990;151.548;1.692.708;1.589.265;15.364.579.999.999.900;3.993.769;2.177.684;38.372.840.000.000.000;12.827.810.000.000.000;4.196.278;;4.600.903;4.674.651;2.590.533;6.773.508;4.077.039;9.011.721;543.768;11.120.510.000.000.000;6.112.682;7.029.995;8.008.582;4.468.372;8.107.337;4.843.152;6.754.630.000.000.000;9.031.249;8.820.404;476.856;2.618.523;5.661.113;7.981.553;0.5629734000000001;578.125;40.625;6.796.875;3.515.625;3.541.666;4.140.625;1.168.981;60.474.540.000.000.000;5.844.906.999.999.990;5.092.593;2.543.403;1.579.861;;2.196.181
219632;01/09/2018 12.32;2.402.431;50.954.860.687.255.800;5.186.632;44.965.274.810.790.900;6.244.212.646.484.380;7.989.924;151.548;1.688.368;1.594.329;1.538.628;3.837.395;2.133.086;378.807;128.045;4.209.205;;4.602.438;4.616.221;25.201.130.000.000.000;6.766.176;406.784;8.935.947;5.402.522;1107.65;6.092.325;7.005.886;8.073.857;4.470.614;7.961.601;4.889.196;7.273.148;9.322.916;8.840.025;4.693.294;2.702.704;5.704.329;805.074;00.00;57.552.080.000.000.000;40.625;6.744.791;3.515.625;35.416.664.123.535.200;4.088.541;1.206.597;6.134.259;5.844.906.999.999.990;5.063.657;2.586.805;1.608.796;;2.254.051
219633;01/09/2018 12.33;2.404.398;5.095.486;518.663.177.490.234;44.965.274.810.790.900;6.100.695;8.157.249;150.463;1.693.432;1.598.669;15.364.579.999.999.900;381.576;2.142.282;3.858.082;12.810.319.999.999.900;4.184.189;;4.584.934;4.580.006;2.477.711;6.754.017;4.056.048;8.903.967;5.423.488;1.104.211;6.084.164;6.996.888;8.042.861;45.331.699.999.999.900;7.933.163;4.786.352;6.574.074;8.604.166;8.943.904;4.717.823;2.587.846;5.672.874;8.111.223;1.100.882;56.25.00;4.036.458;6.770.833;3.515.625;35.416.664.123.535.200;4.088.541;1.226.852;62.05.00;59.317.130.000.000.000;5.092.593;26.070.599.999.999.900;1.608.796;;2.300.347
219634;01/09/2018 12.34;2.397.512;5.086.805;518.663.177.490.234;44.965.274.810.790.900;6.192.882;8.122.780.999.999.990;150.463;1.683.304;1.602.286;1.530.671;3.955.662;2.167.896;3.795.909;12.756.789.999.999.900;4.208.431;;4.650.562;4.542.676;2.455.982;6.754.939.999.999.990;4.065.352;8.945.355;5.419.982;1.112.632;6.097.333;7.023.019;813.238;4.669.393;8.195.441;4.797.935;6.902.778;8.645.833;8.915.043;4.805.475;2.496.662;5.547.512;8.160.629;0.02482758;5.494.791;4.036.458;6.796.875;3.489.583;3.541.666;40.625;125.00.00;62.05.00;6.105.324;5.208.333;2.618.634;1.568.287;;2.297.454
219635;01/09/2018 12.35;2.406.366;508.680.534.362.793;5.186.632;44.965.274.810.790.900;6.267.361;815.392;150.463;1.688.368;1.589.265;15.364.579.999.999.900;3.987.689;2.209.393;38.604.209.999.999.900;128.141;4.210.611;;4.631.366;4.521.861;24.366.630.000.000.000;6.771.965;4.057.093;8.985.334;542.043;1.105.837;609.633;6.969.148;7.997.543;4.873.234;8.087.753;5.097.268;6.550.926;8.848.958;9.067.238;4.736.055;2.496.372;5.576.085;8.361.294;2.821.927;53.645.830.000.000.000;4.036.458;6.796.875;34.375;3.515.625;40.625;1.261.574;6.221.065;619.213;52.662.040.000.000.000;2.667.824;1.550.926;;2.297.454
219636;01/09/2018 12.36;2.402.431;508.680.534.362.793;5.190.972;44.965.274.810.790.900;6.310.185;8.046.826.999.999.990;1.511.863;1.688.368;1.594.329;1.530.671;4.011.343;2.231.899;3.893.206;1.284.264;4.217.565;;4.637.167;4.647.404;2.583.507;6.768.928;4.055.977;8.912.575;5.458.456;1110.47.00;6.131.346;6.982.143;7.961.946;4.863.693;8.009.722;522.244;6.967.593;8.463.541;911.485;4.793.785;2.484.016;5.477.644;8.730.061;38.687.449.999.999.900;5.260.416;4.036.458;68.75;34.375;3.541.666;4.088.541;1.255.787;619.213;6.221.065;5.324.074;2.690.972;1.530.671;;2.303.241
219637;01/09/2018 12.37;24.004.630.000.000.000;508.680.534.362.793;519.097.213.745.117;44.965.270.000.000.000;6.252.314;8.216.604;151.548;1.692.708;1.589.265;1.535.012;4.034.467;225.826;3.947.785;1.281.312;4.205.287;;4.660.431;4.601.518;251.112;6.749.672;4.059.788;895.02.00;5.413.551;1.106.474;609.47.00;7.002.474;798.61;4.425.883;8.054.154;4.812.424;6.856.481;9.109.374;9.011.403;4.902.303;2.501.046;5.423.945;8.268.711;00.00;5.182.291;4.010.416;6.796.875;341.145.820.617.676;35.416.664.123.535.200;4.088.541;1.212.384;6.134.259;6.134.259;5.324.074;2.696.759;1.519.097;;2.288.773
219638;01/09/2018 12.38;2.406.366;5.086.805;519.097.213.745.117;4.500.868;6.320.601.806.640.630;832.883;150.897;1.683.304;1.594.329;1.544.415;3.988.454;2.261.376;38.926.109.999.999.900;1.286.347;4.207.993;;457.412;4.651.759;25.530.779.999.999.900;6.711.389.999.999.990;4.047.637;8.905.502;5.375.864;1.102.579;6.051.068;6.976.549;7.953.612;4.648.474;8.087.913;4.823.394;6.953.704;9.588.541;8.757.678;4.803.537;2.474.025;5.287.346;8.209.694;00.00;5.104.166;3.958.333;6.692.708;3.385.416;35.416.664.123.535.200;40.625;1.189.236;6.076.389;6.105.324;5.208.333;2.650.463;1.545.139;;2.259.838
219639;01/09/2018 12.39;23.955.439.999.999.900;5.082.465;5.190.972;450.086.784.362.793;625.00.00;8.338.089.000.000.000;1.511.863;1.683.304;1.594.329;15.364.579.999.999.900;4.009.433;22.227.520.000.000.000;3.856.763;1.285.772;4.206.162;;4.643.842;4.753.788;26.737;6.740.859;4.041.871;8.920.186;5.419.302;1.105.387;6.094.904;7.008.909;8.022.432;45.879.900.000.000.000;8.100.689;4.919.169;6.851.852;9.046.874;9.006.641;4.874.734;24.527.599.999.999.900;5.259.105;8.150.394;00.00;5.078.125;4.010.416;6.692.708;338.541.641.235.352;3.541.666;40.625;1.215.278;59.895.830.000.000.000;60.474.540.000.000.000;5.179.398;2.621.528;1.608.796;;2.239.583
219640;01/09/2018 12.40;2.406.366;5.073.785;5.195.312;450.086.784.362.793;6.366.898;8.581.706;151.331;1.692.708;1.585.648;1.540.075;4.032.125;21.292.189.999.999.900;3.828.818;1.284.257;4.193.102;;4.669.394;4.744.586;2.676.796;6.775.264;4.070.113;8.995.364;543.025;1.112.237;610.03.00;6.966.901;8.012.818;4.420.065;8.105.972;4.918.807;6.884.259;9.072.916;8.952.689.999.999.990;4.902.639;2.538.095;5.350.275;8.051.653;0.009350480999999999;5.078.125;4.036.458;6.692.708;338.541.641.235.352;3.567.708;4.088.541;1.221.065;6.105.324;59.606.480.000.000.000;5.092.593;2.635.995;1.689.815;;2.233.796
219641;01/09/2018 12.41;2.406.366;5.082.465;5.190.972;450.086.784.362.793;6.239.584;8.618.902;151.548;1.692.708;1.606.626;1.531.395;4.034.753;2.149.434;3.792.602;12.823.780.000.000.000;4.204.713;;4.589.472;453.341;2.443.434;6.733.942;4.050.133;8.928.815;5.397.644;1.110.677;6.119.457;6.969.602;8.002.437;4.375.107;7.959.060.000.000.000;5.023.719;6.509.259;8.942.708;9.097.396;4.688.947;2.560.788;5.447.814;7.875.988;00.00;5.104.166;4.010.416;6.692.708;338.541.641.235.352;3.567.708;4.088.541;125.00.00;6.076.389;59.317.130.000.000.000;5.063.657;2.751.736;1.721.644;;2.225.116
219642;01/09/2018 12.42;2.399.479;50.824.649.810.790.900;5.195.312;450.086.784.362.793;6.233.796;8.595.645;151.548;1.692.708;1.598.669;1.535.012;4.038.316;2.169.593;3.808.889;1.281.819;4.223.944;;4.638.023;4.714.319;2.643.089;6.758.007;4.050.146;8.879.503;5.432.409;1.105.208;605.702;6.986.487;8.035.783;4.575.187;8.123.713;4.784.852;7.171.296;8.760.416;9.172.167;4.836.489;2.588.501;5.537.692;8.199.069.999.999.990;00.00;5.078.125;390.625;6.614.583;3.385.416;3.541.666;4.088.541;1.273.148;59.895.830.000.000.000;59.606.480.000.000.000;5.092.593;2.867.477;1.678.241;;2.219.329
219643;01/09/2018 12.43;2.440.799;50.824.649.810.790.900;5.190.972;450.086.784.362.793;6.168.576;8.652.979;150.897;1.688.368;1.594.329;1.535.012;4.111.919;2.172.671;37.001.259.999.999.900;1.279.588;4.204.409;;4.650.161;4.600.611;25.149.470.000.000.000;6.763.479;407.017;8.923.879;5.416.053;1.104.213;6.084.289;6.930.424;7.951.206;4.579.018;8.004.732;4.969.177;6.699.074;8.640.624;8.889.787;4.696.707;2.601.336;5.592.661;799.567;00.00;5.182.291;3.776.041;640.625;3.411.458;3.541.666;4.140.625;1.278.935;59.317.130.000.000.000;59.606.480.000.000.000;5.179.398;2.867.477;16.116.899.999.999.900;;2.230.903
219644;01/09/2018 12.44;2.429.977;5.082.465;5.203.993;450.086.784.362.793;6.351.852;846.289;1.511.863;1.699.219;15.950.520.000.000.000;15.458.620.000.000.000;4.126.791;21.903.229.999.999.900;362.005;12.761.519.999.999.900;4.206.762;;4.599.786;4.628.754;2.527.373;6.760.683;4.055.582;8.919.819;5.411.984;1.104.214;6.063.101;6.974.013;7.936.321;4.435.975;8.006.669;5.084.829;6.837.963;8.703.124;8.845.186;4.766.335;2.542.675;5.499.033;8.078.004;6.378.789;53.645.830.000.000.000;3.645.833;640.625;3.411.458;3.515.625;4.088.541;1.304.977;5.902.778.000.000.000;59.317.130.000.000.000;5.208.333;2.795.139;1.588.542;;2.262.731
219645;01/09/2018 12.45;24.398.150.000.000.000;5.078.125;520.399.284.362.793;450.086.784.362.793;632.870.361.328.125;849.377;1.511.863;1.688.368;1.602.286;1.544.415;40.433.240.000.000.000;2.186.289;3.646.009;1.283.585;4.208.991;;4.682.702;4.709.652;2.645.596;6.760.317;4.059.209;8.952.396;5.432.032;1.106.221;6.134.413;6.999.014;8.015.974;4.421.275;7.895.956;4.927.263;6.342.593;9.140.624;890.64;4.805.913;2.427.769;5.313.568;8.005.936;00.00;546.875;3.515.625;6.536.458;3.489.583;3.515.625;4.088.541;1.336.806;5.844.906.999.999.990;5.815.971.999.999.990;5.208.333;2.745.949;1.574.074;;2.288.773
219646;01/09/2018 12.46;24.368.630.000.000.000;50.781.246.185.302.700;5.203.993;450.086.784.362.793;632.523.132.324.219;8.414.452;15.010.129.999.999.900;1.688.368;1.598.669;15.270.539.999.999.900;4.054.935;219.353;3.640.289;12.790.230.000.000.000;4.215.352;;4.629.646;4.572.904;2.481.986;6.788.302;4.052.145;8.954.911;5.437.569;1.106.004;6.100.029;6.999.324;8.038.483;4.227.975;7.957.056;4.913.874;6.763.889;9.343.749;9.083.158;4.731.066;2.336.697;5.199.091;8.022.645;00.00;5.572.916;3.515.625;6.796.875;3.515.625;3.515.625;4.088.541;1.359.954;57.870.369.999.999.900;57.581.019.999.999.900;5.179.398;2.725.695;1.591.435;;2.300.347
219647;01/09/2018 12.47;24.368.630.000.000.000;50.781.246.185.302.700;5.195.312;4.500.868;6.306.712.646.484.380;8.342.363;15.010.129.999.999.900;1.688.368;1.589.265;15.364.579.999.999.900;4.095.909;214.718;3.674.678;129.584;4.191.423;;4.629.791;4.689.387;2.599.361;6.741.445;4.053.585;8.902.230.000.000.000;540.562;1.110.298;6.057.987;6.975.315;7.940.268;4.404.548;7.882.281;501.353;6.555.555;8.859.374;9.035.043;489.096;2.385.961;5.101.467;8.076.465;00.00;56.25.00;3.619.791;6.822.916;3.515.625;3.489.583;4.140.625;1.351.273;5.700.232;56.712.959.999.999.900;5.121.528;2.760.417;1.634.838;;2.303.241
219648;01/09/2018 12.48;24.398.150.000.000.000;5.078.125;5.203.993;45.095.490.000.000.000;6.304.398;8.348.688;150.463;1.692.708;1.598.669;1.547.309;4.034.233;21.022.489.999.999.900;3.772.206;129.592;4.211.086;;4.647.502;4.783.424;2.715.827;6.795.601;4.057.341;8.975.313;5.444.285;1110.01.00;6.103.005;6.995.443;7.986.982;4.287.197;7.998.629;4.990.095;6.694.445;8.916.666;8.907.018;4.815.571;2.524.313;522.194;818.301;00.00;5.651.041;3.619.791;6.822.916;3.515.625;3.489.583;4.088.541;1.336.806;5.642.361;5.700.232;5.063.657;2.766.204;1.652.199;;2.320.602
219649;01/09/2018 12.49;2.430.961;5.073.785;520.399.284.362.793;45.095.485.687.255.800;6.349.537;8.320.546.999.999.990;1.511.863;1.688.368;1.589.265;1.530.671;400.894;2.111.211;3.780.088;128.546;4.193.437;;4.628.586;4.735.154;2.669.707;6.776.501;4.057.354;8.940.188;5.436.157;11.087.930.000.000.000;6.077.069;7.002.510.000.000.000;8.010.159;4.661.199;8.079.117;4.802.982;674.074;9.161.458;8.999.531;4.704.487;2.580.834;5.460.773;8.123.044;00.00;56.25.00;3.645.833;7.005.208;3.515.625;3.515.625;4.088.541;1.359.954;5.613.426;5.844.906.999.999.990;5.092.593;2.795.139;1.649.306;;2.346.644
219650;01/09/2018 12.50;2.438.831;507.378.463.745.117;5.203.993;45.095.485.687.255.800;630.092.529.296.875;8.418.996;1.511.863;1.692.708;1.602.286;1.535.012;3.991.278;2.153.792;37.876.940.000.000.000;1.291.377;4.193.437;;4.628.586;4.735.154;2.669.707;6.776.501;4.057.354;8.940.188;5.436.157;11.087.930.000.000.000;6.077.069;7.002.510.000.000.000;8.010.159;4.661.199;8.079.117;4.802.982;674.074;9.161.458;8.999.531;4.704.487;2.580.834;5.460.773;8.123.044;00.00;5.572.916;3.697.916;7.213.541;3.515.625;3.515.625;4.140.625;1.417.824;5.700.232;59.606.480.000.000.000;5.121.528;2.850.116;1.692.708;;2.358.218
219651;01/09/2018 12.51;2.429.977;507.378.463.745.117;5.208.333;45.095.485.687.255.800;6.251.157;8.165.823;1.511.863;1.688.368;1.590.712;1.543.692;3.962.322;2.180.111;37.237.140.000.000.000;1.286.744;420.431;;464.017;4.596.021;2.496.027;6.760.032;4.049.862;8.953.964;5.415.602;11.088.239.999.999.900;6.080.073;6.985.264;7.983.582;4.729.088;8.068.936;49.785.699.999.999.900;6.810.185;8.989.583;9.238.016;4.753.522;2.515.904;5.421.142;7.989.601;00.00;54.427.080.000.000.000;3.671.875;7.213.541;3.489.583;3.515.625;4.192.708;1.487.269;59.606.480.000.000.000;6.076.389;5.121.528;2.850.116;1.739.005;;2.355.324
219652;01/09/2018 12.52;2.438.831;5.073.785;5.203.993;45.095.485.687.255.800;6.319.445;8.259.084;1.511.863;1.688.368;1.590.712;1.543.692;39.479.079.999.999.900;2.171.732;3.648.907;128.044;4.196.786;;4.622.647;4.609.177;25.281.830.000.000.000;6.763.484;4.042.803;896.262;5.423.951;1.109.635;6.150.148;6.980.618;8.005.833;4.645.569;7.939.148;48.410.400.000.000.000;6.689.814;9.385.416;9.111.238;4.731.558;2.357.301;5.284.734;7.887.703;00.00;53.645.830.000.000.000;3.619.791;7.291.666;348.958.320.617.676;3.489.583;421.875;1.521.991;6.221.065;62.05.00;5.121.528;2.850.116;1.750.579;;2.326.389
219653;01/09/2018 12.53;24.368.630.000.000.000;5.065.104;520.833.320.617.676;45.095.485.687.255.800;6.283.564;8.032.359;1.511.863;1.688.368;1.610.966;15.270.539.999.999.900;3.939.087;2.189.904;3.603.717;1.287.162;4.202.036;;4.630.187;4.714.347;2.624.586;6.747.128;4.062.131;8.953.281;5.415.032;1.108.765;6.108.161;6.994.319;7.975.258;4.471.067;7.991.062;5.115.074;6.777.778;9.036.458;9.165.237;4.857.336;2.309.076;5.119.105;7.975.131;00.00;54.427.080.000.000.000;3.515.625;7.447.916;3.489.583;348.958.320.617.676;4.192.708;1.565.394;6.365.741;6.423.611;5.121.528;2.881.945;1.739.005;;2.306.134
219654;01/09/2018 12.54;24.348.959.999.999.900;50.651.039.123.535.200;52.126.740.000.000.000;45.095.485.687.255.800;6.288.195;797.345;1.511.863;1.693.432;1.605.903;1.531.395;3.988.354;2.153.111;3.601.807;1.287.606;4.196.671;;4.682.221;464.344;2.559.168;6.761.535;4.051.005;8.972.003;5.435.801;1.111.609;6.095.703;7.009.019;8.033.203;4.515.354;7.999.318;507.75;674.074;8.723.958;8.817.519;4.878.337;23.969.099.999.999.900;5.039.663;788.163;1.514.741;54.427.080.000.000.000;3.411.458;7.473.958;3.515.625;3.489.583;4.270.833;1.579.861;6.394.676;6.568.287;5.063.657;2.948.495;1.710.069;;2.332.176
219655;01/09/2018 12.55;2.441.782;50.651.039.123.535.200;52.126.740.000.000.000;45.095.485.687.255.800;6.314.814.453.125;7.916.856;151.548;1.697.772;1.590.712;15.270.539.999.999.900;4.014.928;2.162.601;3.661.903;1.288.833;4.192.203;;467.041;4.581.767;2.457.736;6.786.851;4.058.316;8.965.109;544.89;1.109.704;6.108.889;6.977.663;8.038.525;4.427.779;8.104.623;4.865.121;6.694.445;8.734.374;8.792.514;4.762.382;250.077;5.286.708;7.962.578;16.299.970.000.000.000;55.208.330.000.000.000;3.359.375;7.421.875;3.515.625;34.375;4.296.875;1.536.458;6.423.611;6.655.093.000.000.000;4.947.917;3.023.727;1.704.282;;2.372.685
219656;01/09/2018 12.56;2.430.961;5.065.104;5.217.014;45.095.490.000.000.000;6.370.369.873.046.880;7.938.365.999.999.990;150.897;1.688.368;1.590.712;1.538.628;4.020.213;2.092.976;3.727.605;12.823.210.000.000.000;4.217.421;;4.616.035;46.987.300.000.000.000;2.628.059;6.740.107;4.064.543;8.946.112;5.418.787;11.091.989.999.999.900;6.096.626;6.990.749;7.979.059;4.179.333;7.914.854;4.961.036;6.717.593;8.927.083;8.940.239;4.816.863;2.494.674;5.423.326;7.984.377;00.00;55.989.580.000.000.000;3.411.458;7.213.541;3.515.625;34.375;4.270.833;1.420.718;6.423.611;6.799.769;49.189.820.000.000.000;3.038.195;1.739.005;;2.375.579
219657;01/09/2018 12.57;2.438.831;5.060.764;52.126.740.000.000.000;4.513.889;6.262.327;8.108.564;150.897;1.692.708;1.590.712;1.540.075;400.315;20.194.979.999.999.900;3.722.521;12.827.539.999.999.900;4.196.366;;46.562.199.999.999.900;4.649.545;2.542.865;6.755.574;4.055.101;8.938.337;544.294;1.107.519;6.089.957;7.030.431;7.977.068;4.286.441;8.041.899;4.972.986;6.847.222;8.864.583;9.183.399;4.864.577;2.517.736;5.438.143;7.992.123;4.106.117;56.25.00;3.489.583;7.161.458;3.541.666;34.375;421.875;1.322.338;6.481.481;6.857.639;49.189.820.000.000.000;2.983.217;1.814.236;;2.375.579
219658;01/09/2018 12.58;2.430.961;50.607.635.498.046.800;5.208.333;45.138.885.498.046.800;6.356.481;7.981.278;150.463;1.692.708;1.584.925;1.540.075;39.828.379.999.999.900;20.527.839.999.999.900;3.772.615;1.281.168;4.228.143;;4.643.881;4.555.302;24.683.650.000.000.000;6.767.093;4.070.987;8.978.181;5.423.619;1.113.999;6.140.615;7.020.495;7.986.713;4.268.695;7.953.873;4.946.506;6.824.074;8.859.374;9.003.567;4.788.275;2.533.963;5.387.488;7.939.285;00.00;55.989.580.000.000.000;3.567.708;7.161.458;3.515.625;34.375;4.192.708;1.264.468;6.568.287;6.915.509;49.189.820.000.000.000;2.942.708;1.834.491;;2.390.046
219659;01/09/2018 12.59;2.438.831;50.607.635.498.046.800;520.833.320.617.676;45.138.885.498.046.800;6.370.369.999.999.990;8.003.477;1.511.863;1.688.368;1.584.925;1.535.012;393.611;2.061.149;3.704.045;1.285.442;4.212.137;;4.653.104;46.254.900.000.000.000;2.547.498;677.431;4.066.103;8.950.142;5.438.493;1.109.651;6.125.784;7.001.356;8.040.529;4.276.047;8.097.827;4.928.261;6.814.814;9.343.749;8.617.242;4.764.566;2.488.813;5.430.527;7.957.969;0.31928470000000003;5.572.916;3.697.916;71.875;3.515.625;34.375;4.192.708;119.213;7.002.315;697.338;49.189.820.000.000.000;2.928.241;1.848.958;;240.162
219660;01/09/2018 13.00;24.348.959.999.999.900;5.060.764;52.126.740.000.000.000;45.138.885.498.046.800;6.265.046;7.561.275;1.511.863;1.688.368;1.585.648;1.535.012;4.027.875;2.080.825;3.635.715;128.287;420.833;;4.661.714;4.643.998;256.723;6.756.972;4.059.684;8.958.975;5.408.618;1.109.372;6.106.295;7.025.898;8.028.480.000.000.000;3.843.291;8.075.944;4.864.128;7.287.037;9.328.124;8.912.607;4.839.047;2.486.091;553.225;8.177.701;2.605.559;55.208.330.000.000.000;3.958.333;7.161.458;3.489.583;3.489.583;419.270.820.617.676;1.148.727;7.841.435;7.002.315;5.034.722;2.954.283;1.979.167;;2.416.088
219661;01/09/2018 13.01;24.348.959.999.999.900;5.060.764;52.126.740.000.000.000;45.138.885.498.046.800;6.265.046;7.561.275;1.511.863;1.688.368;1.585.648;1.535.012;4.027.875;2.080.825;3.635.715;128.287;420.833;;4.661.714;4.643.998;256.723;6.756.972;4.059.684;8.958.975;5.408.618;1.109.372;6.106.295;7.025.898;8.028.480.000.000.000;3.843.291;8.075.944;4.864.128;7.287.037;9.328.124;8.912.607;4.839.047;2.486.091;553.225;8.177.701;2.605.559;55.208.330.000.000.000;3.958.333;7.161.458;3.489.583;3.489.583;419.270.820.617.676;1.148.727;7.841.435;7.002.315;5.034.722;2.954.283;1.979.167;;2.416.088
219662;01/09/2018 13.02;24.398.150.000.000.000;50.564.240.000.000.000;52.126.740.000.000.000;45.138.885.498.046.800;6.247.685;7.485.072;15.198.210.000.000.000;1.693.432;15.820.310.000.000.000;15.270.539.999.999.900;3.902.048;20.428.829.999.999.900;3.639.035;1.285.459;4.201.414;;4.650.028;4.674.313;2.585.397;6.766.701;4.056.323;8.904.857;5.425.444;1.105.743;609.386;7.037.488;8.014.075;4.018.672;8.044.498;5.042.616;6.439.814;8.911.458;9.315.421;491.157;2.501.165;5.418.633;8.125.347;2.355.825;55.208.330.000.000.000;4.166.666;6.927.083;3.489.583;3.489.583;4.192.708;1.128.472;7.841.435;7.118.056;5.092.593;3.015.046;1.999.421;;2.427.662
219663;01/09/2018 13.03;2.429.977;50.564.235.687.255.800;5.217.014;45.138.885.498.046.800;6.318.287;744.895;1.496.672;1.692.708;15.993.920.000.000.000;1.535.012;394.711;2.106.118;3.657.884;1.284.832;4.205.499;;4.615.599;46.958.099.999.999.900;2.621.746;6.748.428;4.066.904;8.910.875;5.421.382;11.045.510.000.000.000;6.081.171;6.988.777;8.026.614;4.216.895;8.046.153;487.097;6.689.814;9.255.208;9.267.318;4.887.408;2.531.276;5.443.701;8.106.688;0.003393363;55.989.580.000.000.000;4.322.916;68.75;3.515.625;3.515.625;4.140.625;1.114.005;7.725.694;708.912;503.472.213.745.117;3.110.533;1.912.616;;2.445.023
219664;01/09/2018 13.04;2.438.831;50.564.235.687.255.800;52.126.740.000.000.000;45.138.885.498.046.800;6.390.046;7.360.755.999.999.990;150.897;1.692.708;1.594.329;1.544.415;3.951.075;2.120.564;3.794.267;1.280.772;4.197.168;;46.625.199.999.999.900;4.583.304;25.049.080.000.000.000;6.767.192;4.054.778;8.992.896;5.450.188;1.107.163;6.104.044;6.994.011;7.995.957;4.437.575;8.013.539.999.999.990;5.020.009;6.620.369.999.999.990;8.916.666;9.187.255;4.860.393;2.512.879;5.512.715;8.136.823;0.01538697;5.651.041;4.401.041;6.744.791;3.515.625;3.515.625;4.088.541;1.085.069;7.638.889;7.002.315;4.976.852;3.185.764;1.834.491;;2.465.278
219665;01/09/2018 13.05;2.433.912;50.564.240.000.000.000;52.126.740.000.000.000;45.138.885.498.046.800;6.304.398;7.359.308;150.897;1.688.368;1.598.669;1.544.415;3.921.578;2.091.844;3.809.787;1.283.662;4.209.038;;4.644.987;4.691.056;2.621.226;6.761.505;4.064.279;8.928.654;5.418.613;1.105.238;6.096.195;7.020.666;8.001.144;4.970.128;7.801.488;4.869.394;6.273.148;8.416.666;9.042.221;4.857.013;2.486.386;5.361.053;8.098.704;00.00;5.651.041;4.427.083;65.625;3.541.666;3.541.666;4.088.541;1.059.028;7.667.824;6.944.444;49.768.516.540.527.200;3.237.847;1.756.366;;2.476.852
219666;01/09/2018 13.06;2.438.831;5.052.083;5.217.014;45.138.885.498.046.800;6.301.331;7.360.506;151.548;1.692.708;1.605.903;15.270.539.999.999.900;3.885.938;2.016.817;3.851.035;1.282.367;4.194.164;;461.467;4.565.403;2.474.437;6.772.301;4.052.822;8.948.856;5.444.234;1.111.233;6.125.694;7.032.016;8.023.614;5.377.497;8.071.974;5.273.732;6.805.555;8.536.458;8.972.369;4.786.668;2.398.362;5.192.357;7.978.518;75.750.399.999.999.900;5.651.041;4.427.083;6.432.291;3.541.666;3.515.625;4.036.458;1.041.667;7.667.824;6.857.639;4.976.852;3.266.783;1.695.602;;2.473.958
219667;01/09/2018 13.07;24.368.630.000.000.000;505.208.320.617.676;5.225.694;45.138.885.498.046.800;6.285.880.000.000.000;7.226.339;15.198.210.000.000.000;1.692.708;1.590.712;15.364.579.999.999.900;3.851.863;1.986.819;3.872.399;128.951;4.212.379;;4.642.018;47.320.599.999.999.900;26.579.099.999.999.900;6.760.818;4.041.747;8.941.857;5.403.157;1106.49.00;6.098.043;7.026.526;8.010.948;5.419.905;7.966.466;4.887.975;6.629.630.000.000.000;8.302.083;8.949.860.000.000.000;4.799.594;2.324.474;5.073.564;7.877.109;1.019.218;5.651.041;453.125;63.802.080.000.000.000;3.541.666;3.515.625;4.036.458;1.047.454;7.638.889;6.915.509;5.034.722;3.284.143;1.675.347;;2.447.917
219668;01/09/2018 13.08;24.368.630.000.000.000;505.208.320.617.676;522.569.427.490.234;4.513.889;6.287.037;721.453;1.511.863;1.692.708;15.950.520.000.000.000;15.364.579.999.999.900;3.863.409;1.965.731;382.135;1.283.517;4.205.438;;4.632.726;4.632.885;25.426.599.999.999.900;6.757.903;4.057.056;8.921.534;5.398.298;1.105.132;6.073.144;6.997.664;7.983.245;5.707.645;8.121.982;4.970.139;6.805.555;8.927.083;8.920.372;4.763.615;2.395.234;5.154.152;794.561;00.00;56.25.00;4.583.333;640.625;3.567.708;3.541.666;4.010.416;1.059.028;7.667.824;6.857.639;503.472.213.745.117;3.315.972;1.663.773;;244.213
219669;01/09/2018 13.09;2.438.831;5.052.083;522.569.427.490.234;4.518.229;6.379.630.000.000.000;7.175.576;150.897;1.692.708;1.590.712;1.538.628;3.890.227;1.984.445;3.752.874;12.841.569.999.999.900;4.206.027;;4.621.755;4.513.644;2.437.264;6.771.364;4.049.523;8.964.542;5.433.729;1.108.438;6.107.355;7.021.086;8.043.489;6.321.722;8.061.552;5.025.665;6.833.333;8.677.083;8.918.480.000.000.000;4.776.705;2.430.198;5.161.594;7.917.161;7.217.844;5.572.916;4.557.291;6.536.458;3.567.708;3.567.708;4.010.416;1.061.921;7.725.694;6.828.703;5.034.722;3.344.908;1.655.093;;2.416.088
219670;01/09/2018 13.10;2.430.961;50.434.020.000.000.000;522.569.427.490.234;45.182.289.123.535.200;6.288.195;6.989.635;150.463;1.688.368;1.584.925;1.535.012;39.846.309.999.999.900;192.156;3.659.328;1.281.767;4.182.506;;4.622.283;4.609.115;2.525.303;6.758.926;4.069.574;8.957.733;5.424.327;1.106.253;6.107.687;6.997.532;7.978.995;6.400.771;8.191.984;5.139.283;6.833.333;8.234.374;8.777.556;4.774.343;2.502.309;5.259.878;7.815.272;0.33714740000000004;5.572.916;4.479.166;6.640.625;3.619.791;3.567.708;4.036.458;104.456;8.072.916;6.799.769;5.063.657;3.353.588;166.088;;2.404.514
219671;01/09/2018 13.11;24.368.630.000.000.000;50.434.024.810.790.900;5.225.694;45.182.289.123.535.200;6.361.111;7.210.946;150.897;1.692.708;1.594.329;1.535.012;3.972.173;19.045.920.000.000.000;35.928.340.000.000.000;1.283.515;42.043.699.999.999.900;;4.617.805;4.659.785;25.626.889.999.999.900;6.751.253;4.045.223;8.924.384;5.430.709;1.108.028;6.083.486;6.990.269;7.949.946;6.723.114;805.645;5.073.761;6.925.926;9.093.749;8.695.612;4.549.987;2.550.977;5.511.781;7.953.136;0.015808700000000002;55.208.330.000.000.000;453.125;6.744.791;3.619.791;3.567.708;4.036.458;1.024.306;8.420.139;6.828.703;5.208.333;3.370.949;1.678.241;;2.387.153
219672;01/09/2018 13.12;2.433.912;50.434.024.810.790.900;5.217.014;45.182.289.123.535.200;6.310.186;731.722;150.463;1.692.708;1.594.329;1.535.012;4.042.407;19.456.670.000.000.000;357.971;1.285.483;4.208.967;;4.634.023;4.665.183;2.584.877;6.758.081;4.069.239;8.933.853;5.415.363;1.112.234;6.106.038;6.932.748;7.994.986;6.573.812;8.059.709;5.014.379;6.833.333;8.953.124;8.716.491;4.651.507;255.674;5.476.976;7.934.606;7.961.578;55.208.330.000.000.000;4.557.291;6.796.875;3.645.833;3.567.708;40.625;1.030.093;8.883.102;6.770.834;5.179.398;333.912;1.747.685;;2.358.218
219673;01/09/2018 13.13;2.438.831;50.434.024.810.790.900;5.225.694;45.182.289.123.535.200;6.396.991;7.346.601;150.463;1.692.708;1.598.669;1.538.628;4.109.875;19.722.070.000.000.000;3.514.835;1.281.845;4.211.567;;4.628.048;4.647.992;2.560.675;6.758.895;4.063.577;8.924.567;5.438.771;1.107.869;6.081.869;6.997.539.999.999.990;7.991.144;6.414.091;8.084.319;4.940.024;6.902.778;8.953.124;8.932.431;4.490.981;2.491.554;5.410.455;7.970.013;0.9411050999999999;5.494.791;4.583.333;6.822.916;3.645.833;3.619.791;40.625;1.047.454;9.403.935;6.655.093.000.000.000;5.092.593;3.342.014;1.863.426;;2.335.069
219674;01/09/2018 13.14;2.438.831;50.434.020.000.000.000;522.569.427.490.234;45.182.289.123.535.200;6.337.962.646.484.380;7.336.503;1.511.863;1.692.708;1.584.925;1.530.671;4.264.832;1.979.221;3.532.832;1.282.875;419.715;;4.637.774;4.523.972;2.431.743;6.759.225;404.481;8.951.346;5.401.865;1.110.493;6.071.667;7.019.074;8.046.508;6.469.523;8.026.489.999.999.990;5.287.007;687.05.00;9.046.874;8.983.591;4.600.947;243.695;5.422.173;8.021.741;00.00;546.875;4.609.375;7.005.208;3.645.833;3.645.833;40.625;1.053.241;9.809.028;6.655.093.000.000.000;509.259.262.084.961;3.385.417;1.929.977;;2.329.282
219675;01/09/2018 13.15;24.348.959.999.999.900;5.039.062;5.225.694;45.182.289.123.535.200;6.283.564;7.416.425;150.897;1.692.708;16.030.089.999.999.900;1.530.671;4.287.689;2.042.922;3.578.153;128.676;4.200.005;;4.659.973;455.599;2.471.521;6.767.023;4.053.518;8.973.762;5.428.275;1.111.089;6.089.169.999.999.990;7.007.914;8.010.568;6.552.198;8.097.855;5.057.858;7.037.037;9.151.041;909.63;46.277.099.999.999.900;2.343.252;5.349.512;8.173.225;8.920.869.999.999.990;5.390.625;4.583.333;7.135.416;3.645.833;3.671.875;4.088.541;104.456;9.982.639;6.684.028;5.092.593;3.399.884;2.068.866;;2.355.324
219676;01/09/2018 13.16;2.438.831;5.039.062;5.217.014;45.182.289.123.535.200;6.324.074;7.622.773.000.000.000;150.897;1.683.304;1.581.308;1.544.415;44.346.270.000.000.000;205.006;3.620.755;12.882.060.000.000.000;4.219.455;;4.682.053;4.615.202;2.553.918;6.751.063;4.058.819;8.957.367;5.410.136;11.112.169.999.999.900;6.095.818;7.004.388;7.994.556;6.621.010.000.000.000;8.136.846;5.081.849;6.898.148;9.401.041;8.984.114;4.723.714;2.313.498;5.247.512;8.132.681;2.917.785;5.338.541;453.125;7.213.541;3.645.833;3.671.875;4.140.625;1.053.241;1.009.838;6.626.156.999.999.990;4.976.852;3.385.417;2.146.991;;2.398.727
219677;01/09/2018 13.17;24.319.450.000.000.000;5.034.722;5.225.694;45.182.289.123.535.200;6.475.695;7.440.016;150.463;1.692.708;1.594.329;1.538.628;4.561.057;2.057.272;3.631.119;12.951.239.999.999.900;4.207.796;;4.631.511;4.575.767;2.480.584;6.749.543;4.073.665;8.912.855;5.411.616;1.106.897;6.096.012;7.000.286;8.046.081;7.058.413;797.539;4.947.686;6.759.259;9.140.624;8.823.562;4.783.588;2.367.107;5.145.859;8.155.985;1.612.795;53.125;4.427.083;7.213.541;3.619.791;3.697.916;4.166.666;1.009.838;1.015.625;6.568.287;4.976.852;3.405.671;2.233.796;;245.081
219678;01/09/2018 13.18;24.368.630.000.000.000;5.039.062;5.234.375;45.182.289.123.535.200;6.336.805.419.921.880;7.483.006;15.010.129.999.999.900;1.692.708;1.584.925;15.364.579.999.999.900;46.33.00;20.679.470.000.000.000;357.424;1.293.192;4.192.468;;462.413;4.745.442;2.676.215;6.771.248;4.060.161;8.973.586;5.415.655;1.110.589;6.089.969;7.010.488;8.031.144;7.175.868;7.925.632;5.041.483;6.907.407;8.989.583;9.003.271;47.493.800.000.000.000;2.353.295;5.141.223;8.110.634;872.797;5.260.416;4.348.958;7.057.291;3.619.791;3.671.875;41.666.664.123.535.200;9.866.898;1.041.667;6.568.287;49.189.820.000.000.000;3.362.268;2.326.389;;2.485.532
219679;01/09/2018 13.19;2.430.961;50.390.621.185.302.700;52.343.746.185.302.700;45.182.289.123.535.200;6.241.898;7.521.395;15.198.210.000.000.000;1.699.219;1.602.286;15.277.779.999.999.900;4.806.129;2.099.377;3.499.326;1.291.718;42.039.099.999.999.900;;4.646.619;4.757.308;268.534;6.791.556;4.071.516;8.939.492;543.331;1.114.059;6.141.662;6.967.215;7.979.296;7.046.893;8.029.067;5.096.722;6.921.296;8.807.291;8.847.625;4.800.836;2.344.389;5.143.846;7.948.857;1.739.937;5.338.541;4.322.916;6.822.916;3.567.708;3.697.916;41.666.664.123.535.200;1.009.838;1.056.134;6.568.287;4.832.176;33.883.099.999.999.900;2.384.259;;2.523.148
219680;01/09/2018 13.20;2.438.831;5.039.062;52.343.746.185.302.700;4.518.229;6.337.963;7.560.358.000.000.000;1.511.863;1.692.708;1.594.329;1.547.309;4.752.982;2.190.348;3.572.377;1.288.768;4.216.845;;4.626.828;4.608.824;2.532.845;6.768.483;4.061.574;8.962.839;5.431.265;1.110.133;6.099.352;7.006.849;8.028.644;7.208.556;815.409;5.159.725;6.847.222;8.994.791;9.119.752;4.770.065;2.265.788;5.068.766;7.923.135;2.348.408;546.875;4.322.916;6.640.625;3.619.791;3.697.916;4.166.666;1.038.773;1.053.241;6.712.963;4.803.241;34.288.199.999.999.900;2.407.407;;2.566.551
219681;01/09/2018 13.21;24.368.630.000.000.000;5.034.722;52.343.746.185.302.700;4.522.569;6.338.715;7.406.142;1.511.863;1.688.368;1.606.626;1.543.692;4.862.631;2.135.966;3.553.925;1.297.005;4.209.822;;463.551;4.649.834;2.573.517;6.780.839;4.063.465;8.949.979;5.446.323;11.136.889.999.999.900;614.057;7.002.531;7.994.052;7.378.915;7.966.949;5.064.175;6.555.555;9.088.541;9.152.557;4.832.103;2.264.197;5.023.569;7.818.084;0.002127756;55.208.330.000.000.000;421.875;6.536.458;3.671.875;3.697.916;4.140.625;1.073.495;1.027.199;6.828.703;4.774.306;3.478.009;2.436.343;;2.595.486
219682;01/09/2018 13.22;24.348.959.999.999.900;503.472.213.745.117;52.343.746.185.302.700;452.256.927.490.234;62.824.072.265.625;72.98;15.010.129.999.999.900;1.692.708;1.589.265;1.530.671;4.820.619;2.152.255;35.653.940.000.000.000;12.953.289.999.999.900;4.200.368;;4.633.061;4.626.477;2.539.057;6.764.268;4.057.065;8.967.836;5.441.601;11.049.560.000.000.000;6.102.862;7.034.971;8.017.032;7.245.682;8.041.875;5.002.789;6.736.111;9.562.499;9.070.963;4.774.112;2.250.001;4.921.157;7.780.498;0.9515894;55.208.330.000.000.000;4.140.625;6.536.458;3.697.916;3.671.875;421.875;1.061.921;9.722.222;6.915.509;477.430.572.509.766;3.527.199;244.213;;2.589.699
219683;01/09/2018 13.23;2.438.831;503.472.213.745.117;5.234.375;452.256.927.490.234;638.657.409.667.969;7.226.405;151.548;1.699.219;1.589.265;1.543.692;480.783;222.189;3.586.923;1.279.815;4.222.618;;4.636.923;4.626.144;2.536.034;6.739.647;4.054.322;8.916.399;5.429.772;1.103.994;612.521;6.975.904;7.936.201;7.314.237;794.312;5.220.096;6.592.593;9.249.999;9.125.735;4.894.913;2.312.412;496.667;7.746.636;1.079.284;5.494.791;4.036.458;6.510.416;3.697.916;3.671.875;4.296.875;1.027.199;9.172.453;6.944.444;477.430.572.509.766;3.599.537;2.485.532;;26.070.599.999.999.900
219684;01/09/2018 13.24;24.270.259.999.999.900;503.472.213.745.117;5.230.035;452.256.927.490.234;6.427.083;7.237.046;1.511.863;1.693.432;1.594.329;1.535.012;4.880.558;223.816;3.656.901;12.851.939.999.999.900;4.208.734;;4.635.313;4.554.814;2.464.983;6.754.921;4.040.208;8.937.151;5.436.099;1.111.775;6.202.212;6.966.239;8.001.876;7.123.477;8.093.137;4.962.815;6.583.333;9.296.874;9.059.114;4.790.445;2.304.731;4.975.775;7.767.454;0.6078547;5.390.625;3.958.333;6.510.416;3.671.875;3.645.833;4.322.916;9.809.028;865.162;6.857.639;477.430.572.509.766;3.686.342;250.00.00;;264.757
219685;01/09/2018 13.25;2.438.831;503.472.213.745.117;5.230.035;452.256.927.490.234;6.258.102;7.583.933;1.511.863;1.688.368;1.598.669;1.538.628;47.396.679.999.999.900;2.224.176;37.517.520.000.000.000;1.286.232;4.205.471;;4.635.613;473.335;2.651.063;6.775.218;4.038.696;8.942.519;5.411.384;1.110.319;6.096.274;7.041.507;7.974.474;7.222.472;7.998.480.000.000.000;4.821.971;6.824.074;9.369.791;8.954.086;4.893.544;2.359.766;499.02.00;7.685.136;2.731.497;53.125;3.828.125;6.484.375;3.645.833;3.645.833;4.348.958;9.230.324;8.246.528;6.799.769;4.774.306;3.773.148;2.491.319;;2.676.505
219686;01/09/2018 13.26;2.433.912;5.034.722;5.234.375;452.256.927.490.234;6.396.991;7.619.984.000.000.000;1.496.672;1.688.368;15.950.520.000.000.000;1.535.012;4.608.856;2.236.727;3.823.237;128.589;4.199.267;;4.662.702;4.564.072;24.721.319.999.999.900;676.118;4.042.195;8.993.176;5.425.862;1.103.924;6.080.401;7.009.778;7.973.933;7.316.867;800.666;525.816;674.074;8.963.541;902.072;491.657;2.354.438;5.176.066;7.728.195;7.580.692;5.208.333;37.05.00;65.625;3.645.833;3.671.875;4.401.041;8.680.556;7.928.241;6.655.093.000.000.000;474.537;3.790.509;2.502.894;;27.054.400.000.000.000
219687;01/09/2018 13.27;24.368.630.000.000.000;5.030.382;52.343.746.185.302.700;452.256.927.490.234;6.306.713;7.590.405;1.511.863;1.692.708;1.585.648;1.540.075;454.434;2.197.925;3.831.491;1.294.078;4.205.237;;4.648.124;4.578.412;249.145;6.794.169;4.070.808;8.937.566;5.418.279;1.110.614;6.093.662;7.038.872;8.027.148;7.866.466;8.061.729;5.041.893;6.745.369.999.999.990;8.651.041;8.958.002;4.914.554;243.454;5.281.864;7.762.646;0.1308503;5.078.125;3.645.833;6.692.708;3.619.791;3.619.791;44.010.414.123.535.200;8.159.722;7.638.889;6.510.416;46.875;3.787.616;2.517.361;;2.725.695
219688;01/09/2018 13.28;2.438.831;503.038.177.490.234;5.234.375;452.256.927.490.234;6.295.139;7.301.355;1.511.863;1.697.772;1.594.329;1.543.692;44.782.959.999.999.900;22.467.570.000.000.000;3.863.257;1.292.712;4.200.097;;4.616.877;4.688.529;2.600.241;6.741.431;4.055.286;8.899.603;5.402.762;1.102.267;6.100.565;6.982.488;7.960.172;7.671.139;7.948.331;5.068.257;6.689.814;9.031.249;9.160.803;4.979.192;2.400.901;5.178.226;7.813.116;0.009278288;4.973.958;3.619.791;6.770.833;3.567.708;3.567.708;44.010.414.123.535.200;7.696.759;7.349.537;6.394.676;46.875;3.764.467;2.465.278;;2.737.268
219689;01/09/2018 13.29;24.368.630.000.000.000;503.038.177.490.234;5.238.715;452.256.927.490.234;6.293.981;7.128.661;151.548;1.683.304;1.594.329;1.531.395;44.467.240.000.000.000;22.756.999.999.999.900;39.103.359.999.999.900;1.288.382;4.200.097;;4.616.877;4.688.529;2.600.241;6.741.431;4.055.286;8.899.603;5.402.762;1.102.267;6.100.565;6.982.488;7.960.172;7.671.139;7.948.331;5.068.257;6.689.814;9.031.249;9.160.803;4.979.192;2.400.901;5.178.226;7.813.116;0.009278288;4.869.791;3.645.833;6.770.833;3.541.666;3.567.708;44.010.414.123.535.200;7.349.537;7.002.315;6.365.741;46.875;3.729.745;2.358.218;;2.751.736
219690;01/09/2018 13.30;2.438.831;503.038.177.490.234;5.247.396;452.256.927.490.234;642.361.083.984.375;7.087.749.000.000.000;150.897;1.683.304;1.584.925;15.277.779.999.999.900;4.418.892;2.244.593;3.920.511;12.929.039.999.999.900;4.209.674;;4.638.091;4.665.099;2.593.354;6.759.838;4.065.751;8.927.942;5.415.961;11.033.980.000.000.000;6.082.859;6.981.264;7.982.429;7.801.992;8.020.634;5.030.149;6.851.852;9.276.041;9.018.144;4.924.885;2.500.879;5.443.969.999.999.990;7.948.839.999.999.990;12.234.049.999.999.900;4.817.708;3.697.916;6.692.708;3.515.625;3.619.791;44.010.414.123.535.200;697.338;6.799.769;6.423.611;46.875;3.677.662;2.282.986;;27.633.099.999.999.900
219691;01/09/2018 13.31;2.429.977;503.038.177.490.234;5.238.715;452.256.927.490.234;646.643.493.652.344;6.984.049;1.511.863;1.683.304;1.594.329;1.535.012;447.447;22.047.639.999.999.900;3.937.025;1.282.046;4.191.906;;4.667.843;4.514.543;2.414.385;6.756.617;4.059.204;8.964.544;5.394.753;1.108.348;6.063.421;7.005.753;7.998.674;7.660.149;803.77;488.892;7.069.445;9.135.416;8.991.867;49.136.199.999.999.900;2.482.269;5.377.094;7.829.927;137.959;4.713.541;3.697.916;6.770.833;3.489.583;3.619.791;44.010.414.123.535.200;6.712.963;6.626.156.999.999.990;6.510.416;474.537;3.631.366;2.204.861;;2.769.097
219692;01/09/2018 13.32;2.438.831;5.030.382;5.238.715;452.256.927.490.234;631.712.951.660.156;7.205.238;151.548;1.688.368;1.584.925;1.538.628;446.325;2.272.186;4.014.225;1.283.869;4.209.698;;4.609.735;4.659.932;25.758.799.999.999.900;6.767.819.999.999.990;4.058.408;8.942.042;543.355;1.108.857;6.098.633;7.020.641;8.004.218;7.883.117;8.074.379;5.005.476;6.925.926;9.036.458;9.204.205;4.880.497;2.500.903;5.367.103;7.992.175;15.522.110.000.000.000;46.875;3.645.833;6.640.625;34.375;3.619.791;4.401.041;6.510.416;6.481.481;6.655.093.000.000.000;47.453.704.833.984.300;3.614.005;2.103.588;;27.546.299.999.999.900
219693;01/09/2018 13.33;2.433.912;50.217.009.999.999.900;5.247.396;452.256.927.490.234;6.290.509.033.203.130;7.286.855;1.520.544;1.688.368;16.124.129.999.999.900;1.540.075;4.414.606;2.165.034;4.044.397;1.287.703;4.200.757;;4.640.814;4.677.996;2.604.349;6.763.325;4.056.366;8.944.348;5.418.775;1.109.287;608.742;6.976.507;8.018.051;7.764.857;8.152.903;486.38.00;7.060.185;9.401.041;9.131.454;4.823.141;2.510.816;542.974;7.990.096;9.607.163;4.661.458;3.619.791;6.614.583;34.375;3.619.791;442.708.320.617.676;6.365.741;6.278.935;6.712.963;474.537;3.573.495;2.016.782;;2.740.162
219694;01/09/2018 13.34;24.368.630.000.000.000;50.217.010.498.046.800;524.739.570.617.676;452.256.927.490.234;62.199.072.265.625;7.326.249;151.548;1.693.432;1.590.712;1.535.012;43.270.309.999.999.900;2.176.089;40.315.329.999.999.900;1.288.873;4.212.139;;46.499.300.000.000.000;4.675.079;2.595.048;6.766.489;40.544.300.000.000.000;8.937.355;5.423.524;1.106.096;6.105.034;6.993.867;803.508;7.762.162;7.941.392;5.079.639;6.768.519;9.374.999;8.991.984;4.884.551;2.525.667;5.518.812;8.012.913;12.241;4.609.375;3.541.666;6.536.458;3.411.458;3.567.708;4.453.125;62.05.00;6.105.324;6.770.834;46.875;35.445.599.999.999.900;1.921.296;;2.760.417
219695;01/09/2018 13.35;2.438.831;50.217.010.498.046.800;5.247.396;452.256.927.490.234;628.587.951.660.156;7.120.156;1.511.863;1.692.708;1.602.286;1.544.415;4.233.273;21.392.020.000.000.000;4.021.735;1.288.278;4.188.719;;4.639.266;4.654.633;25.724.080.000.000.000;6.786.331;4.066.765;8.990.762;5.458.058;1.109.427;6.108.286;6.989.346;8.002.888;7.626.142;7.995.497;5.061.006;6.523.148;9.239.583;8.556.337;486.167;2.551.809;5.550.883;8.046.562;0.005524556999999999;4.583.333;3.489.583;6.484.375;3.411.458;3.567.708;442.708.320.617.676;6.221.065;59.606.480.000.000.000;6.770.834;4.658.565;3.599.537;1.834.491;;2.769.097
219696;01/09/2018 13.36;24.368.630.000.000.000;50.217.009.999.999.900;5.238.715;4.522.569;6.291.666;7.114.791;1.511.863;1.697.772;1.589.265;15.364.579.999.999.900;4.230.622;2.077.412;4.058.352;12.759.830.000.000.000;4.211.336;;4.633.795;460.598;2.527.457;676.278;4.055.312;8.929.291;5.407.804;1107.28.00;6.109.122;6.982.937;7.993.733;7.480.927;7.954.767;5.067.269;6.837.963;9.249.999;9.243.358;4.894.706;248.782;5.435.419.999.999.990;8.005.458;27.576.400.000.000.000;4.583.333;34.375;6.614.583;3.411.458;3.541.666;4.401.041;6.221.065;5.902.778.000.000.000;6.770.834;4.658.564.758.300.770;369.213;1.753.472;;27.546.299.999.999.900
219697;01/09/2018 13.37;2.438.831;5.017.361;5.238.715;4.522.569;6.356.481;7.121.240.999.999.990;151.548;1.688.368;1.589.265;1.535.012;41.685.359.999.999.900;1.993.016;4.049.893;1.275.714;4.205.922;;4.622.024;4.652.782;2.563.617;6.777.068;4.072.856;8.866.977;5.383.811;11.068.110.000.000.000;6.093.471;6.994.219;7.946.471;7.318.634;7.991.794;5.034.559;6.967.593;9.473.958;9.146.718;4.906.899;2.480.388;5.446.319;8.012.576;1.296.598;453.125;3.385.416;6.901.041;3.385.416;3.515.625;4.401.041;62.05.00;5.902.778.000.000.000;6.857.639;4.658.564.758.300.770;3.935.185;171.875;;2.734.375
219698;01/09/2018 13.38;2.428.993;50.173.610.687.255.800;5.251.736;4.518.229;638.888.916.015.625;6.957.694.000.000.000;150.463;1.688.368;1.581.308;1.535.012;4.196.593;191.947;3.959.234;127.724;4.196.005;;46.426.800.000.000.000;4.610.241;25.270.639.999.999.900;6.783.214;4.057.005;8.907.399;5.417.577;1.108.536;6.099.865;6.985.562;7.980.126;7.393.166;8.012.192;5.107.224;6.763.889;9.109.374;9.223.726;4.985.034;2.438.929;5.418.351;8.121.080.000.000.000;28.616.870.000.000.000;4.479.166;3.359.375;703.125;3.359.375;3.515.625;4.427.083;6.336.805;5.902.778.000.000.000;7.002.315;4.658.564.758.300.770;406.25.00;1.736.111;;27.054.400.000.000.000
219699;01/09/2018 13.39;24.368.630.000.000.000;50.173.610.687.255.800;52.517.360.687.255.800;45.182.289.123.535.200;6.254.630.000.000.000;7.155.849;150.463;1.699.219;15.950.520.000.000.000;1.531.395;4.223.483;1.832.253;4.000.257;1.278.777;4.212.954;;4.627.133;4.640.026;2.556.275;6.722.253;406.014;8.944.634;5.406.628;1107.97;6.091.898;693.868;7.952.919.999.999.990;6.755.649;7.948.162;4.752.281;6.638.889;9.265.624;9.168.094;4.976.603;2.386.421;5.172.488;8.002.869.999.999.990;2.448.039;4.609.375;328.125;7.213.541;3.385.416;3.489.583;4.401.041;6.365.741;5.902.778.000.000.000;708.912;4.658.564.758.300.770;40.711.800.000.000.000;1.820.023;;2.676.505
219700;01/09/2018 13.40;24.319.450.000.000.000;5.017.361;5.251.736;45.182.289.123.535.200;6.335.648;6.950.153;151.548;1.692.708;1.584.925;1.538.628;4.279.591;1.806.316;4.033.847;1.273.219;4.196.931;;4.645.846;4.588.239;24.999.759.999.999.900;6.735.131;4.048.943;9.020.110.000.000.000;5.423.897;1.109.374;6.088.709;6.916.207;7.981.512;6.909.116;8.028.502;4.878.998;6.768.519;9.197.916;9.073.657;4.986.871;2.435.288;5.263.325;8.027.664;24.472.179.999.999.900;4.817.708;328.125;7.421.875;3.411.458;3.489.583;4.401.041;6.510.416;59.317.130.000.000.000;7.204.861;4.658.564.758.300.770;40.538.199.999.999.900;1.857.639;;264.757
219701;01/09/2018 13.41;24.368.630.000.000.000;5.013.021;5.247.396;45.182.289.123.535.200;633.217.590.332.031;6.916.904;15.198.210.000.000.000;1.692.708;1.598.669;1.530.671;4.279.765;1.778.187;40.717.890.000.000.000;1.280.608;4.192.025;;4.615.454;4.710.204;26.242.419.999.999.900;6.755.231;4.066.497;8.966.523;5.422.289;1.102.464;6.103.194;7.052.056;7.999.141;6.906.704;7.965.054;4.843.147;6.708.333;9.192.708;8.549.578;4.816.725;2.543.363;5.435.821;7.963.751;1.211.868;4.973.958;328.125;7.395.833;34.375;3.515.625;4.453.125;6.655.093.000.000.000;6.076.389;7.291.666;4.658.564.758.300.770;40.538.199.999.999.900;1.880.787;;2.635.995
219702;01/09/2018 13.42;24.368.630.000.000.000;501.302.070.617.676;5.247.396;45.182.289.123.535.200;6.332.176;6.916.904;15.198.210.000.000.000;1.692.708;1.598.669;1.530.671;4.279.765;1.778.187;40.717.890.000.000.000;1.280.608;4.220.855;;4.607.984;4.627.685;2.536.998;678.168;404.415;8.958.474;5.414.964;1111.44.00;6.123.778;7.004.169.999.999.990;8.032.009;6.953.848;8.098.026;5.022.274;6.699.074;9.031.249;8.923.276;4.764.533;2.531.396;5.538.788;8.106.768;3.663.321;4.973.958;328.125;7.395.833;34.375;3.515.625;4.453.125;6.655.093.000.000.000;6.076.389;7.291.666;4.658.564.758.300.770;40.538.199.999.999.900;1.880.787;;2.635.995
219703;01/09/2018 13.43;2.438.831;5.013.021;52.560.759.999.999.900;45.182.289.123.535.200;6.251.157;7.134.205;150.897;1.692.708;1.589.265;1.531.395;4.382.455;172.882;4.058.697;1.280.262;4.197.905;;4.604.155;4.637.339;2.549.784;6.739.453;4.066.932;8.926.294;5.412.521;1.101.928;6.090.708;6.999.725;8.002.212;6.910.110.000.000.000;8.138.441;512.625;6.902.778;8.656.249;899.576;4.870.799;2.507.048;5.466.475;7.925.669;13.448.929.999.999.900;5.078.125;3.255.208;7.213.541;3.489.583;3.515.625;442.708.320.617.676;7.002.315;7.060.185;7.407.406.999.999.990;4.658.564.758.300.770;4.152.199;1.863.426;;2.601.273
219704;01/09/2018 13.44;2.440.799;500.868;5.251.736;45.182.289.123.535.200;6.350.695;7.081.182;150.897;1.688.368;1.590.712;1.538.628;4.443.573;170.063;4.014.305;12.835.939.999.999.900;4.186.126;;4.621.923;4.707.512;2.641.496;6.745.005;4.055.567;894.623;5.417.749;1.106.893;6.110.569;6.966.139.999.999.990;7.989.678;6.298.547;8.141.476;50.861.800.000.000.000;6.569.445;8.484.374;9.120.651;4.794.867;2.511.514;5.326.834;7.912.809;2.052.197;5.208.333;3.229.166;7.265.625;3.489.583;3.489.583;4.401.041;7.118.056;8.217.593.000.000.000;7.436.343.000.000.000;4.658.565;4.250.579;1.898.148;;2.581.018
219705;01/09/2018 13.45;2.430.961;500.868.034.362.793;5.251.736;45.182.289.123.535.200;6.344.907;6.882.101;1.511.863;1.692.708;15.950.520.000.000.000;15.364.579.999.999.900;4.539.569;1.707.454;41.031.259.999.999.900;1.283.165;4.191.551;;4.645.753;4.602.773;2.510.208;6.755.151;4.056.098;8.978.568;543.501;1.109.997;6.131.558;7.019.556;8.025.372;6.772.226;7.980.062;504.819;6.986.111;8.473.958;9.103.047;4.721.389;2.519.359;5.365.643;7.954.273;0.21320820000000004;5.338.541;3.255.208;7.291.666;3.515.625;3.489.583;44.010.414.123.535.200;7.233.796;8.998.843.000.000.000;7.494.213;46.875;4.351.852;1.935.764;;2.563.658
219706;01/09/2018 13.46;24.368.630.000.000.000;500.868.034.362.793;52.560.759.999.999.900;45.182.289.123.535.200;6.329.861;7.072.327;1.511.863;1.692.708;1.590.712;1.535.012;45.897.290.000.000.000;17.410.870.000.000.000;39.890.859.999.999.900;1.275.806;4.201.791;;4.645.137;4.681.567;2.598.922;6.771.162;4.067.475;8.984.619;5.437.056;1.111.392;6.092.449;7.002.714;8.009.453;6.729.689;8.042.634;5.041.925;6.722.222;8.510.416;8.917.177;4.677.496;2.553.412;5.529.782;8.057.351;9.084.614;54.427.080.000.000.000;328.125;7.265.625;3.541.666;3.515.625;4.401.041;7.291.666;943.287;7.436.343.000.000.000;46.875;4.302.662;197.338;;2.543.403
219707;01/09/2018 13.47;2.429.977;500.868.034.362.793;5.251.736;45.182.289.123.535.200;6.192.130.000.000.000;7.260.219.000.000.000;1.511.863;1.688.368;1.598.669;1.538.628;46.499.829.999.999.900;1.757.176;3.951.509;12.841.280.000.000.000;4.198.883;;4.692.848;4.593.936;2.512.459;6.802.499;4.062.801;9.040.079;5.457.738;1.109.633;6.103.783;7.049.752;8.019.231;6.546.015;791.992;4.957.327;6.814.814;8.708.333;8.858.838;4.761.772;2.505.169;5.603.327;8.299.925;26.512.629.999.999.900;546.875;3.359.375;71.875;3.567.708;3.567.708;4.427.083;7.291.666;9.664.352;7.407.406.999.999.990;46.875;4.253.472;2.016.782;;2.517.361
219708;01/09/2018 13.48;2.438.831;500.868.034.362.793;52.560.759.999.999.900;45.182.289.123.535.200;6.304.398.193.359.380;7.363.079;15.198.210.000.000.000;1.688.368;1.602.286;1.531.395;4.706.984;178.593;3.916.465;1.292.488;423.963;;4.615.523;4.521.271;2.429.066;6.776.685;4.051.442;8.943.919.999.999.990;5.408.641;1.108.223;6.087.606;7.017.506;7.971.102;6.957.354;8.098.532;5.118.908;7.032.407;8.734.374;905.235;4.802.218;24.947.299.999.999.900;5.563.079;8.204.167;26.407.490.000.000.000;5.572.916;3.411.458;7.213.541;3.619.791;3.619.791;4.427.083;7.349.537;1.001.157;7.407.406.999.999.990;474.537;42.679.400.000.000.000;203.125;;2.491.319
219709;01/09/2018 13.49;24.368.630.000.000.000;500.868;52.560.759.999.999.900;45.182.289.123.535.200;627.083.312.988.281;7.306.033.000.000.000;1.511.863;1.692.708;1.589.265;1.538.628;48.281.659.999.999.900;18.073.829.999.999.900;3.835.302;1.298.837;4.219.013;;4.607.755;454.445;24.438.459.999.999.900;6.749.736;4.070.343;8.898.768;5.418.513;1.103.913;6.094.629;6.950.771;7.980.704;6.720.645;8.069.993;5.038.057;6.976.852;8.901.041;9.016.985;4.697.932;2.543.684;5.413.005;8.158.986;1.886.826;55.989.580.000.000.000;3.411.458;7.708.333;3.645.833;3.645.833;4.453.125;7.233.796;1.015.625;7.407.406.999.999.990;4.774.306;4.314.236;2.042.824;;2.491.319
219710;01/09/2018 13.50;24.348.959.999.999.900;50.00.00;5.251.736;45.182.289.123.535.200;637.962.951.660.156;7.234.668;15.096.929.999.999.900;1.697.772;1.602.286;15.270.539.999.999.900;4.801.914;17.692.339.999.999.900;3.704.133;1.298.398;4.212.735;;4.655.154;4.643.353;2.559.453;6.752.428;4.060.022;8.937.352;5.414.335;11.059.160.000.000.000;6.105.101;6.971.404;7.978.574;6.957.773;7.950.739;4.891.845;6.837.963;9.213.541;9.121.325;4.788.831;2.550.148;5.455.116;8.093.688;8.539.351;5.572.916;3.411.458;796.875;3.645.833;3.619.791;4.583.333;708.912;1.024.306;7.378.472;4.803.241;4.438.658;2.060.185;;2.491.319
219711;01/09/2018 13.51;2.438.831;50.00.00;52.560.759.999.999.900;45.182.289.123.535.200;6.407.407;7.287.747;150.463;1.692.708;15.950.520.000.000.000;1.538.628;4.823.428;1.767.024;3.651.723;12.928.230.000.000.000;4.205.966;;4.650.351;4.704.499;2.623.582;6.743.871;4.063.189;8.897.572;5.424.736;1.104.279;6.099.379;7.018.987;7.994.731;6.632.310.000.000.000;8.016.185;4.924.586;6.671.296;9.479.166;8.968.921;476.832;2.583.302;5.609.364;8.135.322;1.580.627;55.208.330.000.000.000;3.411.458;7.942.708;3.645.833;3.619.791;4.661.458;6.857.639;1.030.093;7.349.537;49.189.820.000.000.000;4.513.889;2.045.718;;2.514.468
219712;01/09/2018 13.52;2.429.977;50.00.00;5.251.736;45.182.289.123.535.200;6.334.491;7.244.759;1.501.736;1.688.368;1.590.712;15.364.579.999.999.900;4.856.711;1.784.396;3.588.908;12.959.489.999.999.900;4.203.644;;4.657.539;4.603.386;2.511.413;6.765.548;4.047.788;895.585;5.430.939;1108.69;6.114.682;7.017.629;7.996.361;7.129.797;7.937.609;4.973.618;6.523.148;9.093.749;9.167.721;4.684.736;2.575.678;5.556.932;8.163.769;0.06896608;54.427.080.000.000.000;3.385.416;7.604.166;3.645.833;3.619.791;4.661.458;6.655.093.000.000.000;1.053.241;7.262.731;4.947.917;4.456.018;2.013.889;;2.534.722
219713;01/09/2018 13.53;24.368.630.000.000.000;50.00.00;5.251.736;4.518.229;6.388.889;7.408.622;150.463;1.692.708;1.584.925;1.538.628;48.483.270.000.000.000;1.830.334;3.601.623;1.295.407;4.208.118;;4.641.431;4.661.578;25.519.119.999.999.900;6.801.423;4.064.738;8.929.912;5.450.316;1.109.289;6.082.678;7.061.998;8.003.337;7.128.564;8.087.582;50.619.800.000.000.000;6.884.259;8.953.124;9.140.958;4.774.524;2.543.215;5.515.967;8.176.671;8.311.002;546.875;3.385.416;7.161.458;3.619.791;3.619.791;4.583.333;6.481.481;1.082.176;7.233.796;4.976.852;43.663.199.999.999.900;2.022.569;;2.531.829
219714;01/09/2018 13.54;2.430.961;50.00.00;5.260.416;45.182.289.123.535.200;633.333.312.988.281;7.453.773.000.000.000;1.511.863;1.688.368;1.605.903;15.234.379.999.999.900;4.931.548;1.851.278;3.554.927;1.296.265;4.204.339;;4.632.288;4.596.421;2.505.188;6.773.403;4.053.447;8.971.363;5.451.255;1.105.098;6.116.005;7.035.777;8.045.086;7.448.184;7.966.466;4.993.145;6.800.926;9.135.416;9.258.366;4.877.298;2.518.132;5.442.614;8.197.971;14.836.789.999.999.900;57.552.080.000.000.000;3.567.708;7.213.541;3.619.791;3.619.791;4.557.291;62.05.00;1.096.644;7.262.731;5.063.657;4.265.046;2.057.292;;2.514.468
219715;01/09/2018 13.55;2.438.831;499.566;5.260.416;45.182.289.123.535.200;632.523.193.359.375;7.597.012;151.548;1.683.304;1.584.925;15.270.539.999.999.900;5.023.795;1.848.935;35.222.120.000.000.000;1.290.835;4.204.572;;46.644.800.000.000.000;4.646.414;2.567.314;6.767.166;4.065.069;8.926.192;5.428.009.999.999.990;1109.43.00;6.102.709;7.017.567;8.017.327;7.578.568;8.031.646;5.010.767;6.708.333;8.890.624;8.681.542;4.842.932;2.438.887;5.352.298;8.239.911;7.488.258;5.885.416;3.671.875;7.838.541;3.645.833;3.671.875;4.583.333;6.076.389;1.090.856;7.291.666;5.179.398;4.137.731;2.074.653;;2.494.213
219716;01/09/2018 13.56;2.438.831;499.565.963.745.117;52.560.759.999.999.900;45.182.289.123.535.200;6.318.287.353.515.630;749.852;150.897;1.697.772;1.584.925;1.540.075;52.783.719.999.999.900;1.881.416;34.666.290.000.000.000;12.852.689.999.999.900;4.204.957;;4.614.341;4.613.069;2.527.487;6.755.154;4.065.219;8.954.609;5.425.697;1.110.888;615.106;6.996.912;8.033.367;8.021.424;8.060.529;504.231;6.949.074;8.828.124;9.018.908;4.831.223;2.422.355;5.268.309;8.202.386;3.065.505;59.114.580.000.000.000;3.645.833;8.333.333;3.671.875;3.697.916;4.791.666;59.317.130.000.000.000;1.087.963;7.291.666;5.353.009;400.463;2.028.356;;2.479.745
219717;01/09/2018 13.57;243.588;499.565.963.745.117;5.260.416;45.182.289.123.535.200;6.322.916.259.765.630;7.425.333;1.511.863;1.697.772;16.124.129.999.999.900;15.509.260.000.000.000;5.067.623;1.953.876;35.120.940.000.000.000;12.910.169.999.999.900;420.01.00;;4.608.377;4.738.724;2.672.841;6.760.467;4.049.172;8.940.347;5.419.767;1.111.274;6.075.582;7.011.533;7.976.234;8.562.059;8.166.179;5.040.002;7.041.666;8.630.208;9.134.902;5.032.606;2.327.501;5.211.541;8.161.655;0.3337516;59.114.580.000.000.000;3.619.791;8.307.291;3.671.875;37.05.00;5.078.125;57.870.369.999.999.900;1.085.069;7.349.537;55.266.204.833.984.300;3.912.037;197.338;;2.485.532
219718;01/09/2018 13.58;2.438.831;499.565.963.745.117;52.604.164.123.535.200;45.182.289.123.535.200;636.226.806.640.625;7.435.958.000.000.000;15.198.210.000.000.000;1.689.091;16.030.089.999.999.900;15.277.779.999.999.900;5.009.612;191.113;34.322.720.000.000.000;1.293.633;4.214.151;;46.195.300.000.000.000;4.488.168;2.386.964;6.758.443;4.051.411;8.950.666;5.419.269;1108.85;6.078.011;7.005.688;7.962.235;8.431.851;8.064.237;5.170.262;6.694.445;9.406.249;921.618;4.960.599;2.397.117;5.148.462;8.156.588;16.902.060.000.000.000;5.885.416;3.567.708;8.723.958;3.697.916;37.05.00;5.130.208;57.870.369.999.999.900;1.111.111;7.291.666;5.700.232;3.845.486;1.906.829;;2.491.319
219719;01/09/2018 13.59;2.429.977;499.566;52.604.164.123.535.200;45.182.289.123.535.200;629.745.361.328.125;7.247.102;151.548;1.692.708;1.598.669;15.277.779.999.999.900;50.661.640.000.000.000;1.941.205;3.608.448;1.297.833;4.209.106;;4.623.958;4.579.749;2.486.497;6.767.296;4.062.106;8.923.068;5.410.066;1.109.149;6.094.746;6.981.346;799.955;8.736.902;8.079.643;5.157.824;6.949.074;9.124.999;9.087.556;4.929.109;2.475.718;5.237.618;8.123.496;13.743.260.000.000.000;578.125;3.541.666;93.75;3.697.916;37.05.00;5.234.375;5.700.232;1.134.259;7.262.731;5.844.906.999.999.990;3.859.954;1.857.639;;2.505.787
219720;01/09/2018 14.00;2.433.912;499.131.927.490.234;5.260.416;45.182.289.123.535.200;6.337.962.646.484.380;7.069.671;15.010.129.999.999.900;1.692.708;1.602.286;15.270.539.999.999.900;47.904.540.000.000.000;2.035.003;3.751.815;1.288.472;4.193.436;;4.625.152;4.752.946;2.679.221;672.049;4.053.274;8.897.464;5.393.989;1.106.941;6.098.196;6.957.571;7.976.905;8.252.275;7.992.668;4.828.884;6.787.037;8.927.083;9.004.275;4.913.273;2.637.929;5.499.575;7.974.091;1.569.573;546.875;34.375;1.054.687;3.697.916;3.697.916;5.572.916;56.712.959.999.999.900;1.131.366;7.233.796;6.105.324;3.995.949;1.756.366;;254.919
219721;01/09/2018 14.01;2.433.912;499.131.927.490.234;5.260.416;45.182.289.123.535.200;6.337.962.646.484.380;7.069.671;15.010.129.999.999.900;1.692.708;1.602.286;15.270.539.999.999.900;47.904.540.000.000.000;2.035.003;3.751.815;1.288.472;4.193.436;;4.625.152;4.752.946;2.679.221;672.049;4.053.274;8.897.464;5.393.989;1.106.941;6.098.196;6.957.571;7.976.905;8.252.275;7.992.668;4.828.884;6.787.037;8.927.083;9.004.275;4.913.273;2.637.929;5.499.575;7.974.091;1.569.573;546.875;34.375;1.054.687;3.697.916;3.697.916;5.572.916;56.712.959.999.999.900;1.131.366;7.233.796;6.105.324;3.995.949;1.756.366;;254.919
219722;01/09/2018 14.02;24.368.630.000.000.000;499.131.927.490.234;5.269.096.999.999.990;45.182.289.123.535.200;6.399.305.419.921.880;697.456;151.548;1.699.219;1.581.308;15.364.579.999.999.900;47.005.140.000.000.000;2.031.608;3.793.346;1.289.032;4.232.262;;4.655.977;4.563.159;2.498.421;6.745.761;4.052.513;8.973.986;5.397.549;1.109.944;6.062.137;7.015.693;8.121.969;8.192.023;8.067.463;4.985.285;6.847.222;9.197.916;8.939.444;494.676;2.656.719;5.648.436;8.023.604;36.376.589.999.999.900;53.125;3.489.583;1.059.896;3.671.875;3.671.875;5.651.041;5.613.426;1.090.856;7.146.991;619.213;406.25.00;1.704.282;;254.919
219723;01/09/2018 14.03;2.440.799;499.131.927.490.234;5.260.416;45.182.289.123.535.200;6.399.305;698.567;1.526.331;17.042.820.000.000.000;1.590.712;1.547.309;45.920.359.999.999.900;1.957.734;37.530.190.000.000.000;1.288.374;4.180.913;;4.626.034;4.604.498;251.526;6.738.046;4.051.071;8.909.026;5.404.557;1107.56.00;6.087.884;6.992.568;8.001.372;8.109.573;7.847.029;4.835.453;6.736.111;8.989.583;8.556.379;481.142;2.576.017;5.525.292;8.010.319.999.999.990;6.471.817;5.182.291;3.515.625;1.046.875;3.645.833;3.671.875;55.989.580.000.000.000;552.662;1.032.986;7.118.056;6.134.259;4.137.731;16.116.899.999.999.900;;2.537.616
219724;01/09/2018 14.04;2.430.961;499.131.927.490.234;5.260.416;45.182.289.123.535.200;6.378.877;701.187;1.511.863;1.699.219;15.950.520.000.000.000;15.227.139.999.999.900;4.555.637;1.981.695;378.458;1.286.762;4.226.078;;4.621.639;4.686.784;26.075.630.000.000.000;6.716.863;406.965;8.962.669.999.999.990;541.981;1.110.086;6.112.826;6.915.623;7.987.134;8.321.341;8.056.419.999.999.990;4.897.716;674.074;8.874.999;8.879.508;478.856;2.596.418;5.523.528;8.103.367;0.19157079999999999;5.078.125;3.567.708;1.018.229;3.619.791;3.645.833;5.494.791;5.497.685;9.809.028;7.060.185;60.474.540.000.000.000;4.198.495;1.536.458;;2.523.148
219725;01/09/2018 14.05;2.440.799;4.991.319;5.269.096.999.999.990;45.182.289.123.535.200;6.251.909;7.170.992;15.010.129.999.999.900;1.692.708;1.594.329;1.540.075;4.451.395;2.005.467;381.088;12.866.539.999.999.900;4.201.704;;4.625.256;4.692.925;2.606.743;6.731.129;4.053.869;8.899.924;540.988;1.102.715;6.072.364;6.953.048;7.952.130.000.000.000;8.171.039.999.999.990;8.032.164;5.078.585;6.814.814;8.906.249;9.139.611;4.708.126;2.593.842;5.544.467;8.271.475;1.092.716;4.973.958;3.645.833;9.765.625;3.567.708;3.645.833;5.338.541;5.555.556;9.288.194;7.060.185;59.317.130.000.000.000;42.100.699.999.999.900;1.475.694;;2.523.148
219726;01/09/2018 14.06;24.319.450.000.000.000;4.986.979;5.260.416;45.182.289.123.535.200;6.304.398.193.359.380;7.145.385.999.999.990;1.511.863;1.692.708;1.594.329;1.531.395;4.474.964;20.287.470.000.000.000;3.925.775;1.289.317;4.203.601;;4.637.129;4.503.946;2.404.862;675.447;40.524.800.000.000.000;8.933.823;5.413.823;11.068.010.000.000.000;6.085.529;6.970.209;7.987.385;7.696.642;8.052.242;5.083.823;7.041.666;9.109.374;9.146.922;4.688.823;2.527.173;5.474.527;8.285.725;00.00;4.921.875;3.697.916;9.348.958;3.567.708;3.619.791;5.182.291;59.606.480.000.000.000;8.825.231;697.338;57.870.369.999.999.900;4.181.134;1.403.356;;2.517.361
219727;01/09/2018 14.07;24.368.630.000.000.000;49.869.789.123.535.200;5.269.096.999.999.990;45.182.289.123.535.200;6.306.713;7.131.425;151.548;1.692.708;15.950.520.000.000.000;1.543.692;4.416.642;19.973.010.000.000.000;3.949.643;1.288.066;4.181.667;;4.605.906;4.535.948;2.438.643;6.700.399;4.031.862;8.833.973;5.335.857;1.096.509;5.968.265;6.874.393;7.829.445;7.438.299;7.681.361;4.688.741;6.777.778;8.786.458;8.961.017;4.800.182;24.790.200.000.000.000;5.423.066;8.346.838;157.559;4.921.875;3.671.875;9.010.416;3.541.666;3.645.833;5.052.083;6.365.741;8.391.203;6.799.769;5.642.361;4.079.861;134.838;;2.517.361
219728;01/09/2018 14.08;24.348.959.999.999.900;49.869.789.123.535.200;5.269.096.999.999.990;4.518.229;6.354.166;7.198.406.999.999.990;150.897;1.693.432;15.820.310.000.000.000;15.277.779.999.999.900;4.288.962;19.222.260.000.000.000;40.030.390.000.000.000;12.843.110.000.000.000;4.202.811;;4.674.669;4.671.158;2.597.214;6.771.475;4.057.074;8.938.695;544.317;1.108.391;6.129.387;7.012.059;8.057.142;7.626.492;801.59.00;4.833.922;6.833.333;8.640.624;8.894.739;4.773.846;2.366.281;5.214.768;8.088.817;902.097;4.921.875;3.671.875;8.385.416;3.541.666;364.583.320.617.676;4.947.916;6.799.769;7.986.111;6.626.156.999.999.990;552.662;4.039.352;1.316.551;;2.531.829
219729;01/09/2018 14.09;24.368.630.000.000.000;49.869.789.123.535.200;5.269.096.999.999.990;4.522.569;6.233.796;7.386.119.000.000.000;1.511.863;1.688.368;15.993.920.000.000.000;15.277.779.999.999.900;4.307.159;18.990.920.000.000.000;3.983.364;1.282.109;4.212.874;;4.666.866;4.709.714;2.636.645;674.962;4.058.346;8.966.136;5.443.292;1.105.182;6.111.342;6.974.228;7.958.782;668.395;7.914.349;4.929.832;6.791.666;9.098.958;9.222.991;4.789.651;2.410.908;5.233.003;7.987.521;00.00;4.869.791;3.645.833;7.682.291;3.541.666;3.645.833;4.869.791;7.523.148;7.667.824;6.365.741;541.088;4.036.458;1.287.616;;2.560.764
219730;01/09/2018 14.10;2.438.831;49.869.789.123.535.200;5.260.416;4.518.229;6.215.278;7.324.655;1.511.863;1.688.368;1.594.329;1.538.628;4.466.404;1.848.899;4.036.623;1.287.498;4.197.775;;4.627.831;465.21.00;2.578.084;6.771.115;4.070.078;8.906.772;5.414.211;1.110.203;6.082.773;7.007.722;7.986.364;6.710.374;7.884.687;4.835.577;687.05.00;8.880.208;894.436;471.14.00;2.460.615;5.322.491;7.985.358;00.00;4.973.958;3.567.708;71.875;3.515.625;3.697.916;4.791.666;8.362.269;7.407.406.999.999.990;6.134.259;5.381.944;3.998.842;1.258.681;;26.070.599.999.999.900
219731;01/09/2018 14.11;24.319.450.000.000.000;49.869.789.123.535.200;5.269.096.999.999.990;4.522.569;6.311.343;733.955;1.511.863;1.697.772;1.584.925;15.364.579.999.999.900;4.472.201;1.802.101;3.962.712;1.290.066;4.223.641;;4.621.505;4.673.459;260.038;6.783.181;4.064.638;8.935.002;5.443.437;1.110.907;6.117.236;6.918.004;7.960.816;6.695.365;7.937.516;4.865.397;6.879.630.000.000.000;8.937.499;8.926.733;4.768.092;247.578;5.274.719;7.946.879;19.082.910.000.000.000;5.182.291;3.515.625;7.005.208;3.541.666;3.671.875;4.661.458;8.940.972;708.912;59.606.480.000.000.000;5.353.009;3.909.143;1.247.106;;2.688.079
219732;01/09/2018 14.12;24.368.630.000.000.000;4.986.979;5.269.096.999.999.990;4.518.229;632.638.916.015.625;7.320.219;1.511.863;1.688.368;1.598.669;1.535.012;462.154;1.754.405;3.996.938;1.292.587;4.198.865;;4.624.843;4.617.077;2.532.953;6.779.335;4.064.101;8.948.529;5.429.755;1.108.895;6.099.336;6.976.887;7.975.819;6.177.424;7.842.729;4.937.257;6.671.296;9.322.916;8.924.027;4.760.069;2.510.922;5.385.831;7.976.777;13.169.570.000.000.000;5.338.541;3.489.583;6.901.041;3.619.791;3.671.875;4.557.291;8.940.972;6.828.703;5.902.778.000.000.000;5.381.944;3.831.018;1.232.639;;2.708.333
219733;01/09/2018 14.13;2.430.961;49.782.990.000.000.000;5.269.096.999.999.990;4.522.569;63.738.427.734.375;7.242.582;150.463;1.699.219;1.602.286;15.364.579.999.999.900;4.543.911;1.802.357;4.042.994;1.293.506;4.210.858;;465.654;4.621.267;25.371.200.000.000.000;6.773.752;4.068.357;8.977.179;5.454.974;11.123.010.000.000.000;6.085.751;7.034.247;8.035.989.999.999.990;6.367.989;8.089.685;5.002.805;6.578.704;8.770.833;9.242.342;4.727.357;2.463.988;5.290.572;800.692;00.00;5.494.791;3.515.625;6.796.875;3.671.875;3.671.875;453.125;8.564.815;6.568.287;5.844.906.999.999.990;541.088;3.819.445;1.215.278;;2.708.333
219734;01/09/2018 14.14;24.368.630.000.000.000;49.782.985.687.255.800;5.273.437;452.256.927.490.234;634.375;7.303.724;150.897;1.688.368;15.950.520.000.000.000;15.364.579.999.999.900;4.534.158;1.789.422;3.984.538;1.294.788;4.191.595;;4.658.464;456.311;247.348;6.782.287;4.053.753;8.920.135;5.429.962;1.106.722;6.103.146;7.017.238;8.008.166;6.434.394;8.100.168;4.916.011;6.884.259;8.718.749;8.933.158;4.834.351;2.372.979;5.272.051;7.946.060.000.000.000;16.372.790.000.000.000;55.208.330.000.000.000;3.541.666;6.692.708;3.697.916;37.05.00;4.453.125;7.986.111;6.336.805;5.815.971.999.999.990;546.875;3.836.805;1.171.875;;2.711.227
219735;01/09/2018 14.15;24.348.959.999.999.900;49.782.985.687.255.800;5.269.096.999.999.990;452.256.927.490.234;6.268.518;7.279.893;151.548;1.692.708;1.585.648;1.535.012;4.465.258;1.696.453;38.446.670.000.000.000;1.284.344;4.204.831;;4.636.006;4.588.676;25.013.490.000.000.000;6.784.954;40.599.800.000.000.000;890.306;5.405.953;11.084.489.999.999.900;6.108.247;7.018.605;7.951.382;6.433.494;7.869.986;4.948.748;6.847.222;9.171.874;9.090.754;4.792.489;2.353.553;5.239.512;801.212;00.00;55.208.330.000.000.000;3.645.833;6.692.708;3.697.916;3.802.083;4.401.041;7.494.213;6.076.389;57.870.369.999.999.900;546.875;380.787;1.125.579;;2.708.333
219736;01/09/2018 14.16;24.368.630.000.000.000;49.782.985.687.255.800;5.273.437;452.256.927.490.234;6.282.407;7.070.929;1.511.863;1.688.368;15.820.310.000.000.000;15.270.539.999.999.900;4.413.381;17.472;38.269.009.999.999.900;1.281.166;4.213.421;;46.367.400.000.000.000;4.734.999;2.666.071;6.755.862;4.064.813;8.923.827;544.226;1109.04.00;615.806;6.987.047;7.997.382;6.374.196;8.017.421;5.117.189;6.814.814;8.859.374;9.072.719;4.903.299;2.358.279;5.154.751;7.987.583;00.00;5.494.791;3.645.833;6.432.291;3.671.875;3.802.083;4.322.916;697.338;5.844.906.999.999.990;56.712.959.999.999.900;5.497.685;3.744.213;1.102.431;;2.676.505
219737;01/09/2018 14.17;24.368.630.000.000.000;49.782.985.687.255.800;5.269.096.999.999.990;452.256.927.490.234;6.401.619.999.999.990;6.867.664;15.010.129.999.999.900;1.688.368;1.594.329;1.538.628;43.762.170.000.000.000;177.946;3.816.259;1.293.215;4.209.717;;4.606.086;4.692.473;2.603.168;6.773.612;4.056.572;8.915.328;5.431.986;1109.78;6.110.768;7.033.787;8.029.897;6.871.584;8.236.084;5.232.203;6.939.814;8.447.916;8.826.902;4.835.941;2.438.326;5.259.128;8.011.494;00.00;546.875;3.645.833;609.375;3.671.875;3.776.041;4.401.041;6.568.287;5.642.361;552.662;5.497.685;3.752.893;1.114.005;;2.662.037
219738;01/09/2018 14.18;2.433.912;49.782.985.687.255.800;5.269.096.999.999.990;452.256.927.490.234;629.976.806.640.625;6.739.494;150.897;1.692.708;1.584.925;15.364.579.999.999.900;4.421.468;1.784.365;385.698;1.289.578;4.207.088;;461.772;4.627.158;2.553.433;6.773.328;4.058.456;8.951.454;5.405.968;1.109.338;6.074.741;6.998.111;7.999.641;7.365.619;796.823;4.939.703;6.689.814;8.812.499;9.043.715;4.767.177;2.464.763;5.305.051;7.919.927;0.06896549;5.494.791;3.671.875;5.963.541;3.671.875;37.760.414.123.535.200;4.583.333;62.05.00;552.662;546.875;5.497.685;3.671.875;114.294;;2.688.079
219739;01/09/2018 14.19;2.438.831;49.782.985.687.255.800;5.277.777;452.256.927.490.234;6.258.101.806.640.630;666.424;151.548;1.693.432;1.589.265;1.538.628;43.725.559.999.999.900;1.782.714;3.777.568;12.948.319.999.999.900;4.202.398;;4.644.629;4.675.429;25.860.369.999.999.900;6.783.686;4.051.165;8.908.528;5.421.494;1.111.924;6.092.246;706.86;7.995.117;766.562;7.920.618;4.921.913;6.694.445;8.906.249;8.708.765;4.652.339;2.475.329;5.289.026;7.801.555;10.733.789.999.999.900;5.494.791;3.645.833;6.015.625;3.671.875;3.776.041;453.125;59.895.830.000.000.000;541.088;541.088;5.497.685;3.561.921;1.171.875;;2.693.866
219740;01/09/2018 14.20;2.429.977;49.782.985.687.255.800;5.273.437;452.256.927.490.234;6.297.454;6.545.033.000.000.000;15.198.210.000.000.000;1.692.708;1.594.329;1.530.671;448.509;18.291.179.999.999.900;378.149;1.291.353;4.198.539;;4.615.754;4.548.952;2.452.745;6.752.994;4.063.006;8.927.801;5.401.534;1.107.934;6.117.465;6.998.492;8.028.709;7.871.371;8.120.925;5.141.233;6.907.407;8.770.833;9.029.559;4.770.234;2.481.842;5.320.631;7.870.104;00.00;546.875;3.619.791;609.375;3.697.916;37.05.00;4.479.166;57.870.369.999.999.900;5.324.074;546.875;5.497.685;3.463.542;1.203.704;;2.682.292
219741;01/09/2018 14.21;2.440.799;49.782.990.000.000.000;5.277.777;452.256.927.490.234;6.303.241;658.101;151.548;1.697.772;15.993.920.000.000.000;15.364.579.999.999.900;43.481.840.000.000.000;181.701;374.636;1.292.105;4.204.412;;4.631.595;4.624.623;2.543.089;6.782.425;4.056.069;8.971.455;5.434.366;1.109.156;6.091.119;7.049.865;8.027.542;8.051.431;8.100.096;497.976;6.898.148;9.036.458;8.757.636;4.698.344;2.520.608;5.483.743;7.906.381;00.00;54.427.080.000.000.000;3.671.875;59.895.830.000.000.000;3.697.916;37.05.00;4.453.125;5.642.361;5.208.333;552.662;541.088;3.333.333;1.229.745;;2.682.292
219742;01/09/2018 14.22;2.399.479;4.973.958;5.273.437;452.256.927.490.234;6.349.537.353.515.630;6.230.679;150.897;1.688.368;15.950.520.000.000.000;1.530.671;428.856;18.405.260.000.000.000;3.735.864;1.294.308;4.206.762;;4.649.133;4.659.338;2.572.867;6.769.559;4.055.543;9.080.062;5.424.413;1.114.743;6.120.606;7.069.947;8.118.394;8.121.211;8.135.663;5.103.421;6.907.407;9.135.416;8.746.169;4.739.186;25.358.900.000.000.000;5.420.458;7.980.838;00.00;5.390.625;3.645.833;59.114.580.000.000.000;3.697.916;37.05.00;4.427.083;5.555.556;5.092.593;552.662;5.381.944;3.243.634;1.247.106;;2.682.292
219743;01/09/2018 14.23;2.404.398;497.395.820.617.676;5.273.437;452.256.927.490.234;622.61;63.260.580.000.000.000;151.548;1.683.304;1.594.329;1.544.415;42.699.940.000.000.000;18.950.879.999.999.900;3.665.883;1.290.209;4.214.622;;4.674.151;4.580.563;2.491.181;6.788.731;4.073.498;8.952.665;5.393.685;1.111.361;6.103.355;7.061.698;804.623;839.623;7.882.410.000.000.000;4.960.532;6.666.666;9.093.749;8.835.239;4.840.032;2.499.672;5.447.291;8.094.582;0.131179;5.338.541;3.619.791;5.963.541;3.671.875;3.697.916;4.427.083;546.875;4.976.852;552.662;5.353.009;3.211.805;1.284.722;;266.493
219744;01/09/2018 14.24;2.404.398;497.395.820.617.676;5.277.777;452.256.927.490.234;6.297.454;6.374.482;151.548;1.697.772;1.594.329;15.364.579.999.999.900;4.147.018;1.879.565;3.707.417;1.290.443;4.213.802;;4.653.572;4.604.986;2.522.883;6.765.206;4.061.815;8.896.432;5.414.957;11.055.410.000.000.000;6.117.261;7.015.453;7.986.796;860.797;7.941.146;4.976.541;6.777.778;9.369.791;9.121.596;4.832.432;2.508.617;5.523.572;8.242.834;00.00;53.125;3.541.666;578.125;3.671.875;3.697.916;4.453.125;5.324.074;4.947.917;552.662;5.324.074;3.145.255;1.328.125;;2.659.143
219745;01/09/2018 14.25;2.396.528;497.395.820.617.676;5.273.437;452.256.927.490.234;634.953.674.316.406;6.265.456;150.897;1.688.368;1.585.648;15.198.210.000.000.000;4.056.153;189.312;37.208.079.999.999.900;12.955.219.999.999.900;4.183.315;;4.626.234;4.644.664;2.556.088;6.755.526;4.066.875;8.935.363;5.425.013;1.106.975;6.093.005;7.006.276;8.009.567;8.831.595;8.033.804;4.949.058;6.995.369.999.999.990;9.031.249;8.938.637;4.739.926;2.503.554;5.453.535;8.249.634;1.145.037;5.260.416;3.541.666;55.989.580.000.000.000;3.645.833;3.671.875;4.401.041;52.372.679.999.999.900;49.189.820.000.000.000;552.662;5.208.333;3.009.259;1.351.273;;264.757
219746;01/09/2018 14.26;240.735;497.395.820.617.676;5.277.777;452.256.927.490.234;6.320.601.806.640.630;6.492.567;150.463;1.692.708;1.605.903;1.543.692;4.084.985;18.629.920.000.000.000;3.749.475;12.918.439.999.999.900;4.211.619;;4.654.407;4.528.679;2.419.461;6.750.839;4.066.203;8.978.102;5.423.365;1.108.018;6.106.862;7.015.325;8.009.064;8.867.326;7.958.326;4.915.604;6.824.074;9.072.916;8.998.353;4.864.474;2.471.196;5.435.024;8.223.105;0.000270353;5.234.375;3.515.625;5.703.125;3.645.833;3.645.833;4.322.916;5.179.398;5.121.528;5.555.556;5.121.528;2.832.755;1.351.273;;2.624.421
219747;01/09/2018 14.27;2.402.431;497.395.820.617.676;5.277.777;452.256.927.490.234;6.288.194.580.078.130;6.497.151;1.511.863;1.688.368;16.030.089.999.999.900;1.531.395;4.370.196;1.928.925;377.908;1.281.557;4.194.085;;4.619.099;4.645.767;25.718.419.999.999.900;6.768.839;4.072.919;8.917.524;5.424.764;1.107.087;6.088.484;7.012.877;8.052.993;8.972.975;8.095.513;5.043.619;7.157.407;9.067.708;8.999.381;4.745.847;25.299.099.999.999.900;5.474.474;8.195.194;00.00;53.125;3.489.583;59.114.580.000.000.000;3.645.833;364.583.320.617.676;4.296.875;5.092.593;5.353.009;5.642.361;5.121.528;2.696.759;1.304.977;;2.581.018
219748;01/09/2018 14.28;2.402.431;497.395.820.617.676;5.273.437;4.522.569;634.722.229.003.906;6.468.861;15.198.210.000.000.000;1.683.304;1.590.712;15.364.579.999.999.900;4.270.635;1.940.121;37.695.479.999.999.900;1.286.941;4.214.559;;4.626.098;4.656.557;2.584.044;6.730.844;4.068.719;8.931.248;5.412.571;1.107.113;6.094.142;6.944.276;7.981.536;891.467;8.038.723;4.998.217;6.907.407;9.036.458;9.039.611;4.930.442;2.447.157;5.370.569;8.161.118;00.00;54.427.080.000.000.000;3.489.583;6.041.666;3.697.916;3.645.833;4.296.875;5.092.593;546.875;5.700.232;5.121.528;255.787;1.244.213;;2.520.255
219749;01/09/2018 14.29;2.406.366;497.395.820.617.676;5.277.777;452.256.927.490.234;632.523.193.359.375;6.472.556;1.512.587;1.688.368;1.594.329;1.531.395;4.288.201;1.890.854;3.760.445;12.882.539.999.999.900;4.203.805;;4.602.721;4.642.381;25.531.189.999.999.900;6.739.781;4.038.245;8.917.768;5.396.262;1.104.038;6.062.372;695.308;7.986.219;8.970.826;8.043.004;4.949.663;7.013.889;9.171.874;9.116.697;4.860.428;2.428.693;5.449.753;8.089.839;00.00;5.729.166;3.489.583;6.041.666;3.776.041;3.671.875;4.296.875;5.092.593;541.088;5.815.971.999.999.990;5.092.593;245.081;1.189.236;;2.471.065
219750;01/09/2018 14.30;2.396.528;497.395.820.617.676;5.277.777;452.256.927.490.234;651.157.409.667.969;6.126.701;1.511.863;1.688.368;1.598.669;1.544.415;4.345.463;189.532;3.815.071;128.125;4.206.393;;4.630.525;4.632.815;2.522.549;6.772.454;4.053.393;8.932.036;5.432.523;1.113.132;6.115.502;6.963.053;7.988.727;8.783.802;7.951.857;5.143.815;6.731.481;9.562.499;9.006.967;4.955.307;2.470.364;5.289.887;8.139.758;00.00;59.895.830.000.000.000;3.567.708;63.802.080.000.000.000;3.880.208;3.671.875;4.296.875;5.179.398;5.353.009;5.902.778.000.000.000;5.063.657;2.364.005;1.157.407;;2.433.449
219751;01/09/2018 14.31;240.735;497.395.820.617.676;52.821.180.000.000.000;452.256.927.490.234;64.074.072.265.625;628.089;150.897;1.699.219;1.605.903;1.530.671;4.320.544;1.980.209;3.872.548;1.289.719;4.210.195;;4.615.996;4.628.806;2.540.468;6.737.657;4.061.298;8.901.536;5.410.452;1.107.802;6.077.898;7.005.458;8.043.798;8.857.037;8.124.797;4.914.288;6.916.666;9.067.708;9.221.414;4.819.888;2.487.195;5.364.192;8.028.849;00.00;609.375;3.567.708;6.484.375;3.932.291;3.671.875;4.348.958;5.179.398;5.324.074;59.606.480.000.000.000;5.179.398;2.297.454;1.125.579;;239.294
219752;01/09/2018 14.32;2.402.431;497.395.820.617.676;52.821.180.000.000.000;452.256.927.490.234;63.784.716.796.875;6.139.063;151.548;1.699.219;1.598.669;15.509.260.000.000.000;43.281.209.999.999.900;2.012.828;3.873.942;1.291.169;4.186.096;;4.646.971;4.555.434;24.655.150.000.000.000;6.747.264;4.051.199;8.985.851;5.412.103;1.107.838;6.052.078;6.980.563;7.943.679;8.682.718;7.844.132;4.898.344;6.675.926;9.213.541;9.020.833;4.814.503;2.522.594;5.524.289;7.996.182;6.378.789;6.119.791;3.567.708;6.640.625;4.010.416;3.671.875;4.427.083;52.372.679.999.999.900;5.613.426;60.474.540.000.000.000;5.353.009;2.230.903;1.087.963;;2.375.579
219753;01/09/2018 14.33;24.004.630.000.000.000;497.395.820.617.676;52.821.180.000.000.000;452.256.927.490.234;629.282.409.667.969;6.143.513.000.000.000;150.897;1.692.708;1.581.308;1.540.075;44.070.159.999.999.900;19.293.470.000.000.000;3.914.085;1.288.514;4.221.957;;4.624.283;471.208;2.641.327;677.02.00;4.061.994;8.909.008;5.414.744;1.108.527;6.119.282;6.992.133;8.003.481;8.605.983;7.964.706;4.852.755;6.671.296;9.015.624;8.967.101;4.893.653;2.511.269;5.427.309;7.983.108;00.00;609.375;3.645.833;6.901.041;3.958.333;3.671.875;4.427.083;546.875;5.902.778.000.000.000;60.474.540.000.000.000;546.875;2.152.778;1.041.667;;2.369.792
219754;01/09/2018 14.34;24.004.630.000.000.000;4.973.958;52.821.180.000.000.000;452.256.927.490.234;629.282.409.667.969;6.143.513.000.000.000;150.897;1.692.708;1.581.308;1.540.075;44.070.159.999.999.900;19.293.470.000.000.000;3.914.085;1.288.514;4.211.696;;4.622.366;4.657.303;25.873.779.999.999.900;6.779.713;4.056.467;8.918.983;5.446.942;1.108.497;611.472;6.987.417;8.011.916;8.806.439.999.999.990;798.045;4.834.136;6.708.333;8.776.041;8.878.547;4.902.587;2.486.371;5.261.533;8.006.176;00.00;609.375;3.645.833;6.901.041;3.958.333;3.671.875;4.427.083;546.875;5.902.778.000.000.000;60.474.540.000.000.000;546.875;2.152.778;1.041.667;;2.369.792
219755;01/09/2018 14.35;2.399.479;49.782.990.000.000.000;5.277.777;452.256.927.490.234;626.273.132.324.219;6.029.902;150.463;1.692.708;1.594.329;1.538.628;42.325.759.999.999.900;1.939.563;4.092.414;1.299.289;4.197.543;;4.615.188;4.566.221;2.476.257;6.774.134;40.500.300.000.000.000;8.935.137;5.421.634;1.104.678;6.054.929;6.998.543;7.988.376;8.789.473;786.467;5.223.748;687.05.00;8.927.083;9.054.810.000.000.000;4.790.138;2.420.875;5.174.747;7.926.127;00.00;59.114.580.000.000.000;3.619.791;7.734.375;3.932.291;3.697.916;453.125;60.474.540.000.000.000;62.05.00;62.05.00;5.497.685;2.094.907;9.895.834;;2.332.176
219756;01/09/2018 14.36;2.404.398;49.782.990.000.000.000;52.907.990.000.000.000;452.256.927.490.234;6.331.018;608.808;150.463;1.688.368;1.594.329;1.534.288;4.243.312;19.009.220.000.000.000;4.142.134;129.816;4.191.621;;4.665.896;4.518.978;2.436.225;6.778.697;4.053.185;8.958.524;5.421.111;1.108.066;6.065.688;6.988.649;8.013.179;8.786.854;7.955.339;4.973.217;6.837.963;8.958.333;8.963.028;4.722.063;2.439.465;5.338.909;7.925.687;00.00;5.729.166;3.541.666;8.177.083;390.625;3.697.916;4.583.333;6.221.065;6.336.805;6.481.481;541.088;2.196.181;9.809.028;;2.314.815
219757;01/09/2018 14.37;2.402.431;4.973.958;52.821.180.000.000.000;452.256.927.490.234;6.336.805;60.871.590.000.000.000;15.241.610.000.000.000;1.688.368;1.598.669;1.540.075;4.361.453;1.899.021;4.211.739;1.291.623;4.208.953;;4.622.302;4.611.338;2.502.043;676.789;4.068.926;8.925.439;5.445.353;1.108.882;6.146.402;6.928.619;8.012.568;9.013.574;7.965.137;5.109.757;6.754.630.000.000.000;8.942.708;9.076.193;4.826.657;2.435.861;5.282.526;7.971.597;0.0269719;5.494.791;3.515.625;8.776.041;3.802.083;3.671.875;46.875;6.336.805;6.336.805;6.712.963;541.088;2.216.435;9.751.156.999.999.990;;228.588
219758;01/09/2018 14.38;2.399.479;4.973.958;5.277.777;452.256.927.490.234;6.299.768;6.118.464;151.548;1.693.432;15.950.520.000.000.000;15.364.579.999.999.900;4.434.786;1.923.406;4.232.711;1.286.704;4.215.247;;4.621.268;4.705.135;2.619.386;6.769.351;4.058.278;8.942.637;5.438.729;1.108.539;6.066.285;699.954;7.950.472;8.738.322;8.051.415;4.886.414;6.884.259;9.161.458;8.788.502;4.773.758;2.470.261;5.325.973;7.993.275;2.446.809;5.390.625;3.489.583;9.401.041;37.05.00;364.583.320.617.676;4.817.708;6.481.481;6.336.805;6.944.444;5.353.009;2.181.713;9.693.287;;224.537
219759;01/09/2018 14.39;240.735;49.782.990.000.000.000;52.821.180.000.000.000;452.256.927.490.234;6.414.352;6.267.371;150.463;1.688.368;1.606.626;1.538.628;45.113.490.000.000.000;1.906.843;41.813.109.999.999.900;12.853.489.999.999.900;4.198.775;;4.633.614;4.615.324;2.539.561;6.788.207;4.049.115;8.915.373;5.422.611;1107.82;6.086.641;6.970.753;7.922.626;8.659.558;7.742.161;4.911.646;6.759.259;9.010.416;8.983.257;4.780.485;2.459.055;5.275.959;7.947.019;0.00043625959999999997;5.260.416;3.489.583;96.875;3.671.875;3.619.791;4.973.958;6.712.963;6.278.935;7.146.991;52.372.679.999.999.900;2.181.713;9.664.352;;2.228.009
219760;01/09/2018 14.40;2.399.479;49.782.985.687.255.800;52.821.180.000.000.000;452.256.927.490.234;6.384.259;6.314.015;1.511.863;1.692.708;16.030.089.999.999.900;1.530.671;45.316;1.885.504;4.049.463;12.895.999.999.999.900;4.214.832;;4.659.228;4.514.735;2.434.425;6.773.466;4.060.146;8.943.103;5.433.561;1.108.601;6.067.981;6.955.293;7.960.593;7.982.284;7.915.202;4.981.612;6.800.926;9.239.583;8.997.337;4.759.854;2.510.449;5.376.981;7.967.351;00.00;5.182.291;34.375;96.875;3.645.833;3.645.833;5.078.125;697.338;62.05.00;7.233.796;5.121.528;2.181.713;9.606.481;;2.213.542
219761;01/09/2018 14.41;2.404.398;49.782.985.687.255.800;52.821.180.000.000.000;452.256.927.490.234;6.262.731;6.468.235;151.548;1.688.368;1.589.265;15.364.579.999.999.900;4.544.288;1.861.946;4.030.353;1.277.993;4.211.815;;4.602.771;4.622.635;2.533.634;6.782.781;4.057.646;895.388;5.422.589;1107.72;6.085.363;6.985.964;8.011.879;7.830.168;796.153;5.048.194;661.574;8.781.249;9.012.816;4.693.371;2.510.393;5.343.805;7.957.045;7.990.753;5.208.333;34.375;9.427.083;3.567.708;3.645.833;5.052.083;7.783.565;619.213;7.233.796;5.034.722;218.75;9.606.481;;2.213.542
219762;01/09/2018 14.42;2.404.398;49.782.985.687.255.800;52.907.990.000.000.000;452.256.927.490.234;6.309.028;6.345.762;150.897;1.688.368;1.594.329;1.531.395;45.695.159.999.999.900;18.246.129.999.999.900;3.929.472;12.871.139.999.999.900;4.226.393;;4.562.848;4.653.796;2.561.979;6.742.186;4.063.698;8.886.834;5.394.933;1.105.363;610.092;6.993.159;7.945.501;8.116.688;8.025.558;4.997.031;6.578.704;8.885.416;8.939.925;4.722.707;2.449.921;5.262.157;7.903.289;00.00;53.125;3.489.583;9.244.791;3.567.708;3.619.791;4.973.958;8.709.491;6.134.259;7.146.991;49.189.820.000.000.000;2.184.606;1.004.051;;2.204.861
219763;01/09/2018 14.43;2.397.512;49.782.985.687.255.800;52.821.180.000.000.000;4.522.569;628.86;647.569;150.463;1.692.708;15.993.920.000.000.000;1.535.012;4.580.728;1.831.739;3.929.202;1.288.445;4.199.466;;4.623.789;4.677.447;2.601.515;6.744.122;4.053.552;8.957.180.000.000.000;542.735;1.107.847;609.795;6.980.739;797.961;8.067.576;8.005.531;5.023.406;650.00.00;8.927.083;8.994.664;475.98;2.390.694;5.274.604;7.941.281;00.00;5.390.625;3.489.583;9.140.625;3.619.791;3.619.791;4.921.875;9.288.194;6.105.324;7.146.991;4.832.176;2.216.435;1.061.921;;2.199.074
219764;01/09/2018 14.44;2.405.382;49.782.985.687.255.800;52.821.180.000.000.000;4.522.569;6.221.064;6.627.727;1.511.863;1.697.772;1.576.968;1.540.075;45.261.590.000.000.000;18.617.060.000.000.000;4.000.778;1.292.223;4.184.512;;4.614.691;4.670.957;25.941.810.000.000.000;6.777.148;4.064.424;8.952.627;5.430.707;1.110.729;6.117.957;7.013.358;7.989.981;8.116.772;805.148;5.072.455;6.847.222;8.911.458;9.193.162;4.729.404;2.313.534;5.101.714;8.003.448;00.00;546.875;3.515.625;9.270.833;3.619.791;3.645.833;4.869.791;93.75;6.105.324;7.118.056;4.803.241;2.254.051;1.116.898;;2.196.181
219765;01/09/2018 14.45;2.399.479;49.782.985.687.255.800;52.907.990.000.000.000;4.518.229;6.402.777;6.583.878;1.511.863;171.224;162.037;15.364.579.999.999.900;4.506.794;193.796;4.105.356;12.858.089.999.999.900;4.203.838;;4.599.274;451.983;2.429.576;6.775.994;404.626;8.951.239;5.433.138;1109.26.00;6.111.896;7.005.775;8.015.416;8.523.235;8.120.354;504.43.00;6.925.926;9.197.916;9.216.526;4.824.409;2.278.876;5.053.335;7.990.678;533.751;546.875;3.541.666;953.125;3.619.791;364.583.320.617.676;4.921.875;9.114.584;6.134.259;708.912;4.774.306;2.268.519;114.294;;2.213.542
219766;01/09/2018 14.46;2.404.398;49.782.985.687.255.800;52.821.180.000.000.000;45.182.289.123.535.200;6.309.028;6.682.446;150.897;17.223.670.000.000.000;161.603;1.531.395;4.541.288;19.707.160.000.000.000;4.121.452;1.279.688;4.204.776;;4.671.608;4.552.457;2.463.657;6.779.156;4.065.046;895.61;5.418.546;1.108.454;6.097.676;7.001.459;8.007.298;8.918.781;8.185.496;510.691;6.967.593;9.255.208;9.011.651;4.904.331;2.295.784;4.967.113;7.941.929;00.00;5.494.791;3.489.583;1.005.208;3.567.708;3.645.833;50.00.00;8.709.491;6.134.259;7.146.991;4.774.306;2.303.241;1.134.259;;2.219.329
219767;01/09/2018 14.47;2.405.382;49.782.985.687.255.800;52.907.990.000.000.000;45.182.289.123.535.200;6.278.935.546.875;6.597.924;151.548;17.173.029.999.999.900;161.603;1.535.012;4.702.196;2.047.886;4.170.313;1.291.511;4.217.511;;4.690.143;4.675.704;2.629.627;6.741.724;4.063.083;8.939.041;5.432.424;1.105.107;6.120.931;6.978.575;7.992.001;8.604.779;8.081.966;5.016.832;7.023.148;9.114.583;9.071.001;4.889.255;2.383.079;5.128.441;7.889.235;1.179.578;53.645.830.000.000.000;34.375;1.059.896;3.567.708;3.619.791;5.182.291;8.449.074;619.213;7.262.731;4.774.306;2.335.069;1.148.727;;2.196.181
219768;01/09/2018 14.48;2.396.528;49.782.985.687.255.800;52.907.990.000.000.000;45.182.289.123.535.200;63.449.072.265.625;6.471.452;150.463;17.173.029.999.999.900;1.623.987;15.270.539.999.999.900;4.563.642;2.102.465;41.598.459.999.999.900;12.845.930.000.000.000;417.371;;4.620.022;4.692.986;2.602.691;6.717.466;403.56.00;8.862.177;5.397.135;1.097.628;6.059.188;6.951.719;7.836.964;9.085.593;7.842.499;5.075.489;7.013.889;9.302.083;9.185.899;4.854.629;2.450.632;5.182.606;7.850.073;1.229.015;5.182.291;3.385.416;1.111.979;3.541.666;36.197.914.123.535.200;54.427.080.000.000.000;8.275.463;619.213;7.349.537;4.803.241;2.418.981;1.235.532;;2.152.778
219769;01/09/2018 14.49;2.406.366;49.782.985.687.255.800;52.907.990.000.000.000;45.182.289.123.535.200;6.350.695;6.531.284.000.000.000;150.897;171.224;1.610.966;15.270.539.999.999.900;4.528.747;2.177.364;422.977;12.871.080.000.000.000;4.197.563;;4.582.821;4.506.998;240.009;6.760.475;4.067.771;8.959.105;5.441.058;1.108.905;6.135.654;7.076.679;8.074.531;9.018.915;8.224.663;5.260.413;6.828.704;8.671.874;8.949.258;4.765.992;2.434.105;5.209.637;7.807.781;1.023.385;50.00.00;3.359.375;118.75;3.515.625;3.619.791;578.125;7.986.111;6.221.065;7.407.406.999.999.990;4.774.306;2.505.787;1.365.741;;2.112.269
219770;01/09/2018 14.50;24.004.630.000.000.000;49.782.985.687.255.800;52.907.990.000.000.000;45.182.289.123.535.200;6.185.185;6.532.228;150.897;17.173.029.999.999.900;1.614.583;1.535.012;4.544.835;22.208.660.000.000.000;4.215.651;1.285.919;4.206.872;;4.634.651;46.485.400.000.000.000;25.536.220.000.000.000;6.763.275;4.058.986;8.964.052;5.417.008;1.108.204;6.080.297;7.032.276;8.029.128;9.160.309;7.936.926;4.889.498;699.074;8.864.583;9.006.238;4.747.823;2.490.526;5.285.178;7.698.848;0.00041703510000000004;4.869.791;3.307.291;1.223.958;3.671.875;3.567.708;6.276.041;7.581.019;6.336.805;7.494.213;474.537;2.560.764;1.458.333;;2.115.162
219771;01/09/2018 14.51;2.404.398;49.782.990.000.000.000;52.907.990.000.000.000;45.182.289.123.535.200;6.190.972;6.683.582;1.511.863;1.703.559;1.619.647;15.227.139.999.999.900;4.389.751;20.815.089.999.999.900;4.269.491;1.282.352;4.187.555;;4.662.343;4.612.475;2.524.775;6.735.694;4.044.592;8.882.628;5.397.113;1.106.494;607.363;6.997.831;7.990.438;1.011.215;8.100.446;496.54.00;6.879.630.000.000.000;9.177.083;9.251.346;474.37.00;2.493.571;5.462.439;7.805.471;15.855.960.000.000.000;4.791.666;328.125;1.190.104;3.776.041;3.541.666;6.510.416;7.233.796;6.539.352;7.638.889;474.537;2.638.889;1.493.056;;2.155.671
219772;01/09/2018 14.52;2.404.398;4.973.958;52.821.180.000.000.000;45.182.289.123.535.200;6.289.352;6.464.917;151.548;17.173.029.999.999.900;1.614.583;1.530.671;43.605.779.999.999.900;2.046.203;4.248.082;1.283.475;4.222.737;;4.657.643;4.565.305;24.729.740.000.000.000;6.716.722;4.058.205;8.974.207;5.410.723;1.104.843;609.771;6.980.583;8.051.567;9.339.024;7.952.428;5.033.009;6.754.630.000.000.000;9.093.749;9.081.213;4.801.057;2.440.028;5.475.212;7.838.835;0.2004133;4.739.583;3.255.208;1.151.042;37.05.00;3.541.666;640.625;6.857.639;6.568.287;7.667.824;4.658.565;2.725.695;1.472.801;;2.210.648
219773;01/09/2018 14.53;2.399.479;497.395.820.617.676;52.821.180.000.000.000;45.182.289.123.535.200;635.995.361.328.125;6.347.766;150.463;1.707.176;162.037;15.277.779.999.999.900;433.208;20.425.929.999.999.900;4.070.353;1.283.264;4.209.639;;4.635.762;4.570.475;2.484.065;6.725.938;4.045.109;8.901.621;5.382.339;1.109.437;6.095.193;6.977.816;7.981.712;1.053.368;7.932.882;5.013.552;6.930.555;9.093.749;9.042.307;4.865.394;2.414.916;5.481.964;7.987.924;16.539.189.999.999.900;46.875;3.307.291;1.130.208;3.671.875;3.515.625;62.05.00;6.510.416;6.539.352;7.667.824;462.963;2.783.565;1.446.759;;2.277.199
219774;01/09/2018 14.54;2.404.398;497.395.820.617.676;52.907.990.000.000.000;45.182.289.123.535.200;6.252.314;62.566.069.999.999.900;150.897;1.707.899;162.037;1.530.671;4.352.283;2.088.075;3.954.568;1.281.095;4.211.738;;4.650.685;4.689.914;2.607.728;675.809;4.060.719;8.914.058;541.379;1.105.038;6.084.356;6.989.725;8.036.094;9.877.173;7.945.461;5.106.864;6.791.666;9.020.833;9.196.981;4.915.545;2.457.318;5.208.414;804.13.00;00.00;4.609.375;3.307.291;1.117.187;3.645.833;3.489.583;609.375;62.05.00;6.626.156.999.999.990;7.783.565;462.963;2.867.477;1.417.824;;2.335.069
219775;01/09/2018 14.55;2.402.431;497.395.820.617.676;52.907.990.000.000.000;45.182.289.123.535.200;6.251.563;60.644.780.000.000.000;1.511.863;1.707.176;162.037;1.530.671;4.254.883;2.082.232;3.955.188;12.835.280.000.000.000;4.203.887;;4.626.666;4.637.592;256.069;6.781.709;4.064.304;8.919.801;545.441;1.108.995;6.096.934;6.989.308;7.983.382;9.031.025;8.100.277;4.995.054;6.694.445;9.041.666;9.040.433;4.849.692;2.483.102;5.493.015;8.208.425;1.746.794;4.609.375;3.307.291;109.375;3.567.708;34.375;59.895.830.000.000.000;6.105.324;6.684.028;7.841.435;462.963;2.922.454;1.385.995;;2.358.218
219776;01/09/2018 14.56;24.004.630.000.000.000;497.395.820.617.676;5.295.139;45.182.289.123.535.200;6.292.823;59.121.919.999.999.900;150.463;171.224;161.603;1.544.415;4.193.395;16.188.779.999.999.900;380.942;12.864.460.000.000.000;4.214.485;;4.611.622;4.668.032;2.579.546;6.779.547;4.044.438;8.926.034;5.431.584;1.105.922;6.101.312;6.940.313;7.981.511;8.653.534;8.035.084;5.003.819;662.05.00;8.968.749;8.955.368;4.902.943;2.479.703;5.504.032;7.942.889;0.00016272889999999999;4.609.375;3.359.375;1.057.292;3.541.666;34.375;58.333.330.000.000.000;59.606.480.000.000.000;6.828.703;78.125;4.600.694;2.965.856;1.345.486;;2.355.324
219777;01/09/2018 14.57;2.404.398;497.395.820.617.676;52.907.990.000.000.000;45.182.289.123.535.200;631.712.951.660.156;6.022.388;150.463;17.173.029.999.999.900;1.610.966;1.516.204;4.020.483;1.487.982;38.019.090.000.000.000;1.278.621;42.111.199.999.999.900;;4.663.072;4.747.086;2.671.991;6.757.865;4.066.925;8.935.416;5.413.251;1.112.785;6.113.792;6.965.063;799.13.00;8.600.287;8.106.274;4.949.567;6.953.704;8.942.708;8.989.127;4.844.086;2.548.799;540.536;7.898.904;1.978.961;4.661.458;3.411.458;1.026.042;3.541.666;348.958.320.617.676;56.25.00;5.844.906.999.999.990;7.118.056;7.667.824;4.513.889;3.000.579;1.304.977;;2.355.324
219778;01/09/2018 14.58;2.399.479;497.395.820.617.676;52.907.990.000.000.000;45.182.289.123.535.200;634.375;6.058.112;150.897;17.173.029.999.999.900;1.614.583;15.364.579.999.999.900;40.716.809.999.999.900;14.503.870.000.000.000;3.902.848;1.281.281;4.210.331;;4.662.094;4.663.732;2.584.924;6.790.181;4.063.031;9.025.059;5.430.712;1.109.504;6.056.689;6.985.083;7.950.461;9.030.768;7.844.204;49.680.199.999.999.900;6.925.926;9.151.041;8.858.715;4.851.469;2.517.129;5.448.336;7.855.291;0.07214877;46.875;34.375;9.739.583;3.541.666;3.541.666;546.875;5.902.778.000.000.000;7.146.991;7.581.019;44.849.540.000.000.000;3.058.449;1.258.681;;2.346.644
219779;01/09/2018 14.59;2.404.398;497.395.820.617.676;52.907.990.000.000.000;45.182.289.123.535.200;6.309.028;5.939.923;150.897;17.173.029.999.999.900;1.619.647;1.538.628;412.775;14.673.110.000.000.000;39.598.009.999.999.900;1.291.595;4.209.427;;4.645.747;4.628.508;2.541.468;6.799.332;4.048.612;8.958.741;5.438.603;1.109.245;6.068.908;7.047.321;7.987.351;8.553.173;7.937.113;4.956.273;6.824.074;8.645.833;8.825.674;4.787.004;2.563.843;5.615.821;7.790.084;00.00;4.791.666;3.619.791;9.609.375;3.541.666;3.541.666;5.260.416;6.105.324;708.912;7.696.759;44.849.540.000.000.000;3.269.676;1.218.171;;2.340.856
219780;01/09/2018 15.00;2.402.431;497.395.820.617.676;5.295.139;45.182.289.123.535.200;6.303.241;6.275.538;150.463;17.173.029.999.999.900;1.619.647;1.540.075;4.262.996;13.827.979.999.999.900;4.201.513;1.279.538;4.200.188;;4.637.859;4.605.738;2.545.731;679.96;4.056.416;8.957.199;5.426.713;1105.99;6.121.867;6.973.361;7.959.148;8.301.514;8.064.759;499.086;6.814.814;8.671.874;907.313;4.672.097;2.491.358;5.448.647;7.827.055;1.588.621;484.375;4.427.083;9.296.875;3.567.708;37.05.00;5.078.125;6.481.481;7.233.796;8.391.203;4.513.889;3.619.792;1.145.833;;2.317.708
219781;01/09/2018 15.01;2.402.431;497.395.820.617.676;5.295.139;45.182.289.123.535.200;6.303.241;6.275.538;150.463;17.173.029.999.999.900;1.619.647;1.540.075;4.262.996;13.827.979.999.999.900;4.201.513;1.279.538;4.200.188;;4.637.859;4.605.738;2.545.731;679.96;4.056.416;8.957.199;5.426.713;1105.99;6.121.867;6.973.361;7.959.148;8.301.514;8.064.759;499.086;6.814.814;8.671.874;907.313;4.672.097;2.491.358;5.448.647;7.827.055;1.588.621;484.375;4.427.083;9.296.875;3.567.708;37.05.00;5.078.125;6.481.481;7.233.796;8.391.203;4.513.889;3.619.792;1.145.833;;2.317.708
219782;01/09/2018 15.02;2.404.398;497.395.820.617.676;52.821.180.000.000.000;45.182.289.123.535.200;6.376.157;6.350.068;1.511.863;17.173.029.999.999.900;162.037;1.543.692;41.184.940.000.000.000;31.653.879.999.999.900;4.270.285;128.562;4.210.577;;4.626.545;4.639.193;2.567.132;6.802.092;4.063.223;8.895.367;5.415.319;1.113.298;6.115.762;6.973.710.000.000.000;7.979.762;8.065.896;7.772.535;5.292.851;6.560.185;8.744.791;8.885.939.999.999.990;4.810.154;2.478.578;5.444.895;7.916.849;100.957;4.921.875;4.583.333;9.036.458;3.567.708;4.010.416;49.479.164.123.535.200;6.684.028;7.407.406.999.999.990;8.391.203;4.600.694;3.744.213;1.116.898;;2.303.241
219783;01/09/2018 15.03;2.399.479;4.973.958;52.821.180.000.000.000;4.518.229;6.380.787;6.544.922;150.463;171.224;161.603;15.364.579.999.999.900;4.055.073;302.268;42.073.209.999.999.900;1.282.916;42.169.699.999.999.900;;4.602.957;4.640.736;253.985;6.783.849;4.071.798;8.967.519;5.429.874;1.110.464;6.130.616;693.209;7.983.718;7.370.548;7.925.991;5.027.824;6.754.630.000.000.000;9.203.124;9.119.928;4.680.634;24.556.599.999.999.900;5.360.508;7.852.852;159.083;4.947.916;4.661.458;8.776.041;3.567.708;4.166.666;4.817.708;6.828.703;7.291.666;8.015.046;4.658.565;37.586.800.000.000.000;1.096.644;;2.277.199
219784;01/09/2018 15.04;2.404.398;49.782.990.000.000.000;52.907.990.000.000.000;4.513.889;6.273.148;6.601.139;15.010.129.999.999.900;17.223.670.000.000.000;1.606.626;1.535.012;4.046.368;2.813.043;4.111.505;1.285.929;4.213.071;;4.634.418;4.701.009;26.222.060.000.000.000;6.778.903;4.055.635;8.912.382;543.496;1.109.836;6.089.662;6.992.493;7.979.046;7.678.849;8.060.435;507.921;6.671.296;9.151.041;8.969.251;471.02.00;2.458.653;5.487.197;7.834.008;2.182.145;4.973.958;46.875;8.463.541;3.567.708;4.166.666;473.958.320.617.676;6.944.444;7.233.796;7.581.019;46.875;3.695.023;1.085.069;;2.259.838
219785;01/09/2018 15.05;2.404.398;49.782.985.687.255.800;52.821.180.000.000.000;45.138.885.498.046.800;6.295.139;6.531.806;1.511.863;17.173.029.999.999.900;1.605.903;1.535.012;4.075.078;2.737.957;40.040.259.999.999.900;1.283.765;4.208.196;;4.566.723;469.235;2.623.259;6.755.728;406.21.00;8.907.217;5.430.923;1.109.451;609.975;7.000.647;7.924.739;7.468.648;7.762.618;4.766.136;6.810.185;8.942.708;9.037.744;4.839.015;2.471.171;5.452.306;7.823.246;2.130.234;5.104.166;4.739.583;8.098.958;3.619.791;4.088.541;466.145.820.617.676;6.944.444;7.262.731;7.291.666;46.875;3.686.342;1.087.963;;2.256.944
219786;01/09/2018 15.06;24.004.630.000.000.000;49.782.985.687.255.800;528.211.784.362.793;45.138.885.498.046.800;6.322.916;6.526.177;1.511.863;17.173.029.999.999.900;16.283.279.999.999.900;1.535.012;4.157.484;195.366;3.956.642;1.277.133;4.192.748;;4.614.079;4.674.311;2.577.832;6.776.433;4.056.819;8.952.357;5.419.875;1.107.838;610.403;7.025.623;7.973.660.000.000.000;7.428.402;7.996.075;5.002.066;6.810.185;9.223.958;938.188;4.757.343;249.685;550.212;7.894.525;10.225.879.999.999.900;5.182.291;4.791.666;7.734.375;3.645.833;40.625;4.583.333;6.857.639;7.378.472;7.060.185;4.658.565;3.703.704;1.102.431;;2.274.306
219787;01/09/2018 15.07;2.404.398;49.782.985.687.255.800;528.211.784.362.793;45.138.885.498.046.800;6.234.201;6.834.597;150.897;17.223.670.000.000.000;161.603;1.544.415;4.174.224;2.073.185;3.839.956;1.277.598;4.231.423;;4.654.046;4.557.374;2.446.764;6.746.260.000.000.000;4.060.393;8.959.246;5.413.914;1.107.175;6.078.639;6.992.613;7.981.138;7.041.044;7.956.236;4.967.016;6.879.630.000.000.000;9.057.291;9.163.729;4.742.918;2.565.496;5.485.078;781.564;2.560.513;53.125;484.375;7.473.958;3.697.916;4.036.458;4.479.166;6.799.769;7.378.472;6.915.509;4.658.564.758.300.770;3.631.366;1.134.259;;2.288.773
219788;01/09/2018 15.08;2.399.479;49.782.985.687.255.800;52.821.180.000.000.000;45.138.885.498.046.800;6.369.213;705.989;150.463;17.173.029.999.999.900;161.603;1.530.671;4.277.818;1.747.599;36.166.090.000.000.000;1.279.618;4.195.932;;4.602.762;4.645.599;2.565.099;6.764.551;4.064.905;8.880.811;5.416.049;1.107.317;6.110.149;6.969.382;8.000.419;6.728.577;8.126.884;4.910.157;661.574;8.979.166;8.955.995;4.777.066;2.511.835;5.590.572;7.875.933;25.939.410.000.000.000;54.427.080.000.000.000;4.869.791;7.213.541;37.05.00;4.010.416;4.427.083;6.712.963;7.407.406.999.999.990;6.799.769;4.658.565;3.605.324;1.186.343;;2.306.134
219789;01/09/2018 15.09;2.404.398;49.782.985.687.255.800;5.277.777;4.513.889;6.372.686;7.358.811.999.999.990;1.511.863;17.223.670.000.000.000;1.623.987;1.535.012;4.190.651;1.810.814;3.545.702;128.435;4.210.384;;4.686.269;4.542.973;2.450.859;6.794.463;4.056.631;9.018.239;5.442.567;1.109.497;6.126.127;7.026.346;8.016.902;7.052.998;8.067.586;5.149.047;6.847.222;8.588.541;9.161.005;4.807.272;2.431.121;5.510.427;7.818.856;1.607.069;55.208.330.000.000.000;4.869.791;7.005.208;3.776.041;4.010.416;4.401.041;6.568.287;7.349.537;6.568.287;46.875;3.599.537;1.247.106;;2.291.667
219790;01/09/2018 15.10;2.404.398;49.782.985.687.255.800;52.821.180.000.000.000;45.095.490.000.000.000;6.349.537;7.487.267;150.463;17.223.670.000.000.000;161.603;1.538.628;4.094.373;189.315;3.540.173;1.284.253;4.202.949;;4.621.408;4.659.089;2.578.495;6.759.435;4.069.578;894.188;5.429.572;11.095.810.000.000.000;610.065;7.019.379;7.979.546;7.002.663;8.002.106;5.294.717;6.879.630.000.000.000;8.640.624;898.424;4.893.415;2.344.937;5.308.759;7.838.583;1.690.981;55.208.330.000.000.000;484.375;68.75;3.828.125;3.958.333;4.322.916;6.336.805;7.118.056;6.336.805;4.803.241;3.573.495;1.328.125;;2.262.731
219791;01/09/2018 15.11;2.399.479;49.782.990.000.000.000;52.821.180.000.000.000;45.095.485.687.255.800;6.438.657;7.476.156.999.999.990;150.463;17.173.029.999.999.900;1.614.583;1.543.692;3.934.832;18.917.679.999.999.900;3.548.446;1.277.558;4.198.972;;4.634.301;4.597.678;2.513.153;6.772.328;4.049.169;8.914.232;5.406.725;1.107.833;6.089.949;7.010.007;7.954.769;6.968.511;8.066.211;5.171.397;6.995.369.999.999.990;9.140.624;9.080.311;4.849.514;2.405.258;5.257.562;7.848.735;2.285.507;54.427.080.000.000.000;4.739.583;6.666.666;3.802.083;390.625;4.296.875;6.105.324;7.002.315;619.213;4.947.917;3.550.347;1.374.421;;224.537
219792;01/09/2018 15.12;240.735;4.986.979;5.277.777;45.095.485.687.255.800;6.400.463;7.408.972;151.548;1.718.027;161.603;1.538.628;3.853.003;30.104.809.999.999.900;3.649.414;1.279.073;4.190.571;;4.615.842;4.671.814;2.589.717;673.482;4.061.143;8.945.271;5.398.773;1.102.697;6.063.177;6.991.922;7.969.308;6.408.983;7.837.692;50.662.800.000.000.000;6.962.963;8.588.541;9.078.704;5.017.707;2.464.882;5.342.878;7.849.694;1.547.621;5.338.541;4.557.291;6.536.458;3.776.041;3.880.208;4.296.875;5.902.778.000.000.000;697.338;6.105.324;5.063.657;3.530.092;1.359.954;;224.537
219793;01/09/2018 15.13;24.004.630.000.000.000;49.869.789.123.535.200;52.777.774.810.790.900;45.095.485.687.255.800;6.363.426;7.058.133.000.000.000;150.463;17.173.029.999.999.900;1.610.966;1.551.649;3.880.318;1.872.886;3.630.424;12.767.619.999.999.900;4.204.585;;4.590.416;4.630.439;2.554.135;6.735.045;4.063.122;8.861.048;5.407.087;1.105.055;6.069.246;6.999.304;798.429;6.112.922;7.929.087;4.894.594;6.800.926;9.348.958;8.897.387;4.888.429;2.499.643;5.491.108;7.814.028;2.321.673;5.234.375;4.557.291;6.640.625;3.697.916;3.802.083;421.875;57.581.019.999.999.900;7.060.185;59.606.480.000.000.000;5.121.528;3.515.625;1.322.338;;2.225.116
219794;01/09/2018 15.14;2.404.398;4.986.979;5.277.777;45.095.485.687.255.800;6.287.037;6.975.243;150.463;17.173.029.999.999.900;1.619.647;15.270.539.999.999.900;382.107;18.227.339.999.999.900;3.584.963;1.275.561;4.204.078;;4.612.195;4.624.051;2.546.936;6.750.162;4.064.223;8.950.060.000.000.000;5.417.867;1.104.734;608.944;7.001.236;7.999.868;5.984.554;8.096.846;4.779.538;6.759.259;9.505.208;921.072;4.898.189;2.554.198;545.962;772.847;8.548.519;5.130.208;453.125;6.822.916;3.697.916;3.828.125;4.270.833;5.642.361;7.060.185;5.902.778.000.000.000;5.179.398;3.518.518;1.270.255;;2.204.861
219795;01/09/2018 15.15;2.404.398;4.991.319;52.821.180.000.000.000;45.095.485.687.255.800;6.255.787;709.903;150.463;17.173.029.999.999.900;1.614.583;1.540.075;3.717.957;2.885.237;3.542.037;1.272.194;4.204.474;;4.622.478;4.666.169;25.821.099.999.999.900;6.764.329;4.060.722;8.955.576;5.418.625;1.108.762;6.106.313;701.829;8.032.224;5.912.106;7.883.821;4.988.186;6.828.704;8.828.124;8.991.403;495.115;262.04.00;5.559.136;7.810.414;1.193.362;5.052.083;4.322.916;6.822.916;37.05.00;3.802.083;4.296.875;5.555.556;7.146.991;57.581.019.999.999.900;5.121.528;3.492.477;1.215.278;;2.210.648
219796;01/09/2018 15.16;2.396.528;499.131.927.490.234;5.277.777;45.095.490.000.000.000;6.368.055;732.942;151.548;17.223.670.000.000.000;161.603;1.535.012;37.830.059.999.999.900;4.207.557;3.507.783;1.275.531;4.199.089;;4.661.123;4.653.007;2.569.656;6.762.311;4.064.809;8.954.527;5.415.519;11.075.230.000.000.000;608.356;7.015.748;8.001.357;5.839.219;7.973.683;4.743.204;6.824.074;9.213.541;9.029.252;4.790.659;2.630.797;5.697.198;7.964.112;1.257.507;4.947.916;4.140.625;6.692.708;3.697.916;3.776.041;4.296.875;5.497.685;7.291.666;552.662;5.063.657;3.475.116;1.168.981;;2.219.329
219797;01/09/2018 15.17;2.406.366;499.131.927.490.234;52.777.774.810.790.900;4.500.868;6.298.611;7.294.367;15.198.210.000.000.000;17.223.670.000.000.000;161.603;15.270.539.999.999.900;3.710.962;4.140.895;3.332.608;128.601;4.207.798;;4.660.792;4.585.748;2.488.614;6.784.357;4.055.105;9.020.571;5.408.381;1.109.829;6.120.714;7.007.815;8.035.165;5.915.615;8.067.510.000.000.000;4.923.427;6.810.185;9.057.291;9.183.389;4.758.878;2.655.117;5.774.259.999.999.990;8.099.832;4.686.042;4.921.875;3.958.333;6.822.916;3.671.875;3.776.041;4.296.875;552.662;7.407.406.999.999.990;541.088;4.947.917;3.498.264;1.148.727;;2.225.116
219798;01/09/2018 15.18;24.004.630.000.000.000;499.131.927.490.234;5.277.777;450.086.784.362.793;6.289.352;6.988.114;150.897;171.224;1.606.626;1.535.012;37.360.690.000.000.000;43.000.209.999.999.900;32.697.359.999.999.900;12.809.330.000.000.000;4.206.321;;4.625.216;4.576.678;24.887.240.000.000.000;6.782.857;4.072.776;8.852.189.999.999.990;5.435.439;11.106.889.999.999.900;6.110.046;6.980.865;8.031.137;5.966.916;7.946.624;4.642.054;6.986.111;9.072.916;9.128.693;4.867.743;2.659.993;5.827.766;8.022.792;1.753.803;5.052.083;3.828.125;6.927.083;3.645.833;37.05.00;4.296.875;5.613.426;7.378.472;541.088;48.900.459.999.999.900;3.576.389;1.119.792;;2.190.394
219799;01/09/2018 15.19;2.404.398;499.131.927.490.234;5.273.437;450.086.784.362.793;6.288.195;6.862.765.999.999.990;150.463;17.223.670.000.000.000;16.124.129.999.999.900;1.530.671;3.721.775;4.292.071;3.071.896;12.756.780.000.000.000;4.208.591;;4.623.438;4.653.555;2.566.109;6.765.439;4.071.206;8.944.953;5.422.755;1.106.705;6.105.699;6.981.808;8.022.543;5.810.074;7.947.661;496.569;6.736.111;9.348.958;9.218.896;4.737.217;2.616.146;5.903.672;8.136.425;00.00;5.182.291;3.697.916;7.057.291;3.671.875;3.697.916;4.296.875;5.815.971.999.999.990;7.407.406.999.999.990;546.875;4.774.306;3.666.088;1.070.602;;2.152.778
219800;01/09/2018 15.20;2.405.382;4.991.319;52.734.371.185.302.700;450.086.784.362.793;6.320.602;6.845.135;1.511.863;171.224;1.632.668;1.544.415;37.243;42.741.279.999.999.900;3.050.549;1.271.635;4.200.566;;4.637.807;4.556.275;2.469.231;6.753.804;4.058.077;8.934.493;5.440.052;1.109.653;605.876;6.993.972;7.998.789;5.979.362;8.065.406;4.955.645;6.601.852;9.072.916;8.940.353;4.820.761;25.430.200.000.000.000;5.848.862;8.175.923;1.424.172;5.234.375;3.619.791;7.005.208;3.697.916;3.671.875;4.296.875;619.213;7.291.666;5.555.556;474.537;3.671.875;1.018.519;;2.100.694
219801;01/09/2018 15.21;2.399.479;499.566;52.734.371.185.302.700;450.086.784.362.793;6.307.869.999.999.990;6.752.698.000.000.000;150.897;17.173.029.999.999.900;16.124.129.999.999.900;1.538.628;3.699.321;433.505;3.123.712;127.327;4.207.471;;4.630.472;4.585.273;2.497.842;6.767.382;405.74;8.943.813;5.417.221;1.108.462;6.102.299;7.038.422;8.050.151;6.304.675;8.010.226;5.071.935;6.643.519;8.666.666;896.66;4.768.688;2.506.096;5.465.087;811.388;145.665;53.125;3.567.708;703.125;3.697.916;3.645.833;4.296.875;6.655.093.000.000.000;7.060.185;5.642.361;4.658.565;3.628.472;9.722.222;;2.054.398
219802;01/09/2018 15.22;2.406.366;499.565.963.745.117;52.734.371.185.302.700;4.500.868;6.267.361;6.996.916;150.463;17.173.029.999.999.900;162.037;15.198.210.000.000.000;3.568.943;4.465.354;3.314.901;1.260.005;4.194.338;;464.591;4.623.588;2.537.604;6.770.453;40.557.800.000.000.000;8.930.606;5.446.575;1.108.495;6.089.636;7.043.789.999.999.990;8.012.174;679.564;8.013.657;4.926.143;6.847.222;8.286.458;901.265;4.852.432;2.494.592;5.636.212;817.653;2.292.907;53.645.830.000.000.000;3.541.666;7.083.333;3.671.875;3.619.791;4.296.875;6.944.444;6.770.834;56.712.959.999.999.900;46.296.295.166.015.600;359.375;931.713;;2.037.037
219803;01/09/2018 15.23;24.004.630.000.000.000;499.565.963.745.117;5.273.437;44.965.270.000.000.000;6.349.537;7.210.103.000.000.000;1.511.863;171.224;16.283.279.999.999.900;1.535.012;354.169;47.194.309.999.999.900;3.562.553;1.263.927;4.207.007;;4.647.303;4.682.083;2.576.196;6.767.941;4.055.186;8.944.864;5.381.262;1110.31.00;6.105.872;700.916;7.997.896;7.022.639.999.999.990;8.136.036;5.033.233;6.847.222;8.515.624;9.051.397;4.789.406;2.481.799;5.558.954;8.133.641;0.0004630806;5.390.625;3.567.708;7.161.458;3.671.875;3.619.791;4.296.875;7.060.185;6.510.416;57.870.369.999.999.900;4.600.694;3.579.283;8.969.906.999.999.990;;203.125
219804;01/09/2018 15.24;2.404.398;499.566;5.269.096.999.999.990;44.965.274.810.790.900;6.228.414;7.405.473;150.897;171.224;1.619.647;1.548.032;3.492.747;48.166.309.999.999.900;3.731.105;1.246.001;4.212.792;;4.612.363;4.609.236;2.527.542;6.697.760.000.000.000;4.055.989;8.927.271;5.401.707;1.105.187;6.034.772;6.899.749;7.930.623;6.805.065;7.902.333;4.817.781;6.805.555;8.203.124;8.851.456;4.803.259;252.636;5.548.216;8.051.573;0.01012008;54.427.080.000.000.000;3.619.791;7.291.666;3.645.833;3.619.791;4.296.875;697.338;62.05.00;5.815.971.999.999.990;460.069.427.490.234;3.587.963;865.162;;2.042.824
219805;01/09/2018 15.25;2.404.398;50.00.00;5.273.437;44.965.274.810.790.900;6.304.398;7.281.905;150.897;171.224;1.619.647;1.530.671;3.435.457;4.984.584;3.819.941;1.255.172;4.212.205;;4.640.794;463.48.00;2.547.568;6.759.481;4.065.753;9.018.082;5.441.124;11.073.239.999.999.900;6.126.348;6.954.124;8.014.276;6.202.044;8.178.058;4.755.489;6.870.369.999.999.990;8.390.624;8.569.761;4.711.257;2.522.396;5.526.572;8.058.085;152.299;5.390.625;3.645.833;7.291.666;3.645.833;3.567.708;4.322.916;6.857.639;6.076.389;5.844.906.999.999.990;460.069.427.490.234;3.608.217;8.420.139;;2.057.292
219806;01/09/2018 15.26;2.399.479;50.00.00;5.269.096.999.999.990;44.965.274.810.790.900;6.365.741;7.224.195;151.548;17.173.029.999.999.900;161.603;15.270.539.999.999.900;362.819;5.052.039;38.833.290.000.000.000;12.660.969.999.999.900;4.212.766;;4.623.907;4.681.755;2.604.901;6.777.489.999.999.990;4.055.709;8.885.055;5.405.778;1.104.225;6.063.356;6.982.374;7.969.702;6.542.072;8.068.856;4.904.598;6.902.778;8.604.166;8.880.039;4.690.202;2.550.255;5.547.449;7.813.729;2.612.977;5.338.541;3.645.833;7.213.541;3.619.791;3.619.791;43.229.164.123.535.200;6.655.093.000.000.000;5.902.778.000.000.000;5.815.971.999.999.990;4.600.694;3.622.685;8.275.463;;2.054.398
219807;01/09/2018 15.27;2.404.398;50.00.00;526.909.713.745.117;44.965.274.810.790.900;6.302.083;7.105.277;1.512.587;17.173.029.999.999.900;161.603;1.535.012;3.630.305;5.098.628;3.955.621;1.269.506;4.204.887;;4.644.424;4.657.263;2.576.882;6.750.921;4.057.792;8.925.762;5.420.312;1.104.774;6.140.889;6.987.247;8.033.883;6.982.937;8.040.772;4.966.803;6.458.333;8.489.583;8.852.662;4.684.525;2.515.169;5.491.245;7.863.822;00.00;5.338.541;37.05.00;7.265.625;3.645.833;3.567.708;43.229.164.123.535.200;6.365.741;57.870.369.999.999.900;5.902.778.000.000.000;462.963;3.527.199;8.362.269;;2.042.824
219808;01/09/2018 15.28;2.402.431;50.00.00;526.909.713.745.117;44.965.274.810.790.900;6.275.463;7.079.105;151.548;17.223.670.000.000.000;1.619.647;1.538.628;3.555.835;5.148.701;3.867.917;1.270.534;4.216.088;;4.662.892;4.556.513;2.451.329;6.736.845;4.057.933;8.930.809;5.398.415;1.106.486;6.077.057;6.947.872;7.934.702;6.928.536;8.012.772;4.914.067;6.550.926;8.437.499;8.768.353;4.480.388;2.531.738;5.555.356;7.886.304;6.821.274.000.000.000;5.338.541;3.958.333;734.375;3.645.833;3.567.708;4.322.916;6.105.324;5.642.361;59.317.130.000.000.000;46.296.295.166.015.600;3.391.204;8.449.074;;2.025.463
219809;01/09/2018 15.29;2.402.431;500.868;526.909.713.745.117;44.965.274.810.790.900;6.254.630.000.000.000;7.382.777;150.463;17.223.670.000.000.000;1.629.051;15.227.139.999.999.900;3.586.057;518.522;3.853.952;1.277.856;4.198.818;;45.992.900.000.000.000;465.418;2.574.209;6.781.353;4.059.441;8.892.047;5.416.935;1.105.937;6.136.858;7.031.759;8.004.586;7.075.648;7.999.941;4.878.898;674.074;8.317.708;8.913.427;4.476.391;2.551.803;5.505.437;7.820.889.999.999.990;0.0007290227000000001;53.645.830.000.000.000;4.088.541;7.265.625;3.671.875;3.645.833;4.348.958;59.895.830.000.000.000;5.555.556;59.606.480.000.000.000;462.963;32.899.300.000.000.000;8.506.944;;2.016.782
219810;01/09/2018 15.30;2.404.398;500.868.034.362.793;5.269.096.999.999.990;44.965.270.000.000.000;6.440.972;744.442;151.548;171.224;16.124.129.999.999.900;15.270.539.999.999.900;3.550.318;5.154.234;371.141;12.840.819.999.999.900;41.839.099.999.999.900;;4.650.775;454.626;2.458.731;6.758.860.000.000.000;4.057.511;8.975.463;5.402.023;1.109.336;6.117.159;704.923;8.030.060.000.000.000;7.504.075;8.007.067;4.987.747;6.828.704;8.833.333;8.942.231;4.523.535;2.499.953;563.29.00;7.966.706;0.1209224;54.427.080.000.000.000;4.427.083;7.161.458;3.671.875;3.645.833;4.401.041;5.844.906.999.999.990;541.088;59.895.830.000.000.000;4.658.565;3.214.699;8.709.491;;2.013.889
219811;01/09/2018 15.31;2.402.431;500.868.034.362.793;5.260.416;4.492.188;6.420.139;764.592;1.511.863;17.173.029.999.999.900;162.037;1.535.012;35.268.640.000.000.000;5.136.663;3.688.968;1.278.679;4.191.377;;4.584.296;4.693.972;26.124.549.999.999.900;6.757.460.000.000.000;406.245;8.871.304;5.430.999;1.109.031;6.090.737;7.005.073;7.976.782;7.346.746;7.843.821;5.067.991;6.708.333;8.963.541;8.773.275;4.567.181;24.700.400.000.000.000;5.523.199;796.421;0.0001032252;5.494.791;46.875;71.875;3.671.875;3.671.875;4.348.958;5.815.971.999.999.990;541.088;59.317.130.000.000.000;4.658.565;3.136.574;9.027.778;;2.002.315
219812;01/09/2018 15.32;2.404.398;500.868;52.604.164.123.535.200;44.921.875;6.379.630.000.000.000;7.654.807;150.897;17.173.029.999.999.900;1.629.051;1.538.628;3.568.365;50.920.190.000.000.000;3.565.956;1.275.731;4.197.104;;4.626.465;4.615.693;25.247.610.000.000.000;6.770.719;4.048.565;8.958.651;5.402.841;1.105.374;608.854;7.021.356;7.992.458;7.779.732;8.130.934;5.222.372;6.921.296;8.541.666;9.013.315;450.401;2.442.256;5.588.019;7.928.082;2.696.965;5.572.916;5.182.291;7.213.541;3.671.875;3.697.916;434.895.820.617.676;59.606.480.000.000.000;541.088;59.317.130.000.000.000;462.963;3.072.917;9.172.453;;1.996.528
219813;01/09/2018 15.33;2.401.447;5.013.021;52.604.164.123.535.200;44.921.875;6.216.436;7.607.884;15.198.210.000.000.000;17.173.029.999.999.900;162.037;1.540.075;35.219.840.000.000.000;5.153.074;3.550.564;1.275.297;4.212.897;;460.718;4.598.989;2.508.049;6.773.406;4.051.768;8.945.381;5.410.292;1.109.546;6.114.054;6.983.277;7.991.955;7.731.978;7.903.439;5.124.214;6.652.778;8.822.916;8.782.773;4.543.877;2.317.203;5.407.946;7.923.464;1.067.784;56.25.00;5.729.166;71.875;3.697.916;37.05.00;4.348.958;6.076.389;546.875;59.606.480.000.000.000;462.963;3.113.426;9.259.259;;2.002.315
219814;01/09/2018 15.34;2.402.431;501.302.070.617.676;5.260.416;44.921.875;6.371.528;7.722.332;150.463;17.173.029.999.999.900;161.603;15.277.779.999.999.900;35.767.540.000.000.000;5.150.522;36.245.779.999.999.900;1.270.982;4.202.711;;4.608.857;4.646.422;2.555.418;6.775.701;4.058.336;8.879.455;5.432.631;1.106.505;6.083.290.000.000.000;698.692;7.977.222;7.937.621;8.014.811;5.121.419;6.921.296;8.932.291;8.818.937;4.636.578;2.342.789;5.375.302;7.991.392;0.9778468000000001;56.25.00;6.015.625;7.135.416;3.671.875;3.776.041;4.322.916;6.105.324;5.642.361;59.317.130.000.000.000;4.658.565;3.098.958;9.172.453;;2.025.463
219815;01/09/2018 15.35;2.404.398;5.013.021;5.269.096.999.999.990;44.921.875;6.274.305;7.762.749.000.000.000;1.511.863;17.173.029.999.999.900;16.124.129.999.999.900;1.540.075;3.483.255;5.087.376;3.684.972;1.272.311;41.836.400.000.000.000;;4.613.748;4.545.009;2.455.418;676.571;4.052.868;8.939.132;5.408.228;1.106.502;6.085.988;6.987.461;7.962.803;8.007.214;8.018.723;5.029.883;6.791.666;9.692.708;898.502;4.699.141;2.366.437;5.332.283;7.931.943;00.00;5.651.041;63.020.830.000.000.000;703.125;3.645.833;3.802.083;427.083.320.617.676;6.076.389;5.902.778.000.000.000;59.895.830.000.000.000;4.658.564.758.300.770;3.043.981;9.085.648;;2.060.185
219816;01/09/2018 15.36;24.004.630.000.000.000;5.052.083;5.269.096.999.999.990;4.492.188;6.307.869.999.999.990;7.817.482;150.897;17.223.670.000.000.000;1.614.583;1.547.309;3.528.805;5.077.991;36.969.429.999.999.900;1.268.827;4.175.161;;4.607.332;4.659.749;257.065;6.766.864;4.067.173;8.932.944;5.410.982;1.109.205;6.083.065;7.023.104;8.009.207;8.141.378;793.122;5.038.365;6.939.814;8.984.374;9.130.701;4.596.173;2.372.286;5.334.965;7.861.349;00.00;57.552.080.000.000.000;6.510.416;7.161.458;3.645.833;3.802.083;421.875;6.076.389;6.221.065;59.895.830.000.000.000;4.658.564.758.300.770;296.875;8.940.972;;208.912
219817;01/09/2018 15.37;2.404.398;5.017.361;5.260.416;4.487.847;6.372.685;780.507;150.897;171.224;1.619.647;1.547.309;34.616.209.999.999.900;50.832.229.999.999.900;360.972;1.278.345;4.182.632;;4.582.729;450.615;2.399.795;6.706.046;4.053.279;8.900.944;5.363.539;1.105.035;6.155.266;683.049;7.885.717;8.221.685;8.065.643;5.029.265;6.949.074;9.255.208;8.790.029;4.692.772;2.356.374;5.210.922;772.819;00.00;58.333.330.000.000.000;6.692.708;7.265.625;3.671.875;3.828.125;4.270.833;619.213;6.626.156.999.999.990;59.895.830.000.000.000;4.658.564.758.300.770;281.25.00;8.796.296;;2.083.333
219818;01/09/2018 15.38;2.406.366;50.173.610.687.255.800;52.560.759.999.999.900;448.784.713.745.117;6.229.166;7.665.904;1.511.863;17.173.029.999.999.900;1.610.966;1.548.032;3.544.161;5.198.731;3.575.587;1.271.267;4.210.705;;4.625.068;4.531.379;2.437.025;6.747.066;4.055.561;8.961.226;5.427.252;1109.38.00;6.090.223;6.975.559;8.035.068;8.089.439;8.132.748;4.962.591;6.805.555;9.151.041;9.063.466;4.749.528;230.821;5.211.497;7.783.217;0.04678348;5.963.541;6.744.791;7.317.708;3.671.875;3.880.208;4.296.875;6.278.935;6.712.963;59.317.130.000.000.000;4.658.565;2.688.079;8.709.491;;2.057.292
219819;01/09/2018 15.39;2.402.431;5.017.361;52.560.759.999.999.900;448.784.713.745.117;6.355.324;749.216;1.511.863;171.224;1.619.647;15.364.579.999.999.900;3.509.347;5.213.609;3.576.964;1.277.835;4.215.697;;4.654.531;4.649.817;2.602.652;6.754.209;4.066.944;8.927.164;541.215;1.108.087;6.077.375;696.939;7.936.739;7.856.144;7.764.288;5.088.826;6.884.259;8.848.958;9.088.862;478.994;2.289.131;50.526.800.000.000.000;7.706.088;00.00;609.375;6.770.833;734.375;3.697.916;390.625;4.322.916;6.510.416;6.712.963;57.581.019.999.999.900;46.296.295.166.015.600;2.575.231;8.680.556;;2.025.463
219820;01/09/2018 15.40;2.406.366;50.217.009.999.999.900;5.260.416;448.784.713.745.117;6.340.278;7.575.014;150.897;17.173.029.999.999.900;1.623.987;1.530.671;3.471.805;52.653.290.000.000.000;3.575.246;1.279.166;4.204.425;;4.676.224;454.301;2.440.336;6.786.581;4.050.202;8.957.363;5.418.561;1.109.951;6.145.173;7.020.576;7.984.604;8.700.411;8.033.215;5.093.982;7.092.593;9.072.916;9.191.506;4.871.125;2.258.904;5.029.017;7.756.249;00.00;609.375;6.822.916;7.317.708;37.05.00;390.625;4.348.958;6.944.444;6.712.963;5.613.426;4.600.694;2.485.532;859.375;;1.993.634
219821;01/09/2018 15.41;2.401.447;50.217.010.498.046.800;52.560.759.999.999.900;4.487.847;6.314.814;7.536.137;150.463;17.223.670.000.000.000;1.619.647;1.538.628;3.494.088;53.221.169.999.999.900;362.597;1.282.082;4.203.137;;4.641.457;4.645.878;2.560.591;6.756.131;4.045.725;8.938.051;5.445.378;1.109.547;6.085.899;6.982.824;8.013.472;7.940.964;8.098.164;4.962.611;6.939.814;9.296.874;9.227.473;4.951.214;2.317.704;5.196.106;7.752.081;00.00;609.375;6.901.041;7.395.833;37.05.00;390.625;434.895.820.617.676;7.262.731;6.712.963;5.497.685;4.513.889;2.387.153;8.506.944;;1.956.019
219822;01/09/2018 15.42;2.404.398;50.217.010.498.046.800;52.560.760.498.046.800;4.479.166;6.328.704;7.701.641;1.511.863;17.173.029.999.999.900;1.623.987;1.544.415;3.449.807;54.278.830.000.000.000;3.676.214;1.278.234;4.208.865;;462.173;4.574.184;2.476.714;6.749.244;4.047.063;8.937.698;5.403.436;1.108.239;6.131.081;6.938.906;800.653;7.888.279;7.945.335;5.111.572;6.976.852;8.984.374;9.203.382;5.018.177;2.317.068;5.213.928;7.766.125;0.04337441;609.375;6.953.125;7.395.833;3.776.041;3.932.291;4.348.958;7.581.019;6.712.963;546.875;45.138.889.312.744.100;2.256.944;8.391.203;;1.909.722
219823;01/09/2018 15.43;24.004.630.000.000.000;50.217.009.999.999.900;52.560.759.999.999.900;44.791.664.123.535.200;6.310.185;7.841.933;15.198.210.000.000.000;17.173.029.999.999.900;16.124.129.999.999.900;15.509.260.000.000.000;3.327.925;5.434.412;376.538;126.908;4.191.173;;4.603.246;4.675.968;2.589.153;6.748.875;4.053.875;8.902.426;5.385.884;1.110.252;6.064.727;7.012.997;7.997.443;8.029.297;7.902.858;5.019.631;7.157.407;9.432.291;9.204.675;4.921.946;2.334.973;5.180.495;7.716.047;00.00;609.375;7.005.208;7.317.708;3.776.041;3.932.291;4.322.916;7.552.084;6.655.093.000.000.000;546.875;45.138.889.312.744.100;2.141.204;8.449.074;;1.854.745
219824;01/09/2018 15.44;24.004.630.000.000.000;5.030.382;5.251.736;44.791.664.123.535.200;6.370.369.999.999.990;7.830.116;15.234.379.999.999.900;171.224;1.623.987;15.364.579.999.999.900;3.392.188;5.460.162;3.831.779;1.273.596;4.211.391;;46.924.800.000.000.000;4.655.018;2.593.493;6.792.595;4.061.944;8.975.941;5.414.839;1.110.521;6.138.159;6.987.488;8.017.068;7.834.968;7.982.462;483.985;6.898.148;9.166.666;8.900.154;4.879.709;2.369.891;5.232.681;7.930.098;1.702.808;6.041.666;6.953.125;71.875;3.776.041;390.625;4.296.875;7.349.537;6.655.093.000.000.000;541.088;45.138.889.312.744.100;2.013.889;8.420.139;;1.820.023
219825;01/09/2018 15.45;2.404.398;503.038.177.490.234;52.560.759.999.999.900;44.791.664.123.535.200;6.303.646;7.899.615;1.511.863;17.173.029.999.999.900;1.619.647;15.364.579.999.999.900;33.948;5.440.561.999.999.990;38.534.929.999.999.900;12.648.060.000.000.000;4.213.968;;4.608.364;4.764.574;2.695.148;6.770.544;4.064.657;8.870.547;5.453.588;1.104.221;6.079.924;6.977.928;8.000.909;7.416.982;8.024.986;5.088.347;6.962.963;9.296.874;9.244.568;4.960.119;2.368.108;5.237.326;764.419;0.0001584813;6.041.666;703.125;7.005.208;3.776.041;390.625;4.296.875;708.912;6.655.093.000.000.000;5.381.944;45.138.889.312.744.100;1.938.657;8.362.269;;1.791.088
219826;01/09/2018 15.46;2.404.398;503.038.177.490.234;5.251.736;4.479.166;6.269.676;7.739.095;15.234.379.999.999.900;171.224;1.605.903;1.530.671;33.966.029.999.999.900;54.139.669.999.999.900;3.890.446;1.262.969;421.184;;4.599.486;4.626.067;25.407.040.000.000.000;6.795.035;4.057.975;8.957.711;540.384;1.109.383;6.111.538;6.980.327;8.009.177;7.701.646;7.987.217;4.807.911;7.069.445;8.781.249;9.106.495;4.877.026;2.423.248;534.345;7.718.333;27.871.990.000.000.000;609.375;7.135.416;68.75;37.05.00;390.625;4.322.916;6.944.444;6.626.156.999.999.990;5.353.009;45.138.889.312.744.100;1.877.894;8.275.463;;176.794
219827;01/09/2018 15.47;2.402.431;503.038.177.490.234;52.560.759.999.999.900;44.748.259.999.999.900;6.274.305;7.721.551;15.234.379.999.999.900;17.173.029.999.999.900;1.623.264;1.543.692;340.857;5.309.783;3.830.786;13.046.560.000.000.000;4.207.684;;4.629.164;4.629.101;2.545.137;6.769.537;4.043.366;8.929.529;5.398.401;1.105.776;6.072.074;7.004.775;8.016.219;7.766.028;7.883.517;5.100.135;6.532.407;9.062.499;9.311.454;4.929.394;2.475.832;5.311.019;7.744.528;00.00;609.375;7.005.208;6.953.125;37.05.00;390.625;43.229.164.123.535.200;6.799.769;6.655.093.000.000.000;5.353.009;4.513.889;182.581;8.391.203;;1.727.431
219828;01/09/2018 15.48;24.004.630.000.000.000;5.030.382;5.247.396;44.748.260.498.046.800;6.331.018;7.681.068;1.511.863;17.173.029.999.999.900;1.610.966;1.535.012;3.282.821;54.415.969.999.999.900;3.704.852;1.297.787;4.201.883;;4.647.085;460.777;25.178.529.999.999.900;6.764.895;4.058.053;8.960.101;540.998;1.111.843;6.084.465;6.943.972;802.048;7.680.558;7.973.958;5.106.231;6.805.555;9.197.916;8.961.624;4.890.002;2.444.628;5.286.848;7.702.029;00.00;6.015.625;6.953.125;703.125;37.05.00;390.625;4.322.916;6.655.093.000.000.000;6.655.093.000.000.000;52.662.040.000.000.000;4.542.824;1.805.556;8.449.074;;1.689.815
219829;01/09/2018 15.49;2.402.431;5.034.722;5.251.736;44.748.260.498.046.800;643.75;7.689.619;1.511.863;17.173.029.999.999.900;1.623.264;1.540.075;3.209.152;5.382.595;36.203.959.999.999.900;1.298.939;4.209.359;;4.633.646;464.96;2.550.555;6.783.656;4.069.152;8.919.706;5.430.161;1.106.947;6.099.242;7.049.442;8.048.159;821.571;8.098.453;4.915.697;6.305.555;8.744.791;9.194.918;486.598;2.485.505;5.462.597;779.785;00.00;5.859.375;68.75;6.953.125;37.05.00;3.880.208;4.401.041;6.626.156.999.999.990;6.684.028;5.208.333;4.513.889;1.765.046;853.588;;1.684.028
219830;01/09/2018 15.50;2.404.398;503.472.213.745.117;52.517.360.687.255.800;44.748.260.498.046.800;6.251.157;7.785.053;151.548;17.173.029.999.999.900;161.603;15.270.539.999.999.900;3.366.534;5.427.145;3.631.599;1.304.522;4.200.214;;46.223.400.000.000.000;4.595.331;2.515.362;6.766.036;4.064.361;8.942.029;5.433.665;1.111.388;608.831;6.967.089;7.989.013;8.378.969.999.999.990;8.121.149;5.090.358;6.712.963;8.541.666;903.79;4.864.062;2.404.283;5.296.902;7.835.825;1.056.247;57.552.080.000.000.000;6.640.625;68.75;3.697.916;3.880.208;4.348.958;6.655.093.000.000.000;6.684.028;5.208.333;45.138.889.312.744.100;1.750.579;8.506.944;;1.704.282
219831;01/09/2018 15.51;2.402.431;503.472.213.745.117;5.251.736;44.748.260.498.046.800;6.348.380.000.000.000;7.825.305;150.463;171.224;16.124.129.999.999.900;1.551.649;3.446.883;5.425.594;3.649.375;1.309.106;42.001.099.999.999.900;;4.633.927;4.577.054;2.481.822;6.797.734;4.060.403;8.999.865;5.436.268;1.105.167;6.090.177;7.063.016;800.189;8.329.464;805.197;4.936.145;6.777.778;9.270.833;9.125.546;4.849.108;2.421.175;5.425.086;7.815.606;9.596.877.000.000.000;58.333.330.000.000.000;6.614.583;6.901.041;3.697.916;3.880.208;4.322.916;6.539.352;6.655.093.000.000.000;5.179.398;45.138.889.312.744.100;1.750.579;8.362.269;;1.710.069
219832;01/09/2018 15.52;2.404.398;503.472.213.745.117;5.247.396;44.748.259.999.999.900;6.319.445;7.836.446;15.198.210.000.000.000;1.703.559;1.619.647;1.547.309;3.650.817;53.902.190.000.000.000;3.716.616;13.059.510.000.000.000;4.179.326;;4.644.201;4.648.122;2.564.352;6.777.132;4.047.529;889.173;5.425.633;1.107.662;6.080.029;7.041.351;7.978.041;8.801.864;7.988.781;4.958.608;6.662.037;8.749.999;8.877.295;4.846.607;2.456.953;5.360.613;7.780.786;1.396.471;6.041.666;6.432.291;7.213.541;37.05.00;390.625;4.348.958;6.394.676;6.568.287;5.179.398;45.138.889.312.744.100;1.724.537;8.101.852;;1.733.218
219833;01/09/2018 15.53;2.402.431;503.472.213.745.117;5.251.736;4.470.486;6.271.991;7.846.481;15.234.379.999.999.900;17.223.670.000.000.000;1.610.966;15.227.139.999.999.900;3.713.805;53.188.159.999.999.900;37.209;1.312.459;4.170.031;;4.579.408;4.623.581;25.387.299.999.999.900;6.744.646;4.060.756;8.920.483;5.427.562;1.109.619;6.131.061;7.018.046;8.011.338;1.172.059;7.925.164;4.928.198;6.972.222;8.671.874;8.935.589;4.914.633;2.468.781;5.354.041;777.669;12.862.860.000.000.000;6.276.041;63.020.830.000.000.000;7.604.166;3.802.083;390.625;4.401.041;6.336.805;6.539.352;5.179.398;4.513.889;1.707.176;787.037;;1.739.005
219834;01/09/2018 15.54;24.004.630.000.000.000;5.034.722;5.247.396;44.704.860.687.255.800;6.285.880.000.000.000;7.834.393;1.511.863;1.726.707;1.623.987;15.270.539.999.999.900;3.636.222;525.175;3.807.421;1.293.361;4.194.422;;4.620.344;4.584.368;25.108.330.000.000.000;6.750.563;4.051.027;8.932.410.000.000.000;5.425.602;1.104.847;6.084.797;7.023.101;7.988.984;1.197.661;8.063.622;5.006.476;6.694.445;8.807.291;8.786.719;4.726.457;2.527.217;5.540.471;7.841.608;2.216.282;6.510.416;63.020.830.000.000.000;7.864.583;3.776.041;3.880.208;453.125;6.423.611;6.568.287;5.063.657;44.849.540.000.000.000;1.710.069;7.783.565;;1.724.537
219835;01/09/2018 15.55;2.404.398;5.039.062;5.247.396;44.704.860.687.255.800;6.278.935;7.855.311;1.511.863;17.173.029.999.999.900;162.037;1.538.628;3.423.359;5.224.106;3.863.306;1.303.153;4.210.428;;4.608.376;45.899.800.000.000.000;2.512.996;6.751.927;4.052.365;8.952.516;5.410.721;1.107.685;6.078.845;6.974.565;8.000.337;1.195.978;7.993.108;4.900.963;6.643.519;8.328.124;8.903.005;4.840.542;249.96;5.354.426;7.860.552;1.131.921;6.614.583;6.354.166;796.875;3.776.041;3.880.208;4.583.333;6.655.093.000.000.000;6.684.028;4.976.852;44.849.536.895.752;1.707.176;7.725.694;;1.704.282
219836;01/09/2018 15.56;2.399.479;50.390.621.185.302.700;5.238.715;44.704.860.687.255.800;6.268.518;7.898.980.999.999.990;150.897;171.224;161.603;15.198.210.000.000.000;3.410.484;52.190.059.999.999.900;39.069.520.000.000.000;1.306.736;4.209.217;;4.640.762;4.644.301;25.602.139.999.999.900;6.728.743;4.060.214;8.881.788;5.402.083;1.103.317;6.142.435;6.907.255;7.970.126;1.197.471;7.982.463;479.971;6.722.222;9.244.791;8.868.483;466.756;2.529.494;5.468.478;7.804.012;174.056;6.744.791;65.625;7.734.375;37.05.00;3.828.125;4.583.333;6.684.028;6.857.639;5.034.722;44.849.540.000.000.000;1.712.963;7.523.148;;1.692.708
219837;01/09/2018 15.57;2.404.398;50.390.621.185.302.700;5.247.396;44.704.860.687.255.800;6.359.954;8.075.961;151.548;171.224;161.603;1.544.415;3.365.318;5.101.829;3.939.072;1.308.111;4.185.471;;4.646.011;4.436.858;2.341.637;6.687.916;4.051.396;8.959.738;5.418.909;1.111.063;6.063.746;6.771.439.999.999.990;8.092.759;7.257.375;7.583.641;4.637.846;6.384.259;7.088.541;8.140.819;4.309.449;2.353.455;523.289;7.608.962;12.326.239.999.999.900;68.75;6.822.916;7.604.166;3.697.916;3.828.125;453.125;6.423.611;6.857.639;5.092.593;45.138.889.312.744.100;1.704.282;7.349.537;;1.689.815
219838;01/09/2018 15.58;2.404.398;5.039.062;5.238.715;44.704.860.687.255.800;6.306.713;8.200.197;15.198.210.000.000.000;171.224;161.603;1.531.395;3.391.899;5.120.896;38.82;130.521;421.167;;4.664.238;464.275;2.564.709;6.777.179;4.066.305;8.940.275;5.453.735;1.110.995;6.225.956;7.003.484;8.001.976;9.402.925;8.173.480.000.000.000;4.927.224;6.712.963;9.124.999;8.966.081;4.522.097;2.151.955;4.959.436;7.568.107;2.048.177;6.796.875;6.901.041;7.395.833;3.697.916;3.828.125;4.453.125;6.221.065;6.684.028;5.208.333;4.542.824;1.712.963;7.233.796;;1.695.602
219839;01/09/2018 15.59;2.399.479;50.434.020.000.000.000;5.238.715;4.470.486;6.271.991;798.885;150.897;171.224;1.623.264;1.531.395;3.452.433;5.082.575;37.524.190.000.000.000;130.106;4.202.376;;4.577.012;4.648.499;255.878;6.755.089;4.048.703;8.911.801;5.407.915;1.106.986;6.087.757;7.001.541;7.988.281;8.879.184;8.159.422;495.12.00;674.074;9.005.208;9.020.315;4.557.767;2.218.018;4.923.413;7.650.786;5.510.833;6.666.666;68.75;7.291.666;3.671.875;3.880.208;4.453.125;60.474.540.000.000.000;6.539.352;5.324.074;4.600.694;1.689.815;708.912;;1.695.602
219840;01/09/2018 16.00;2.402.431;50.434.020.000.000.000;5.238.715;446.614.570.617.676;6.334.491;7.914.273;150.897;17.173.029.999.999.900;1.619.647;15.270.539.999.999.900;337.233;50.299.609.999.999.900;3.795.497;1.300.265;4.207.291;;4.644.812;4.685.801;2.614.202;6.755.646;4.049.508;8.901.678;5.410.319.999.999.990;1.111.531;6.124.915;7.015.541;8.018.514;8.791.908;7.977.241;5.248.558;6.828.704;8.979.166;9.066.666;4.754.361;2.263.435;5.056.719;7.644.949;6.391.627;6.744.791;7.083.333;7.395.833;3.697.916;3.880.208;4.401.041;5.902.778.000.000.000;6.221.065;52.662.040.000.000.000;4.600.694;1.626.157;6.712.963;;1.681.134
219841;01/09/2018 16.01;2.402.431;50.434.020.000.000.000;5.238.715;446.614.570.617.676;6.334.491;7.914.273;150.897;17.173.029.999.999.900;1.619.647;15.270.539.999.999.900;337.233;50.299.609.999.999.900;3.795.497;1.300.265;4.207.291;;4.644.812;4.685.801;2.614.202;6.755.646;4.049.508;8.901.678;5.410.319.999.999.990;1.111.531;6.124.915;7.015.541;8.018.514;8.791.908;7.977.241;5.248.558;6.828.704;8.979.166;9.066.666;4.754.361;2.263.435;5.056.719;7.644.949;6.391.627;6.744.791;7.083.333;7.395.833;3.697.916;3.880.208;4.401.041;5.902.778.000.000.000;6.221.065;52.662.040.000.000.000;4.600.694;1.626.157;6.712.963;;1.681.134
219842;01/09/2018 16.02;2.402.431;50.434.020.000.000.000;5.238.715;446.614.570.617.676;6.422.454;7.895.743;1.511.863;1.707.176;161.603;15.227.139.999.999.900;3.336.164;5.157.848;3.766.163;1.292.384;4.192.534;;4.630.727;4.734.246;2.681.587;6.747.883;4.063.966;9.000.535;5.419.797;1.103.447;6.059.988;7.005.526;8.013.116;1.135.269;8.051.241;4.988.187;6.620.369.999.999.990;9.229.166;9.071.559;471.834;2.373.737;5.160.115;7.762.596;869.064;6.796.875;71.875;7.447.916;37.05.00;390.625;4.401.041;57.870.369.999.999.900;60.474.540.000.000.000;5.179.398;4.542.824;166.088;6.626.156.999.999.990;;1.675.347
219843;01/09/2018 16.03;2.405.382;5.052.083;5.234.375;446.614.570.617.676;629.513.916.015.625;7.851.411;15.198.210.000.000.000;171.224;161.603;1.530.671;33.056.779.999.999.900;5.250.999;3.775.731;1.303.674;4.205.653;;4.634.679;4.596.336;2.515.187;6.753.174;4.060.423;8.934.534;5.408.153;1.107.187;6.088.059;6.944.597;797.681;987.81;7.937.158;5.123.340.000.000.000;6.675.926;9.187.499;9.015.107;4.717.714;2.297.599;5.137.088;7.680.093;11.527.510.000.000.000;68.75;7.291.666;7.473.958;37.05.00;390.625;4.427.083;57.870.369.999.999.900;60.474.540.000.000.000;5.121.528;4.513.889;1.640.625;6.481.481;;1.666.667
219844;01/09/2018 16.04;2.399.479;50.434.020.000.000.000;52.343.746.185.302.700;446.614.570.617.676;6.226.851.806.640.630;7.732.584;15.010.129.999.999.900;17.173.029.999.999.900;16.283.279.999.999.900;1.535.012;3.246.528;5.196.378;3.812.017;1.298.005;421.588;;4.650.502;4.701.264;2.624.628;6.784.989.999.999.990;4.069.353;8.942.499;5.430.582;1.112.532;6.091.516;7.002.955;7.994.916;1.174.305;8.044.908;5.225.899;6.986.111;8.781.249;9.239.395;4.710.384;227.327;5.152.892;7.686.495;1.860.882;6.927.083;7.473.958;7.447.916;37.05.00;390.625;4.401.041;57.870.369.999.999.900;60.474.540.000.000.000;5.179.398;45.138.889.312.744.100;1.574.074;6.336.805;;1.652.199
219845;01/09/2018 16.05;2.405.382;5.052.083;52.343.746.185.302.700;4.466.146;642.476.806.640.625;764.222;151.548;171.224;1.614.583;15.364.579.999.999.900;3.249.187;5.053.201;3.808.795;1.297.237;4.198.482;;460.82;4.499.779;2.395.341;6.773.124;4.058.309;9.024.138;5.416.422;1.106.779;6.090.148;7.010.049;8.018.371;1.190.718;7.940.880.000.000.000;4.924.518;687.05.00;9.281.249;9.164.224;4.851.674;233.583;5.135.161;7.638.499;00.00;6.822.916;7.682.291;7.447.916;37.05.00;390.625;4.348.958;57.870.369.999.999.900;60.474.540.000.000.000;5.208.333;4.513.889;1.487.269;619.213;;1.634.838
219846;01/09/2018 16.06;2.404.398;505.208.320.617.676;52.343.746.185.302.700;4.457.465;629.513.916.015.625;7.708.270.999.999.990;150.897;17.173.029.999.999.900;16.124.129.999.999.900;1.535.012;3.323.722;5.088.671;3.714.754;1.297.083;4.211.732;;4.624.319;4.548.499;2.464.433;6.753.997;4.049.741;8.936.933;5.409.872;1.106.308;6.106.054;6.994.064;8.015.992;1.200.963;8.042.439.999.999.990;50.069.300.000.000.000;6.967.593;9.218.749;9.107.556;4.829.484;2.337.468;5.150.157;7.692.908;66.973.009.999.999.900;6.666.666;796.875;7.395.833;37.05.00;3.932.291;4.322.916;57.870.369.999.999.900;59.606.480.000.000.000;5.208.333;4.542.824;1.414.931;60.474.540.000.000.000;;1.617.477
219847;01/09/2018 16.07;24.004.630.000.000.000;505.208.320.617.676;52.343.746.185.302.700;44.574.649.810.790.900;6.260.416.259.765.630;7.782.858;151.548;171.224;1.623.987;15.270.539.999.999.900;33.328.070.000.000.000;50.604.859.999.999.900;3.698.428;1.290.041;4.201.902;;46.107.800.000.000.000;4.617.233;2.531.627;6.770.125;4.063.904;8.957.612;5.429.556;1.113.979;6.090.416;7.058.783;8.011.731;1.198.251;7.890.524;50.681.699.999.999.900;6.754.630.000.000.000;9.473.958;9.147.642;4.891.419;2.384.615;5.139.969;7.658.149;0.3643888;6.510.416;8.203.125;7.291.666;3.697.916;3.958.333;4.322.916;57.870.369.999.999.900;59.317.130.000.000.000;52.372.679.999.999.900;4.600.694;1.365.741;5.902.778.000.000.000;;1.582.755
219848;01/09/2018 16.08;2.406.366;505.208.320.617.676;5.234.375;44.574.649.810.790.900;6.298.611;8.114.034.000.000.000;15.270.539.999.999.900;17.173.029.999.999.900;161.603;1.535.012;328.995;5.030.976;3.644.175;12.913.860.000.000.000;4.194.738;;4.590.488;4.572.108;2.484.264;6.754.197;4.048.631;8.954.576;5.432.434;1109.33.00;6.081.086;6.992.061;8.030.035;1.206.328;7.997.762;49.226.599.999.999.900;7.138.889;9.281.249;9.241.385;4.964.235;2.392.521;5.196.253;7.646.932;00.00;63.802.080.000.000.000;8.255.208;7.213.541;3.776.041;3.958.333;4.296.875;5.815.971.999.999.990;59.606.480.000.000.000;5.353.009;460.069.427.490.234;1.313.657;5.815.971.999.999.990;;1.545.139
219849;01/09/2018 16.09;24.004.630.000.000.000;5.052.083;5.230.035;44.574.649.810.790.900;6.365.740.000.000.000;8.107.432;151.548;171.224;1.629.051;1.535.012;3.356.593;4.847.698;3.639.978;129.277;4.197.068;;4.659.111;4.571.302;24.878.299.999.999.900;6.748.560.000.000.000;4.052.859;8.944.347;5.443.132;1.107.934;6.066.288;6.962.312;8.003.294;1208.52.00;7.727.066;5.074.066;6.662.037;9.437.499;9.254.391;4.968.417;246.548;5.403.348;7.782.057;00.00;62.05.00;8.307.291;7.213.541;3.802.083;3.932.291;4.270.833;5.902.778.000.000.000;6.076.389;5.353.009;4.600.694;1.273.148;60.474.540.000.000.000;;150.463
219850;01/09/2018 16.10;2.404.398;50.564.240.000.000.000;523.003.463.745.117;44.574.649.810.790.900;6.311.343;8.046.408.000.000.000;150.897;17.223.670.000.000.000;162.037;15.364.579.999.999.900;3.449.061;4.991.548;3.579.269;1.290.316;4.217.453;;4.649.747;4.612.691;2.538.539;6.751.063;4.056.843;8.935.494;5.419.995;1.108.181;6.106.343;6.978.281;7.987.823;1.188.637;8.007.707;5.037.679;674.074;9.541.666;9.243.108;503.225;2.492.123;5.382.938;773.72;0.9737024;61.458.330.000.000.000;81.25.00;7.161.458;3.802.083;39.322.914.123.535.200;421.875;59.317.130.000.000.000;6.134.259;52.662.040.000.000.000;4.542.824;1.278.935;6.278.935;;146.412
219851;01/09/2018 16.11;2.406.366;50.564.235.687.255.800;5.230.035;4.457.465;6.314.814.453.125;7.829.583.000.000.000;1.511.863;1.726.707;162.037;15.364.579.999.999.900;3.451.959;5.158.692;3.524.028;12.927.719.999.999.900;4.168.052;;4.621.761;4.413.522;2.350.407;6.726.901;4.055.259;8.953.876;540.377;1.108.762;6.106.851;6.940.769;7.986.672;1.202.515;7.915.134;5.143.287;6.712.963;9.609.374;9.238.760.000.000.000;4.968.563;2.516.945;5.469.547;7.717.606;878.128;6.171.875;7.864.583;7.083.333;3.828.125;39.322.914.123.535.200;421.875;59.895.830.000.000.000;6.221.065;5.208.333;45.138.889.312.744.100;1.316.551;6.510.416;;1.435.185
219852;01/09/2018 16.12;24.004.630.000.000.000;50.564.235.687.255.800;5.225.694;4.453.125;6.283.564;7.873.142;1.511.863;17.173.029.999.999.900;1.610.966;15.364.579.999.999.900;3.529.417;5.173.734;345.591;1.292.981;4.222.019;;4.632.693;4.659.388;2.593.064;6.755.648;4.058.195;8.930.485;5.409.396;11.057.060.000.000.000;6.105.678;7.009.411;7.965.574;1209.76;8.000.232;5.109.353;687.05.00;9.020.833;901.827;4.914.165;2.561.307;5.432.343;775.205;0.07723393;62.239.580.000.000.000;7.604.166;7.161.458;3.828.125;3.932.291;421.875;6.221.065;6.394.676;5.121.528;44.849.536.895.752;1.322.338;6.481.481;;1.403.356
219853;01/09/2018 16.13;2.402.431;50.564.240.000.000.000;5.230.035;4.453.125;6.313.657;8.033.868.000.000.000;1.511.863;17.173.029.999.999.900;1.614.583;1.538.628;3.517.902;5.180.161;34.323.890.000.000.000;129.674;4.209.456;;4.632.925;4.511.845;2.409.766;6.732.903;4.050.716;8.932.858;5.416.945;1.105.992;606.804;6.997.389.999.999.990;803.482;1.208.731;8.070.594;5.078.396;7.055.555;9.421.874;9.018.832;4.910.826;2.516.786;5.568.682;7.887.651;13.837.179.999.999.900;6.276.041;7.291.666;7.161.458;380.208.320.617.676;390.625;4.192.708;6.423.611;6.568.287;5.063.657;44.560.179.999.999.900;1.302.083;6.336.805;;1.380.208
219854;01/09/2018 16.14;2.402.431;5.060.764;5.230.035;4.453.125;6.332.176;7.976.805;15.010.129.999.999.900;171.224;1.610.966;1.535.012;342.215;518.634;35.433.479.999.999.900;1.299.566;4.199.418;;4.656.902;4.560.545;2.471.187;6.745.986;4.062.882;8.908.134;5.417.194;11.100.910.000.000.000;6.130.269.999.999.990;6.987.072;8.026.797;1.200.353;7.929.437;5.046.257;6.694.445;9.499.999;9.198.934;4.995.835;2.541.942;5.536.622;7.893.756;1.179.615;6.276.041;703.125;7.161.458;3.776.041;3.880.208;4.192.708;6.481.481;6.712.963;5.034.722;44.560.179.999.999.900;1.302.083;619.213;;1.365.741
219855;01/09/2018 16.15;2.402.431;50.607.635.498.046.800;5.225.694;4.453.125;641.898.132.324.219;7.959.514;1.511.863;17.173.029.999.999.900;1.623.264;15.234.379.999.999.900;346.542;5.127.015;3.671.965;1.294.367;422.62;;464.659;4.414.592;23.009.779.999.999.900;6.751.656;4.042.296;8.903.394;5.413.035;1.110.593;6.086.677;7.015.601;8.014.122;1202.31.00;8.193.676;4.940.883;6.708.333;9.031.249;8.953.094;4.945.713;2.485.275;5.334.653;7.855.905;3.633.977;6.276.041;6.744.791;7.135.416;37.05.00;3.828.125;4.166.666;6.510.416;6.712.963;5.034.722;44.849.540.000.000.000;1.290.509;6.076.389;;1.365.741
219856;01/09/2018 16.16;2.404.398;50.607.635.498.046.800;5.230.035;4.453.125;6.304.398.193.359.380;796.123;151.548;17.173.029.999.999.900;16.268.810.000.000.000;1.545.139;3.402.045;5.154.172;3.666.772;12.973.939.999.999.900;41.939.099.999.999.900;;4.625.977;4.268.224;2.131.267;6.723.482;4.054.072;884.846;5.392.577;1.108.095;6.067.995;6.944.971;7.944.816;1.203.782;787.441;4.676.916;6.962.963;9.348.958;900.803;4.910.684;2.533.587;5.569.253;7.933.343;1.021.272;6.276.041;6.536.458;703.125;3.697.916;380.208.320.617.676;4.166.666;6.365.741;6.712.963;5.092.593;44.849.540.000.000.000;1.273.148;6.076.389;;1.377.315
219857;01/09/2018 16.17;2.399.479;50.607.635.498.046.800;5.225.694;4.453.125;635.763.916.015.625;7.883.418;1.511.863;171.224;1.614.583;1.531.395;3.429.224;5.049.585;36.922.670.000.000.000;129.537;4.211.921;;4.662.095;4.412.261;2.314.871;6.747.371;4.064.159;8.938.596;540.785;1110.65;6.083.563;6.946.304;7.964.431;1.182.985;8.087.919;5.075.836;6.652.778;9.281.249;9.035.758;4.892.852;25.691.900.000.000.000;5.545.105;7.956.556;0.006127196999999999;63.020.830.000.000.000;63.802.080.000.000.000;68.75;36.979.164.123.535.200;3.776.041;4.140.625;6.278.935;6.857.639;52.372.679.999.999.900;4.513.889;1.276.042;6.134.259;;1.385.995
219858;01/09/2018 16.18;2.404.398;50.607.635.498.046.800;5.217.014;4.453.125;6.384.259.033.203.130;7.960.689;15.010.129.999.999.900;171.224;1.629.051;1.530.671;3.396.332;4.990.505;3.727.507;1.298.591;4.195.567;;4.643.343;4.409.905;22.766.830.000.000.000;676.663;4.055.093;8.898.763;5.395.806;1.105.401;6.154.595;6.942.678;7.985.692;11.992.730.000.000.000;8.186.369;4.809.268;6.768.519;8.770.833;882.946;4.810.912;2.618.485;5.612.151;7.939.466;1.589.628;63.020.830.000.000.000;63.020.830.000.000.000;6.744.791;36.979.164.123.535.200;37.760.414.123.535.200;4.088.541;62.05.00;697.338;5.381.944;4.513.889;1.270.255;6.336.805;;1.385.995
219859;01/09/2018 16.19;2.402.431;5.060.764;5.225.694;4.453.125;6.351.851.806.640.630;7.922.421.999.999.990;1.511.863;1.718.027;161.603;1.538.628;3.428.674;5.108.932;3.688.536;1.298.756;42.079.400.000.000.000;;4.634.769;4.449.871;2.350.363;6.749.058;4.046.303;892.245;540.123;1.105.036;6.089.981;697.706;7.988.102;11.797.089.999.999.900;7.986.397;5.055.531;6.694.445;8.822.916;9.031.095;483.852;2.615.464;5.676.030.000.000.000;7.945.421;718.877;63.020.830.000.000.000;61.458.330.000.000.000;6.536.458;36.979.164.123.535.200;37.760.414.123.535.200;40.625;6.134.259;6.944.444;541.088;4.542.824;1.241.319;6.481.481;;1.400.463
219860;01/09/2018 16.20;2.402.431;5.065.104;522.569.427.490.234;4.453.125;626.967.590.332.031;7.908.881;150.897;17.223.670.000.000.000;161.603;1.530.671;3.480.317;5.154.068;3.504.714;1.296.009;4.194.803;;4.700.999;4.639.853;2.549.175;6.773.584;4.050.878;9.031.834;542.036;11.079.769.999.999.900;6.082.192;7.003.510.000.000.000;8.001.194;1.183.691;7.908.079;4.798.692;6.777.778;9.072.916;8.803.708;4.784.376;261.974;5.792.133;795.05.00;1.381.952;62.05.00;609.375;63.020.830.000.000.000;3.697.916;37.760.414.123.535.200;403.645.820.617.676;60.474.540.000.000.000;6.770.834;546.875;454.282.417.297.363;1.226.852;6.568.287;;1.435.185
219861;01/09/2018 16.21;2.404.398;50.651.039.123.535.200;522.569.427.490.234;4.453.125;631.25.00;7.846.453.000.000.000;150.463;17.173.029.999.999.900;162.037;15.364.579.999.999.900;3.509.106;5.149.725;3.344.487;1.300.336;4.214.328;;465.556;4.608.644;2.527.627;6.782.981;4.061.064;8.949.037;5.425.672;1.110.651;6.102.211;6.952.683;7.989.815;7.672.257;7.800.109;4.938.481;6.805.555;9.124.999;9.079.191;4.770.273;2.600.322;5.699.825;797.632;00.00;62.05.00;59.895.830.000.000.000;6.276.041;3.671.875;37.760.414.123.535.200;4.010.416;60.474.540.000.000.000;6.626.156.999.999.990;5.497.685;454.282.417.297.363;1.215.278;6.539.352;;1.481.481
219862;01/09/2018 16.22;24.004.630.000.000.000;50.651.039.123.535.200;5.225.694;4.453.125;6.409.722;788.392;15.198.210.000.000.000;17.223.670.000.000.000;1.606.626;1.538.628;366.223;5.213.429;3.339.051;12.986.939.999.999.900;4.201.109;;4.640.794;4.784.066;2.671.489;6.758.910.000.000.000;4.055.963;8.975.728;5.439.946;1.110.032;6.110.488;696.88;7.975.701;7.821.786;7.837.169;4.912.342;6.712.963;9.135.416;9.012.414;4.718.136;2.602.289;5.613.346;800.882;6.036.664;6.276.041;59.114.580.000.000.000;6.171.875;3.671.875;37.760.414.123.535.200;40.104.164.123.535.200;6.134.259;6.510.416;546.875;454.282.417.297.363;1.241.319;6.510.416;;1.519.097
219863;01/09/2018 16.23;2.404.398;50.651.039.123.535.200;5.217.014;4.453.125;6.342.593;7.847.062;150.897;17.173.029.999.999.900;162.037;1.530.671;36.672.959.999.999.900;5.167.152;3.457.376;1.300.046;4.202.809;;460.847;4.817.664;2.757.228;6.768.802;40.537.699.999.999.900;8.957.141;5.427.964;1.106.907;6.068.534;7.007.479;8.011.425;9.509.994;8.069.595;4.896.936;6.523.148;8.499.999;8.877.922;4.742.026;2.531.886;5.574.158;7.968.817;1.142.544;63.020.830.000.000.000;58.333.330.000.000.000;640.625;3.671.875;3.776.041;4.010.416;619.213;6.539.352;5.381.944;4.542.824;1.255.787;6.394.676;;1.524.884
219864;01/09/2018 16.24;2.402.431;50.651.039.123.535.200;52.170.135.498.046.800;4.453.125;632.986.083.984.375;7.812.817;151.548;17.223.670.000.000.000;1.623.264;1.544.415;3.784.556;5.181.498;3.597.205;1.295.618;4.224.035;;4.674.094;4.653.633;2.594.288;6.808.235;4.049.917;8.984.385;5.450.123;11.065.919.999.999.900;6.126.093;7.005.074;8.015.686;9.897.631;8.078.386;4.963.182;6.921.296;8.848.958;9.083.535;4.684.345;2.454.628;5.555.064;7.983.598;17.392.220.000.000.000;6.276.041;56.25.00;6.484.375;3.697.916;3.802.083;40.625;6.221.065;6.799.769;52.662.040.000.000.000;4.600.694;1.270.255;62.05.00;;1.533.565
219865;01/09/2018 16.25;2.402.431;5.065.104;5.217.014;4.453.125;6.321.759.033.203.130;7.619.908.000.000.000;1.511.863;171.224;1.610.966;1.535.012;3.787.308;5.105.745;3.629.363;13.000.589.999.999.900;4.214.033;;4.625.154;4.625.172;2.538.982;6.779.004;4.056.514;8.887.974;5.421.666;1107.38.00;6.152.766;6.978.065;7.999.014;11.142.930.000.000.000;815.383;5.083.069;700.00.00;8.916.666;9.025.687;4.798.252;2.485.142;5.499.279;8.014.365;67.842.210.000.000.000;6.276.041;53.645.830.000.000.000;6.484.375;36.979.164.123.535.200;3.802.083;4.166.666;62.05.00;7.060.185;5.121.528;460.069.427.490.234;1.304.977;6.134.259;;1.550.926
219866;01/09/2018 16.26;2.402.431;5.073.785;5.225.694;4.453.125;623.379.638.671.875;7.618.751;15.010.129.999.999.900;171.224;1.614.583;1.531.395;3.758.072;5.062.865;3.690.051;1.305.986;4.205.739;;4.647.071;4.681.299;2.587.405;6.799.188;4.064.279;8.947.864;5.403.265;1.107.612;6.093.677;7.000.401;7.983.348;1.161.775;7.830.139;4.979.518;6.736.111;8.812.499;899.717;4.697.831;2.484.034;5.488.483;7.956.417;3.676.081;62.05.00;5.130.208;6.614.583;3.697.916;3.776.041;41.666.664.123.535.200;6.336.805;7.204.861;5.034.722;4.600.694;1.345.486;60.474.540.000.000.000;;1.574.074
219867;01/09/2018 16.27;2.402.431;507.378.463.745.117;52.126.740.000.000.000;4.453.125;628.472.229.003.906;7.574.136.999.999.990;151.548;17.173.029.999.999.900;1.614.583;1.548.032;3.748.842;5.086.183;3.790.937;1.308.727;4.204.097;;46.480.300.000.000.000;4.723.221;2.658.518;6.765.861;4.057.443;8.933.644;5.408.121;1.107.974;6.107.162;6.970.545;7.971.239.999.999.990;8.746.882;7.931.021;4.917.955;6.976.852;9.630.208;8.848.093;4.703.995;252.967;5.535.967;7.906.397;0.1242538;6.171.875;4.973.958;6.796.875;37.05.00;3.776.041;41.666.664.123.535.200;62.05.00;7.204.861;4.976.852;4.542.824;1.394.676;59.317.130.000.000.000;;1.605.903
219868;01/09/2018 16.28;24.004.630.000.000.000;507.378.463.745.117;5.217.014;4.448.785;6.274.305.419.921.880;7.701.119;1.496.672;17.223.670.000.000.000;1.623.264;1.538.628;3.727.917;5.018.783;365.285;1.303.326;4.187.204;;4.616.787;4.665.118;2.582.115;6.754.921;4.057.462;8.916.451;5.424.037;1.111.645;6.095.437;6.993.818;8.020.032;8.201.009;7.937.424;4.960.381;6.810.185;8.692.708;9.086.316;48.976.099.999.999.900;2.530.273;5.599.042;7.866.407;263.934;61.458.330.000.000.000;484.375;68.75;3.671.875;37.05.00;41.666.664.123.535.200;6.105.324;7.002.315;4.976.852;454.282.417.297.363;1.443.866;5.844.906.999.999.990;;1.634.838
219869;01/09/2018 16.29;2.402.431;507.378.463.745.117;5.217.014;444.878.463.745.117;623.032.409.667.969;7.547.198;150.463;171.224;1.602.286;15.270.539.999.999.900;36.799.459.999.999.900;5.091.663;3.526.893;1.303.351;4.198.456;;4.593.296;4.569.345;2.462.005;6.776.101;4.057.946;8.926.567;5.415.386;11.074.489.999.999.900;6.082.349;6.988.301;7.992.666;7.901.161;8.094.542;5.079.093;6.722.222;8.890.624;9.042.329;4.728.619;2.480.247;5.527.283;7.968.833;2.191.581;6.119.791;4.739.583;6.927.083;3.645.833;3.697.916;4.166.666;59.317.130.000.000.000;6.684.028;5.034.722;4.542.824;1.510.417;57.870.369.999.999.900;;1.649.306
219870;01/09/2018 16.30;2.402.431;507.378.463.745.117;52.126.740.000.000.000;444.878.463.745.117;6.292.823.486.328.130;7.590.203.000.000.000;15.234.379.999.999.900;17.173.029.999.999.900;1.610.966;1.543.692;3.660.457;5.165.068;3.462.397;1.296.262;4.211.465;;458.923;4.696.963;2.627.741;6.774.483;405.974;8.953.779;5.423.215;1.107.379;6.094.694;6.949.921;8.020.209;7.398.601;8.034.473;4.885.455;6.300.926;8.927.083;9.062.282;4.770.454;2.499.089;5.376.984;7.892.621;00.00;59.895.830.000.000.000;4.661.458;6.953.125;3.645.833;37.05.00;4.192.708;57.870.369.999.999.900;6.423.611;5.121.528;4.600.694;1.548.032;57.581.019.999.999.900;;1.640.625
219871;01/09/2018 16.31;2.404.398;507.378.463.745.117;5.208.333;444.878.463.745.117;642.129.638.671.875;7.553.773.000.000.000;150.463;17.173.029.999.999.900;162.037;1.531.395;36.472.609.999.999.900;5.112.417;3.414.167;1.302.771;4.209.804;;46.286.199.999.999.900;4.744.574;2.643.837;6.769.786;4.073.636;897.355;5.474.677;1.113.192;6.136.044;7.074.644;8.118.875;6.495.082;7.903.494;4.879.856;6.777.778;7.947.916;8.480.923;4.610.459;2.461.761;5.233.096;7.750.751;6.378.789;5.885.416;46.875;6.901.041;3.619.791;37.05.00;419.270.820.617.676;56.712.959.999.999.900;6.134.259;52.662.040.000.000.000;46.296.295.166.015.600;1.536.458;5.700.232;;1.634.838
219872;01/09/2018 16.32;2.402.431;507.378.463.745.117;5.208.333;444.878.463.745.117;627.777.770.996.094;7.284.432;1.511.863;171.224;1.629.051;1.535.012;3.695.567;5.031.684;34.852.909.999.999.900;1.307.196;4.184.836;;4.636.681;4.658.517;256.324;6.781.936;4.058.109;8.979.192;5.430.707;1110.98;6.112.359;7.051.864;8.050.677;8.453.577;7.896.124;4.934.338;6.736.111;8.708.333;895.931;4.607.837;2.481.024;5.311.447;7.854.849;00.00;5.859.375;46.875;6.927.083;36.197.914.123.535.200;37.05.00;4.192.708;5.555.556;5.902.778.000.000.000;5.381.944;4.658.564.758.300.770;1.501.736;56.712.959.999.999.900;;1.626.157
219873;01/09/2018 16.33;2.406.366;5.073.785;52.126.740.000.000.000;444.878.463.745.117;620.023.132.324.219;7.610.053;1.511.863;171.224;162.037;15.270.539.999.999.900;3.711.272;4.976.551;3.525.909;1.302.243;4.189.782;;464.871;4.592.841;2.468.012;6.748.501;4.048.061;8.933.311;5.427.142;1.105.594;6.102.579;7.028.669;7.979.939.999.999.990;7.728.338;7.929.931;4.931.812;7.032.407;8.937.499;8.862.337;4.696.013;2.470.069;5.470.554;7.861.331;0.06897298;57.552.080.000.000.000;4.713.541;6.901.041;3.619.791;3.697.916;4.166.666;552.662;56.712.959.999.999.900;5.497.685;46.875;1.495.949;56.712.959.999.999.900;;1.623.264
219874;01/09/2018 16.34;2.402.431;5.078.125;5.208.333;444.878.463.745.117;632.986.083.984.375;7.733.724.000.000.000;150.897;1.726.707;162.037;1.530.671;37.261.140.000.000.000;4.954.383;3.584.059;1.305.291;4.212.374;;4.647.541;459.774;2.510.899;6.775.692;4.051.292;8.947.129;5.411.616;1.112.095;6.096.265;7.049.512;7.995.652;7.183.994;7.982.765;4.975.909;6.675.926;9.484.374;8.961.467;4.683.851;240.01.00;5.318.580.000.000.000;7.767.198;1.108.724;5.651.041;4.791.666;6.822.916;3.567.708;36.979.164.123.535.200;41.666.664.123.535.200;5.555.556;5.497.685;552.662;4.774.306;1.530.671;56.712.959.999.999.900;;1.626.157
219875;01/09/2018 16.35;24.004.630.000.000.000;50.781.246.185.302.700;52.126.740.000.000.000;444.878.463.745.117;6.385.416.259.765.630;7.885.569;1.511.863;17.173.029.999.999.900;161.603;1.535.012;3.729.544;4.930.016;36.585.370.000.000.000;1.303.642;4.205.405;;4.614.459;4.634.937;2.538.029;6.752.439.999.999.990;4.061.284;8.893.441;5.430.189;1.112.638;6.081.745;6.999.181;7.970.189.999.999.990;7.181.783;7.925.026;4.861.723;6.555.555;9.088.541;9.192.706;482.991;2.421.627;5.220.626;7.768.546;75.038.789.999.999.900;5.572.916;484.375;6.822.916;356.770.820.617.676;36.979.164.123.535.200;41.666.664.123.535.200;5.555.556;5.324.074;5.613.426;4.803.241;1.579.861;56.712.959.999.999.900;;1.649.306
219876;01/09/2018 16.36;2.406.366;50.781.246.185.302.700;52.126.735.687.255.800;444.878.463.745.117;631.25.00;8.123.164;150.897;17.151.329.999.999.900;1.619.647;1.544.415;3.764.865;49.325.340.000.000.000;3.633.314;1.306.691;4.206.555;;4.654.638;4.652.967;2.568.893;6.765.925;4.063.424;8.973.796;5.420.109;1110.78;6.110.216;6.989.421;8.033.112;6.401.624;796.176;4.923.051;6.824.074;9.270.833;9.193.651;4.789.974;2.433.545;5.295.809;7.874.179;1.307.418;54.427.080.000.000.000;484.375;6.796.875;356.770.820.617.676;3.697.916;41.666.664.123.535.200;56.712.959.999.999.900;5.179.398;5.642.361;4.774.306;1.631.944;56.712.959.999.999.900;;1.678.241
219877;01/09/2018 16.37;24.004.630.000.000.000;50.781.246.185.302.700;52.126.740.000.000.000;444.878.463.745.117;63.159.716.796.875;7.838.539;150.463;1.707.176;1.614.583;1.535.012;3.793.967;4.959.815;3.568.586;1.302.386;4.210.859;;4.629.825;4.586.047;2.482.064;6.748.580.000.000.000;4.060.175;8.977.432;545.034;1.113.147;6.135.169;6.924.626;800.77;5.888.475;7.894.826;4.941.431;6.662.037;9.135.416;903.066;4.777.686;2.469.654;5.283.336;7.806.385;00.00;5.338.541;4.791.666;68.75;3.567.708;37.05.00;41.666.664.123.535.200;6.105.324;5.063.657;5.642.361;4.774.306;1.704.282;56.712.959.999.999.900;;1.692.708
219878;01/09/2018 16.38;2.404.398;50.781.246.185.302.700;520.833.320.617.676;4.448.785;6.299.768;7.935.106.999.999.990;151.548;17.223.670.000.000.000;161.603;1.538.628;3.837.107;4.982.093;3.500.169;1.292.528;4.214.207;;4.604.954;4.674.257;25.963.540.000.000.000;6.768.101;4.061.684;8.951.094;5.398.489;1110.59.00;6.077.527;6.978.799;8.007.039;6.010.034;8.051.469.999.999.990;5.180.368;6.638.889;8.651.041;916.188;484.994;2.490.823;5.332.724;7.925.272;00.00;5.260.416;4.791.666;68.75;3.541.666;37.05.00;41.666.664.123.535.200;6.510.416;4.976.852;56.712.959.999.999.900;474.537;1.791.088;5.642.361;;1.695.602
219879;01/09/2018 16.39;2.402.431;50.781.246.185.302.700;5.203.993;4.444.444;6.320.601.806.640.630;8.051.132;150.897;17.223.670.000.000.000;1.619.647;1.531.395;3.945.214;4.949.613;3.436.285;13.027.330.000.000.000;4.211.422;;4.630.163;476.569;2.693.322;6.780.991;4.059.559;8.962.415;5.439.628;1.110.698;6.089.554;7.041.125;8.002.009;5.922.629;7.928.737;4.851.882;6.453.704;9.177.083;8.792.087;4.836.687;2.520.768;5.548.618;7.865.265;9.918.553;5.208.333;4.713.541;68.75;3.541.666;37.05.00;41.666.664.123.535.200;6.712.963;4.947.917;5.700.232;46.875;1.854.745;5.613.426;;1.707.176
219880;01/09/2018 16.40;24.004.630.000.000.000;50.781.246.185.302.700;5.203.993;444.444.427.490.234;623.958.312.988.281;8.074.609;150.897;17.173.029.999.999.900;16.283.279.999.999.900;15.364.579.999.999.900;3.947.083;4.961.118;3.469.401;1.295.926;4.208.539;;4.655.413;4.723.752;2.632.476;6.769.719;4.055.014;9.015.847;5.423.958;1.111.339;6.088.465;7.011.436;8.003.812;5.757.435;8.156.745;4.945.402;7.013.889;9.062.499;9.189.402;4.927.556;2.413.904;5.433.875;7.866.066;2.567.984;5.130.208;4.609.375;68.75;3.567.708;37.05.00;41.666.664.123.535.200;697.338;49.189.820.000.000.000;57.581.019.999.999.900;4.658.564.758.300.770;1.857.639;5.613.426;;1.727.431
219881;01/09/2018 16.41;2.406.366;50.781.246.185.302.700;5.208.333;444.444.427.490.234;627.083.312.988.281;8.177.969;150.463;17.173.029.999.999.900;1.623.264;1.551.649;3.985.883;49.314.840.000.000.000;35.066.720.000.000.000;13.043.289.999.999.900;4.195.742;;46.179.400.000.000.000;4.625.106;25.182;6.758.084;4.063.715;8.958.992;5.409.341;1.111.389;6.172.330.000.000.000;6.982.827;8.001.879;5.389.671;7.871.326;5.104.243;6.939.814;8.901.041;922.175;4.895.737;2.383.651;5.360.797;7.819.464;00.00;5.130.208;4.557.291;6.927.083;3.619.791;3.697.916;4.166.666;7.291.666;48.900.459.999.999.900;57.870.369.999.999.900;46.296.295.166.015.600;1.828.704;5.555.556;;1.739.005
219882;01/09/2018 16.42;2.399.479;5.078.125;5.203.993;444.444.427.490.234;6.283.564.453.125;8.069.588;150.897;17.173.029.999.999.900;1.610.966;1.538.628;4.029.312;4.817.775;3.592.202;1.307.548;4.219.809;;4.676.743;466.125;259.763;6.744.437;4.071.876;8.956.313;5.417.577;1.108.235;6.110.186;6.983.836;8.007.495;5.822.407;7.988.472;4.852.089;6.856.481;9.151.041;9.020.049;4.911.417;2.359.246;5.227.628;7.875.366;6.025.918;5.130.208;4.427.083;7.161.458;3.567.708;36.979.164.123.535.200;4.192.708;7.523.148;48.900.459.999.999.900;57.870.369.999.999.900;4.600.694;177.662;5.555.556;;1.736.111
219883;01/09/2018 16.43;2.404.398;5.082.465;5.195.312;444.444.427.490.234;6.319.444.580.078.130;8.113.303;15.198.210.000.000.000;17.223.670.000.000.000;1.623.264;1.538.628;4.041.656;4.862.308;3.644.818;130.576;4.211.195;;4.641.176;4.671.914;25.735.740.000.000.000;6.769.019.999.999.990;4.060.379;8.964.249;5.423.229;1.108.177;6.106.404;7.008.966;7.991.622;5.388.903;7.837.335;4.871.683;6.592.593;8.953.124;9.016.758;484.583;2.441.961;5.274.411;7.875.734;1.136.462;5.104.166;4.296.875;7.213.541;3.619.791;3.697.916;4.270.833;7.552.084;48.900.459.999.999.900;57.870.369.999.999.900;4.513.889;1.721.644;5.555.556;;1.747.685
219884;01/09/2018 16.44;2.404.398;50.824.649.810.790.900;5.203.993;444.444.427.490.234;6.430.555.419.921.880;7.961.468;150.897;17.173.029.999.999.900;162.037;1.548.032;40.539.770.000.000.000;47.936.209.999.999.900;362.007;13.031.889.999.999.900;4.212.302;;468.767;4.697.928;2.610.523;6.767.907;4.055.283;8.915.763;5.433.019;1.109.785;6.097.648;7.016.141;803.21.00;5.188.848;8.015.221;4.821.736;6.861.111;8.994.791;9.151.229;4.928.319;2.549.205;5.531.848;7.906.179;5.306.044;5.078.125;4.140.625;7.317.708;3.619.791;3.671.875;4.296.875;7.552.084;48.900.459.999.999.900;5.815.971.999.999.990;44.849.536.895.752;1.675.347;57.870.369.999.999.900;;176.794
219885;01/09/2018 16.45;2.399.479;50.824.649.810.790.900;520.399.284.362.793;444.444.427.490.234;634.837.951.660.156;7.974.941;15.010.129.999.999.900;17.173.029.999.999.900;16.124.129.999.999.900;1.530.671;40.938.140.000.000.000;485.387;3.561.566;1.306.087;4.198.891;;4.629.046;4.610.571;2.529.147;6.779.652;4.068.479;8.970.449;5.442.869.999.999.990;1.109.165;6.110.438;7.011.135;8.015.422;6.476.324;7.910.404;4.917.968;6.722.222;8.718.749;8.943.367;4.771.241;2.573.344;5.644.943;7.799.586;0.04632733;5.182.291;3.958.333;7.291.666;3.567.708;3.671.875;4.322.916;7.523.148;4.947.917;5.844.906.999.999.990;44.560.179.999.999.900;1.666.667;6.278.935;;1.782.407
219886;01/09/2018 16.46;2.404.398;50.824.649.810.790.900;5.203.993;444.444.427.490.234;625.00.00;7.933.104;150.463;1.726.707;15.993.920.000.000.000;1.540.075;40.881.029.999.999.900;4.936.253;3.498.818;1.303.599;4.209.117;;4.645.463;4.579.131;2.488.098;6.774.916;4.049.429;8.911.721;542.775;1.106.896;6.091.422;6.949.742;7.985.215;6.144.074;815.265;5.021.548;6.555.555;8.614.583;9.032.074;4.722.133;2.573.459;5.566.527;7.806.535;1.307.418;5.260.416;3.828.125;734.375;356.770.820.617.676;3.671.875;4.348.958;7.494.213;5.179.398;59.606.480.000.000.000;44.560.184.478.759.700;1.681.134;6.857.639;;1.770.833
219887;01/09/2018 16.47;24.004.630.000.000.000;50.824.649.810.790.900;5.195.312;444.444.427.490.234;626.736.083.984.375;790.206;1.511.863;17.173.029.999.999.900;1.629.051;1.544.415;4.132.457;497.828;3.394.222;129.716;4.198.434;;4.622.702;4.563.535;24.647.639.999.999.900;6.812.562;4.053.332;8.985.637;5.455.263;1.111.954;6.118.871;7.007.872;8.033.356;6.408.234;8.077.762;4.934.618;6.745.369.999.999.990;8.515.624;8.885.153;4.691.573;2.550.968;5.585.807;7.845.257;00.00;53.645.830.000.000.000;3.697.916;7.473.958;3.567.708;3.671.875;4.348.958;7.494.213;5.497.685;6.076.389;44.560.179.999.999.900;1.707.176;7.436.343.000.000.000;;1.733.218
219888;01/09/2018 16.48;2.402.431;50.824.649.810.790.900;5.203.993;444.444.427.490.234;637.152.770.996.094;8.057.047;151.548;17.173.029.999.999.900;161.603;1.538.628;4.156.196;4.895.639;3.331.238;12.855.789.999.999.900;4.207.835;;4.649.471;471.81;26.469.139.999.999.900;6.774.071;4.059.016;8.968.679;5.426.188;1.110.122;6.122.896;703.539;8.033.377;5.832.531;8.099.567;4.919.634;6.805.555;8.406.249;8.985.406;4.680.316;2.477.412;5.502.822;7.793.135;0.31928470000000003;53.645.830.000.000.000;3.619.791;7.447.916;3.619.791;3.671.875;4.401.041;7.407.406.999.999.990;57.870.369.999.999.900;619.213;4.398.148;1.741.898;78.125;;1.727.431
219889;01/09/2018 16.49;2.404.398;50.824.649.810.790.900;5.190.972;444.444.427.490.234;6.336.805.419.921.880;7.813.055;150.897;17.223.670.000.000.000;162.037;15.270.539.999.999.900;417.397;49.489.470.000.000.000;3.278.675;1.294.454;4.203.232;;4.606.105;4.548.167;24.442.779.999.999.900;6.745.057;4.053.734;8.929.236;5.420.613;1.104.535;6.088.686;6.991.824;7.978.839.999.999.990;5.483.205;7.929.686;5.161.609;6.662.037;8.833.333;8.869.432;4.646.992;2.386.005;5.304.614;7.839.082;00.00;53.645.830.000.000.000;3.515.625;7.447.916;3.619.791;3.645.833;4.401.041;7.552.084;60.474.540.000.000.000;6.221.065;4.369.213;1.799.769;7.986.111;;1.756.366
219890;01/09/2018 16.50;2.399.479;5.082.465;5.195.312;4.444.444;622.222.229.003.906;7.602.994;15.198.210.000.000.000;17.173.029.999.999.900;1.619.647;1.548.032;4.150.246;4.974.881;3.285.862;1.301.533;4.188.921;;4.650.832;4.645.915;2.542.776;6.785.739;4.063.557;8.967.188;5.424.308;1.106.809;6.113.240.000.000.000;704.915;801.066;5.605.474;8.107.819;4.923.934;6.907.407;8.994.791;8.594.713;4.708.938;237.94;5.348.871;8.026.481;1.358.445;54.427.080.000.000.000;3.489.583;7.708.333;3.567.708;364.583.320.617.676;442.708.320.617.676;7.581.019;619.213;6.105.324;4.340.278;1.828.704;8.159.722;;1.791.088
219891;01/09/2018 16.51;2.406.366;5.086.805;51.953.121.185.302.700;4.435.764;6.289.351.806.640.630;7.616.786;150.897;17.223.670.000.000.000;1.631.944;1.535.012;40.516.729.999.999.900;5.014.671;334.202;12.994.819.999.999.900;4.207.071;;4.600.587;4.655.069;2.544.076;6.756.041;4.056.987;8.957.046;5.440.058;1.106.786;6.110.461;7.018.982;8.006.019;6.387.488;8.056.052;4.974.536;6.837.963;8.624.999;9.061.262;4.625.385;2.423.199;525.226;7.906.041;00.00;546.875;34.375;7.838.541;356.770.820.617.676;364.583.320.617.676;4.453.125;78.125;62.05.00;59.317.130.000.000.000;4.340.278;1.834.491;8.217.593.000.000.000;;1.822.917
219892;01/09/2018 16.52;2.402.431;5.082.465;5.195.312;44.357.635.498.046.800;635.532.409.667.969;766.431;15.198.210.000.000.000;171.224;1.623.264;1.540.075;4.018.138;4.956.175;3.366.442;1.297.475;4.199.701;;463.339;4.671.926;2.590.872;6.772.159;4.042.887;8.903.019;5.402.859;1.107.891;6.082.382;7.017.388;7.953.084;6.393.787;7.969.595;4.960.586;6.671.296;8.916.666;8.868.674;462.99;2.465.651;5.432.043;7.959.311;8.391.844;546.875;34.375;7.864.583;356.770.820.617.676;364.583.320.617.676;4.479.166;787.037;6.365.741;57.581.019.999.999.900;4.311.343;1.880.787;8.159.722;;1.837.384
219893;01/09/2018 16.53;2.402.431;5.082.465;5.190.972;44.357.635.498.046.800;6.373.843;7.704.551;150.897;17.173.029.999.999.900;1.610.966;1.543.692;3.983.623;4.903.366;3.415.793;130.477;4.221.274;;4.646.077;4.504.909;2.384.198;6.772.585;4.053.274;8.878.567;5.420.112;1.109.247;6.091.075;6.966.483;7.990.201;6.254.525;802.081;508.722;7.018.519;9.291.666;9.116.652;4.690.913;2.490.663;5.489.996;7.942.214;1.243.436;546.875;3.489.583;7.838.541;3.567.708;3.645.833;4.453.125;78.125;6.481.481;5.555.556;4.311.343;1.895.255;8.159.722;;1.880.787
219894;01/09/2018 16.54;2.404.398;5.086.805;5.190.972;44.357.635.498.046.800;6.303.240.966.796.880;7.712.312;150.897;17.173.029.999.999.900;1.605.903;1.538.628;3.959.514;4.850.314;3.388.925;1.305.337;4.214.134;;4.620.904;4.644.178;2.564.069;6.731.857;4.056.603;8.919.913;5.404.819;11.079.080.000.000.000;6.107.776;6.951.112;7.966.447;6.319.241;8.031.781;4.894.164;7.087.963;9.229.166;8.946.927;4.669.593;243.313;5.508.716;7.826.516;00.00;54.427.080.000.000.000;3.489.583;78.125;3.541.666;3.619.791;4.453.125;7.581.019;6.568.287;546.875;4.253.472;1.866.319;8.275.463;;192.419
219895;01/09/2018 16.55;2.397.512;508.680.534.362.793;5.195.312;44.357.635.498.046.800;6.413.194.580.078.130;7.729.861;15.198.210.000.000.000;17.223.670.000.000.000;1.623.987;1.538.628;3.906.552;4.805.215;3.213.943;1.296.659;4.199.513;;4.639.586;4.644.568;2.579.324;6.750.036;4.052.337;8.935.357;5.424.262;1.107.455;6.078.912;6.975.215;7.980.347;5.660.915;7.995.063;5.068.446;6.884.259;9.307.291;9.075.259;4.760.478;2.418.922;5.430.153;7.824.811;15.526.520.000.000.000;54.427.080.000.000.000;3.489.583;7.682.291;3.567.708;36.197.914.123.535.200;442.708.320.617.676;7.262.731;6.568.287;541.088;4.224.537;1.851.852;8.362.269;;1.927.083
219896;01/09/2018 16.56;2.406.366;508.680.534.362.793;5.195.312;44.357.635.498.046.800;626.273.132.324.219;7.760.199;151.548;171.224;1.623.264;1.540.075;3.862.778;47.620.490.000.000.000;3.135.363;1.298.066;4.202.542;;4.656.176;4.646.334;25.559.950.000.000.000;6.771.205;4.042.401;8.955.911;5.449.526;1.110.006;6.148.569;6.984.301;7.992.595;4.859.954;8.066.141;5.042.476;6.805.555;9.567.708;8.943.596;4.756.312;2.373.143;5.306.038;7.860.466;00.00;5.390.625;3.567.708;7.604.166;3.541.666;36.197.914.123.535.200;4.401.041;7.060.185;6.539.352;541.088;42.245.368.957.519.400;1.886.574;8.304.398;;1.927.083
219897;01/09/2018 16.57;24.004.630.000.000.000;508.680.534.362.793;5.190.972;44.357.635.498.046.800;629.513.916.015.625;7.685.544;150.897;171.224;1.629.051;1.530.671;38.011.759.999.999.900;4.746.555;3.079.924;13.007.769.999.999.900;4.205.269;;4.628.409;4.694.916;2.609.323;6.775.388;4.051.263;893.194;541.591;1.106.923;6.090.467;7.033.727;8.012.566;4.797.926;8.036.359;5.217.015;6.444.445;9.135.416;9.301.846;4.833.597;2.314.419;515.288;7.817.459;00.00;53.645.830.000.000.000;3.645.833;7.526.041;3.541.666;36.197.914.123.535.200;4.401.041;6.857.639;6.481.481;541.088;42.245.368.957.519.400;1.941.551;8.130.787;;192.419
219898;01/09/2018 16.58;2.402.431;508.680.534.362.793;519.097.213.745.117;44.357.635.498.046.800;6.305.555.419.921.880;7.879.768;150.463;1.726.707;1.623.987;1.547.309;3.799.901;4.735.386;3.007.315;1.302.847;4.211.721;;4.624.931;4.680.498;2.579.468;6.732.141;4.060.375;8.960.424;5.407.446;11.065.230.000.000.000;6.108.471;7.047.991;7.998.599;6.193.077;7.941.212;51.148.900.000.000.000;6.689.814;8.885.416;8.935.018;4.787.279;2.357.942;5.212.666;7.757.125;24.636.169.999.999.900;5.338.541;3.671.875;7.395.833;3.515.625;36.197.914.123.535.200;4.322.916;6.712.963;6.278.935;5.381.944;42.245.368.957.519.400;1.999.421;7.986.111;;1.927.083
219899;01/09/2018 16.59;2.404.398;508.680.534.362.793;5.190.972;44.357.635.498.046.800;630.092.590.332.031;7.897.201;151.548;17.223.670.000.000.000;1.623.264;15.270.539.999.999.900;382.867;4.670.997;31.040.159.999.999.900;13.020.669.999.999.900;42.048.400.000.000.000;;4.614.696;4.558.044;248.562;6.765.377;4.060.546;8.990.515;5.402.772;1.107.863;6.082.889;7.024.485;7.994.145;6.690.842;7.828.719;5.001.284;6.944.445;9.166.666;898.235;4.818.462;2.343.466;5.303.823;7.829.664;1.145.037;5.260.416;3.671.875;7.317.708;3.489.583;36.197.914.123.535.200;4.296.875;6.626.156.999.999.990;6.076.389;5.324.074;42.245.368.957.519.400;2.065.972;7.928.241;;1.906.829
219900;01/09/2018 17.00;2.402.431;508.680.534.362.793;518.663.177.490.234;44.357.635.498.046.800;6.353.009.033.203.130;7.740.357;1.511.863;17.223.670.000.000.000;1.623.987;1.535.012;3.793.683;46.615.520.000.000.000;3.298.468;1.294.828;4.208.688;;4.649.175;4.623.188;2.580.609;6.790.303;4.056.375;892.288;5.391.655;1.108.154;6.079.655;7.053.732;8.009.061;6.476.895;8.132.878;4.930.333;6.777.778;9.093.749;8.999.254;4.808.475;2.252.608;5.003.776;7.735.067;00.00;53.645.830.000.000.000;3.880.208;703.125;34.375;364.583.320.617.676;4.270.833;6.655.093.000.000.000;57.870.369.999.999.900;5.208.333;4.253.472;212.963;8.159.722;;1.834.491
219901;01/09/2018 17.01;2.402.431;508.680.534.362.793;518.663.177.490.234;44.357.635.498.046.800;6.353.009.033.203.130;7.740.357;1.511.863;17.223.670.000.000.000;1.623.987;1.535.012;3.793.683;46.615.520.000.000.000;3.298.468;1.294.828;4.208.688;;4.649.175;4.623.188;2.580.609;6.790.303;4.056.375;892.288;5.391.655;1.108.154;6.079.655;7.053.732;8.009.061;6.476.895;8.132.878;4.930.333;6.777.778;9.093.749;8.999.254;4.808.475;2.252.608;5.003.776;7.735.067;00.00;53.645.830.000.000.000;3.880.208;703.125;34.375;364.583.320.617.676;4.270.833;6.655.093.000.000.000;57.870.369.999.999.900;5.208.333;4.253.472;212.963;8.159.722;;1.834.491
219902;01/09/2018 17.02;2.404.398;508.680.534.362.793;518.663.177.490.234;44.357.635.498.046.800;634.027.770.996.094;7.568.001;1.511.863;171.224;1.619.647;15.198.210.000.000.000;3.726.834;46.423.840.000.000.000;35.532.109.999.999.900;12.997.530.000.000.000;4.221.721;;4.641.462;4.707.578;2.606.416;6.765.473;4.068.594;8.959.167;5.429.159.999.999.990;1.107.803;6.099.241;7.034.328;8.004.335;7.367.792;806.855;4.967.117;6.768.519;9.369.791;9.024.935;4.853.747;2.318.122;5.097.415;7.693.834;00.00;5.390.625;3.932.291;6.901.041;34.375;3.671.875;421.875;6.655.093.000.000.000;57.581.019.999.999.900;52.662.040.000.000.000;4.311.343;2.161.458;8.246.528;;1.822.917
219903;01/09/2018 17.03;2.402.431;508.680.534.362.793;518.663.177.490.234;44.357.635.498.046.800;621.643.493.652.344;7.486.086;151.548;171.224;1.614.583;1.530.671;37.373.709.999.999.900;45.812.259.999.999.900;37.442.009.999.999.900;1.287.562;4.202.769;;46.500.699.999.999.900;4.651.112;254.242;676.704;4.057.682;8.950.939;5.430.865;1.105.853;6.073.951;7.009.485;8.002.861;7.323.707;7.949.227;4.987.993;6.800.926;9.031.249;9.002.475;4.707.986;2.315.622;5.205.667;7.737.297;1.241.731;53.645.830.000.000.000;3.932.291;6.692.708;3.489.583;3.671.875;419.270.820.617.676;6.568.287;56.712.959.999.999.900;5.381.944;434.027.786.254.883;2.201.968;8.217.593.000.000.000;;1.837.384
219904;01/09/2018 17.04;2.404.398;508.680.534.362.793;518.663.177.490.234;44.357.635.498.046.800;626.620.361.328.125;7.752.209;1.511.863;17.223.670.000.000.000;1.619.647;1.530.671;3.718.697;4.520.275;37.673.629.999.999.900;1.295.722;42.048.400.000.000.000;;4.588.511;4.601.745;2.519.575;6.720.684;4.057.273;8.886.502;5.396.809;1.103.633;6.063.492;6.977.271;7.959.789.999.999.990;7.189.884;7.983.594;5.015.938;6.967.593;9.145.833;8.943.698;474.162;2.356.771;5.299.366;7.678.351;00.00;53.645.830.000.000.000;3.932.291;6.927.083;348.958.320.617.676;3.645.833;4.166.666;6.510.416;57.581.019.999.999.900;552.662;4.369.213;2.268.519;8.130.787;;1.854.745
219905;01/09/2018 17.05;24.004.630.000.000.000;508.680.534.362.793;518.663.177.490.234;44.357.635.498.046.800;6.447.916;778.748;1.511.863;17.173.029.999.999.900;1.614.583;1.535.012;3.741.174;444.948;3.756.812;1.301.667;4.194.526;;4.651.154;4.578.416;2.485.929;6.817.729;4.071.892;896.415;5.414.441;1.111.231;6.122.267;7.056.544;8.044.502;8.571.312;8.238.824;4.993.029;7.041.666;8.838.541;8.908.087;4.796.112;2.426.355;528.626;7.701.414;00.00;53.385.414.123.535.200;3.958.333;7.057.291;348.958.320.617.676;3.645.833;419.270.820.617.676;6.423.611;5.902.778.000.000.000;5.555.556;44.560.179.999.999.900;2.303.241;8.072.916;;1.880.787
219906;01/09/2018 17.06;2.401.447;5.086.805;518.663.177.490.234;44.357.635.498.046.800;6.285.880.000.000.000;7.788.225;15.234.379.999.999.900;17.173.029.999.999.900;1.614.583;1.530.671;3.740.023;44.179.970.000.000.000;3.730.811;1.298.735;4.187.594;;4.640.596;4.626.035;2.522.817;6.780.089.999.999.990;4.057.089;8.998.087;5.404.373;1.110.935;6.111.621;7.033.499;8.019.774;1.091.952;8.112.879;4.885.117;6.648.148;8.890.624;8.769.196;4.694.873;2.472.814;5.418.676;7.759.618;00.00;53.125;4.036.458;7.057.291;3.489.583;3.671.875;421.875;6.394.676;60.474.540.000.000.000;552.662;44.560.184.478.759.700;2.317.708;7.841.435;;1.909.722
219907;01/09/2018 17.07;2.402.431;5.095.486;518.663.177.490.234;44.357.635.498.046.800;6.277.778;7.721.775;15.198.210.000.000.000;171.224;1.610.966;1.543.692;3.764.152;43.950.070.000.000.000;3.704.927;1.294.786;4.192.714;;4.651.467;4.573.141;2.496.469;6.794.547;4.065.294;8.941.822;5.426.684;1.106.531;6.110.409.999.999.990;7.041.171;8.028.033;1.106.798;8.131.268;5.106.521;6.916.666;8.703.124;8.760.932;4.728.177;2.442.115;5.513.469;7.862.775;00.00;53.125;40.625;7.057.291;34.375;3.671.875;421.875;6.394.676;619.213;5.497.685;44.560.179.999.999.900;2.317.708;7.667.824;;1.915.509
219908;01/09/2018 17.08;2.402.431;50.954.860.687.255.800;5.186.632;44.357.635.498.046.800;634.375;7.589.268;151.548;171.224;1.623.264;1.543.692;3.814.269;4.390.253;3.637.488;129.241;4.193.349;;4.620.861;4.642.083;2.567.765;676.145;4.067.246;8.954.139;5.450.179;1.107.052;611.243;7.031.542;8.009.503;1.130.281;7.973.098;4.902.946;6.907.407;8.968.749;9.024.545;4.793.658;238.032;5.353.569;780.543;00.00;5.260.416;4.192.708;703.125;34.375;3.671.875;4.192.708;6.510.416;6.336.805;5.642.361;4.398.148;2.314.815;7.783.565;;1.906.829
219909;01/09/2018 17.09;24.004.630.000.000.000;50.954.860.687.255.800;5.182.291;44.357.635.498.046.800;6.304.398;7.493.091;151.548;171.224;1.614.583;1.543.692;3.785.119;4.388.045;35.367.259.999.999.900;1.294.287;4.189.658;;4.594.308;4.507.864;2.458.899;672.431;4.060.254;8.888.301;540.427;1.108.463;613.217;6.923.628;7.988.513;1.137.865;8.184.995;5.104.474;6.759.259;9.062.499;8.984.439;4.835.258;2.320.863;5.152.827;7.825.905;0.0001622115;5.234.375;4.270.833;7.005.208;34.375;3.645.833;419.270.820.617.676;6.626.156.999.999.990;6.568.287;5.700.232;4.398.148;2.320.602;8.015.046;;1.892.361
219910;01/09/2018 17.10;24.004.630.000.000.000;50.954.860.687.255.800;5.173.611;44.357.635.498.046.800;6.366.898;7.463.613.000.000.000;151.548;17.173.029.999.999.900;162.037;1.530.671;38.272.909.999.999.900;4.408.363;344.224;12.980.030.000.000.000;4.215.492;;4.585.523;4.570.356;2.500.083;6.738.723;4.079.497;8.930.403;5.400.096;1.104.431;6.109.793;7.037.719;802.072;1.153.694;8.134.284;5.088.074;6.851.852;9.057.291;8.765.869;4.816.579;2.415.874;5.216.024;7.851.779;00.00;5.182.291;4.192.708;703.125;34.375;3.671.875;419.270.820.617.676;7.002.315;6.799.769;56.712.959.999.999.900;4.369.213;2.384.259;8.420.139;;1.877.894
219911;01/09/2018 17.11;2.404.398;50.954.860.687.255.800;5.182.291;44.357.635.498.046.800;6.238.425;7.463.835.999.999.990;151.548;17.173.029.999.999.900;162.037;15.227.139.999.999.900;3.912.096;4.388.257;33.856.320.000.000.000;12.929.680.000.000.000;4.206.826;;4.613.508;4.538.162;2.448.704;6.766.265;4.065.545;8.966.586;5.419.256;1.107.065;6.085.116;7.006.494;7.987.596;1157.04.00;8.110.495;4.996.482;6.972.222;8.968.749;8.994.071;4.770.826;2.430.361;5.341.679;7.909.819;00.00;51.822.914.123.535.200;421.875;7.213.541;34.375;3.645.833;4.192.708;7.291.666;7.002.315;5.613.426;4.340.278;244.213;8.825.231;;1.877.894
219912;01/09/2018 17.12;2.404.398;5.095.486;5.186.632;44.357.635.498.046.800;632.870.361.328.125;7.463.235;150.897;17.173.029.999.999.900;16.124.129.999.999.900;1.544.415;3.943.427;4.311.999;33.252.629.999.999.900;1.296.123;4.207.106;;4.596.069;461.89;2.534.741;6.748.267;4.077.397;8.919.677;5.435.232;11.060.330.000.000.000;6.080.484;6.983.301;7.979.453;1.164.427;811.738;4.943.622;6.949.074;9.088.541;9.106.276;4.757.769;2.455.853;5.367.833;7.830.577;00.00;51.822.914.123.535.200;421.875;7.447.916;34.375;364.583.320.617.676;421.875;7.523.148;7.146.991;5.555.556;434.027.786.254.883;2.456.597;9.114.584;;1.898.148
219913;01/09/2018 17.13;2.402.431;5.078.125;5.173.611;44.357.635.498.046.800;630.902.770.996.094;74.132;1.511.863;171.224;161.603;1.531.395;40.019;4.365.801;3.356.026;12.887.839.999.999.900;4.198.571;;4.611.861;465.041;2.573.873;6.749.388;405.66;8.967.565;5.422.531;11.136.889.999.999.900;6.110.611;6.960.541;7.997.891;1162.42.00;775.875;4.911.682;6.754.630.000.000.000;9.317.708;8.761.309;472.906;2.452.472;535.485;7.887.172;00.00;5.182.291;4.166.666;7.578.125;341.145.820.617.676;364.583.320.617.676;4.270.833;7.638.889;7.378.472;5.555.556;4.340.278;2.404.514;931.713;;1.927.083
219914;01/09/2018 17.14;2.404.398;5.095.486;5.173.611;44.357.635.498.046.800;632.523.132.324.219;7.467.948;151.548;1.707.176;16.420.720.000.000.000;1.535.012;4.020.671;4.383.802;33.300.670.000.000.000;1.292.665;4.204.715;;4.644.088;4.661.565;2.590.227;6.739.697;4.062.868;8.984.255;5.386.436;1.104.134;6.073.299;7.002.435;8.001.519.999.999.990;1.170.611;7.981.949;5.038.006;687.05.00;9.031.249;9.123.065;4.716.381;2.463.616;5.368.796;7.835.777;0.0002502048;5.130.208;4.140.625;7.604.166;3.385.416;3.645.833;4.296.875;7.696.759;7.494.213;5.555.556;4.311.343;239.294;9.519.676;;1.953.125
219915;01/09/2018 17.15;2.402.431;50.954.860.687.255.800;5.186.632;4.435.764;6.398.148.193.359.380;7.462.798.000.000.000;15.198.210.000.000.000;1.707.176;1.623.264;15.364.579.999.999.900;3.946.072;4.344.618;32.771.770.000.000.000;1.296.579;4.198.989;;4.604.335;4.607.212;2.526.137;6.728.122;4.045.186;8.901.979;5.416.183;1.106.548;6.077.192;6.974.094;7.983.304;1173.18.00;7.982.809;4.958.048;6.851.852;9.197.916;9.263.658;479.222;24.881.099.999.999.900;5.396.632;7.805.222;00.00;5.104.166;40.625;7.604.166;3.359.375;3.619.791;4.296.875;7.725.694;7.494.213;552.662;431.134.262.084.961;2.390.046;9.866.898;;1.967.593
219916;01/09/2018 17.16;2.402.431;50.954.860.687.255.800;5.173.611;44.357.635.498.046.800;642.476.806.640.625;7.516.427;151.548;171.224;1.619.647;15.277.779.999.999.900;3.904.391;4.389.063;3.253.399;1.295.093;4.197.954;;4.602.506;4.622.001;2.526.407;6.726.114;4.046.977;8.958.262;539.631;1.102.787;6.038.580.000.000.000;6.959.762;7.991.525;1.167.979;7.858.002;4.875.914;7.037.037;9.124.999;9.070.095;47.818.699.999.999.900;2.423.203;5.384.667;7.804.873;00.00;51.041.664.123.535.200;4.088.541;7.552.083;3.307.291;3.619.791;4.296.875;8.015.046;7.378.472;5.497.685;4.311.343;2.369.792;1.053.241;;1.970.486
219917;01/09/2018 17.17;2.402.431;50.954.860.687.255.800;5.182.291;44.357.635.498.046.800;6.275.462.646.484.380;7.520.958;15.234.379.999.999.900;17.223.670.000.000.000;1.623.264;1.535.012;3.919.195;4.417.548;32.368.990.000.000.000;1.299.409;4.203.729;;46.208.099.999.999.900;4.526.509;2.421.116;6.734.028;4.042.992;8.948.062;5.412.759;1.107.487;6.078.286;6.943.137;7.996.509;1.170.489;7.979.045;49.479.400.000.000.000;6.893.519;9.369.791;8.981.643;4.742.613;23.946.900.000.000.000;5.264.628;7.880.854;00.00;5.104.166;4.192.708;7.473.958;3.307.291;3.567.708;4.270.833;8.101.852;7.146.991;546.875;4.253.472;2.349.537;1.125.579;;1.956.019
219918;01/09/2018 17.18;2.402.431;50.954.860.687.255.800;5.173.611;44.357.635.498.046.800;6.334.490.966.796.880;7.479.500.999.999.990;15.198.210.000.000.000;17.173.029.999.999.900;1.623.987;1.538.628;3.952.642;4.536.708;3.223.489;1.294.737;42.067.199.999.999.900;;4.644.558;4.655.457;2.566.868;6.732.868;4.052.447;8.899.119.999.999.990;5.397.633;11.044.589.999.999.900;6.082.722;6.957.211;8.004.813;1.174.106;7.836.725;4.890.769;6.805.555;9.135.416;9.171.248;4.893.357;2.364.694;5.313.755;7.920.917;00.00;5.078.125;4.296.875;734.375;328.125;356.770.820.617.676;421.875;8.275.463;7.002.315;5.497.685;42.534.721.374.511.700;2.384.259;1.186.343;;1.929.977
219919;01/09/2018 17.19;2.402.431;50.954.860.687.255.800;51.736.110.687.255.800;44.357.635.498.046.800;63.113.427.734.375;7.352.099;15.234.379.999.999.900;17.173.029.999.999.900;161.603;15.270.539.999.999.900;3.940.282;4.649.576;3.198.007;1.300.384;4.201.016;;4.603.878;4.533.824;2.431.864;6.756.214;4.061.208;8.916.295;5.402.919.999.999.990;1.104.878;6.066.387;6.997.239.999.999.990;7.990.782;1.161.198;8.037.225;507.966;6.712.963;9.411.458;9.201.295;4.783.467;2.436.986;529.398;791.262;00.00;5.052.083;4.296.875;7.265.625;3.255.208;356.770.820.617.676;4.192.708;8.275.463;6.799.769;5.497.685;42.534.721.374.511.700;2.418.981;1.226.852;;192.419
219920;01/09/2018 17.20;2.402.431;50.954.860.687.255.800;51.736.110.687.255.800;44.357.635.498.046.800;6.255.787.353.515.630;7.374.351.999.999.990;1.526.331;17.173.029.999.999.900;1.619.647;1.538.628;39.442.209.999.999.900;4.705.295;32.360.170.000.000.000;13.009.269.999.999.900;4.189.293;;4.615.626;452.224;2.441.641;675.443;4.069.925;8.934.335;540.855;1.106.597;6.074.103;6.971.424;7.989.344;1.168.693;8.002.613;5.008.562;6.736.111;9.578.124;9.160.035;4.894.484;2.423.994;5.339.824;7.933.525;00.00;5.052.083;4.322.916;7.161.458;325.520.820.617.676;356.770.820.617.676;4.192.708;8.304.398;6.684.028;552.662;42.534.721.374.511.700;2.520.255;1.284.722;;1.929.977
219921;01/09/2018 17.21;2.402.431;50.954.860.687.255.800;51.736.110.687.255.800;44.357.635.498.046.800;628.472.229.003.906;7.590.269;151.548;171.224;161.603;1.535.012;3.974.045;4.735.907;3.250.561;12.977.960.000.000.000;4.213.477;;4.687.264;4.596.335;2.522.035;6.783.505;4.068.804;8.968.039;5.422.779;1.112.661;6.082.305;6.998.344;797.798;1159.87;7.888.217;5.007.527;7.032.407;9.609.374;9.132.855;4.836.148;2.436.274;5.384.736;7.906.538;00.00;50.00.00;4.348.958;7.083.333;325.520.820.617.676;356.770.820.617.676;4.166.666;8.275.463;6.510.416;5.555.556;42.534.721.374.511.700;2.586.805;1.333.912;;1.956.019
219922;01/09/2018 17.22;2.402.431;50.954.860.687.255.800;51.736.110.687.255.800;44.357.635.498.046.800;6.346.064.453.125;7.508.733.000.000.000;151.548;171.224;161.603;1.544.415;3.963.195;4.831.021;3.266.595;12.990.680.000.000.000;4.215.316;;4.648.242;4.708.914;2.639.774;6.795.465;4.066.722;8.955.359;5.461.779;1.112.499;6.145.567;7.005.674;8.085.402;8.852.453;8.114.482;5.021.461;6.953.704;8.755.208;8.967.726;4.695.217;2.294.481;5.118.239;7.774.960.000.000.000;0.005362756;50.00.00;4.348.958;7.005.208;325.520.820.617.676;356.770.820.617.676;4.140.625;8.101.852;6.394.676;5.555.556;42.534.721.374.511.700;2.638.889;1.388.889;;197.338
219923;01/09/2018 17.23;2.402.431;50.954.860.687.255.800;5.173.611;44.357.635.498.046.800;6.346.064;7.508.733.000.000.000;151.548;171.224;161.603;1.544.415;3.963.195;4.831.021;3.266.595;12.990.680.000.000.000;4.194.572;;4.655.024;4.680.401;260.858;6.780.677;4.066.463;8.947.988;5.421.174;1.107.097;6.069.042;6.998.810.000.000.000;7.955.546;1.148.569;7.924.765;47.648.800.000.000.000;6.268.519;9.270.833;9.092.018;4.732.516;2.256.135;5.022.494;7.646.907;00.00;50.00.00;4.348.958;7.005.208;325.520.820.617.676;356.770.820.617.676;4.140.625;8.101.852;6.394.676;5.555.556;4.253.472;2.638.889;1.388.889;;197.338
219924;01/09/2018 17.24;2.404.398;50.954.860.687.255.800;5.182.291;44.357.635.498.046.800;6.339.119.999.999.990;7.394.336;1.511.863;1.707.899;1.619.647;15.270.539.999.999.900;39.666.470.000.000.000;4.833.493;3.328.082;1.299.729;4.205.233;;4.675.014;4.724.177;2.661.534;6.803.163;4.077.852;8.962.653;5.449.926;1.109.701;6.128.255;7.020.322;7.990.916;11.575.510.000.000.000;7.887.666;4.981.188;6.462.963;8.854.166;8.910.904;478.626;2.309.059;5.051.163;7.667.867;00.00;50.00.00;4.322.916;6.901.041;325.520.820.617.676;356.770.820.617.676;4.140.625;7.783.565;62.05.00;541.088;4.224.537;2.702.546;1.452.546;;2.013.889
219925;01/09/2018 17.25;2.402.431;50.954.860.687.255.800;5.173.611;4.435.764;6.377.314;7.389.159.000.000.000;150.897;1.726.707;161.603;1.530.671;3.951.548;4.839.725;3.352.946;1.299.818;4.195.521;;4.614.081;4.620.189;2.515.786;6.778.663;4.056.399;8.972.237;543.879;1.107.218;6.099.788;7.021.909;7.983.746;1.153.531;8.026.855;4.983.742;6.805.555;8.911.458;8.966.957;4.857.904;2.311.513;5.091.992;7.685.615;00.00;4.921.875;4.296.875;6.901.041;325.520.820.617.676;3.567.708;4.140.625;7.725.694;6.278.935;5.353.009;42.245.368.957.519.400;2.751.736;1.475.694;;2.045.718
219926;01/09/2018 17.26;2.404.398;50.954.860.687.255.800;5.169.271;4.444.444;63.136.572.265.625;7.564.086;1.511.863;17.173.029.999.999.900;16.124.129.999.999.900;1.543.692;3.953.434;4.864.524;335.509;1.300.912;4.216.585;;4.656.982;4.671.418;258.514;6.788.976;4.069.325;8.978.889;5.442.944;1.109.165;6.128.126;7.035.319.999.999.990;8.032.603;1153.47.00;7.964.960.000.000.000;513.687;6.768.519;8.901.041;9.003.580.000.000.000;4.895.042;2.354.286;5.284.937;7.766.554;00.00;4.921.875;4.192.708;68.75;3.255.208;3.541.666;4.088.541;7.725.694;6.336.805;52.662.040.000.000.000;4.224.537;2.798.033;1.493.056;;2.097.801
219927;01/09/2018 17.27;2.401.447;50.954.860.687.255.800;5.169.271;444.444.427.490.234;629.976.806.640.625;7.496.785;150.463;171.224;1.610.966;1.543.692;397.291;4.843.063;3.367.734;1.302.552;4.197.344;;4.605.143;4.655.021;2.563.126;6.788.219;4.061.337;8.933.191;543.84;1.109.883;6.108.240.000.000.000;7.037.328;8.055.536;1.160.383;802.569;5.114.335;6.870.369.999.999.990;9.114.583;9.112.877;4.764.407;2.421.458;5.229.783;7.811.824;00.00;4.921.875;4.140.625;6.822.916;328.125;35.416.664.123.535.200;4.140.625;8.015.046;6.481.481;5.208.333;4.253.472;2.841.435;1.490.162;;213.831
219928;01/09/2018 17.28;24.004.630.000.000.000;50.954.860.687.255.800;5.173.611;444.444.427.490.234;629.513.916.015.625;7.375.697;1.511.863;17.223.670.000.000.000;1.619.647;15.364.579.999.999.900;3.960.118;48.570.240.000.000.000;33.022.420.000.000.000;13.012.310.000.000.000;4.208.176;;464.791;4.643.918;25.676.900.000.000.000;6.770.551;4.069.856;8.989.381;5.407.504;1109.05.00;6.121.582;7.007.678;8.012.195;1161.38.00;7.991.846;4.978.186;6.731.481;9.005.208;9.013.256;4.820.201;2.420.919;5.299.606;7.741.389.999.999.990;7.548.379;4.869.791;4.140.625;6.796.875;328.125;35.416.664.123.535.200;4.140.625;8.130.787;6.712.963;5.208.333;42.534.721.374.511.700;2.864.583;1.490.162;;2.181.713
219929;01/09/2018 17.29;2.404.398;5.095.486;51.736.110.687.255.800;444.444.427.490.234;63.136.572.265.625;7.207.053;1.511.863;17.173.029.999.999.900;16.283.279.999.999.900;1.535.012;3.913.888;48.767.509.999.999.900;3.325.745;1.301.212;4.218.376;;4.625.782;4.614.874;2.528.633;6.779.628;4.061.306;8.971.088;5.429.786;1.106.385;6.126.146;6.988.718;7.980.017;1165.00.00;8.104.521;4.960.686;7.217.593;8.864.583;9.149.223;4.907.221;2.435.235;5.369.064;7.801.531;00.00;484.375;4.166.666;6.744.791;3.307.291;3.541.666;4.088.541;8.246.528;6.944.444;5.179.398;4.253.472;2.867.477;146.412;;2.210.648
219930;01/09/2018 17.30;2.404.398;50.954.860.687.255.800;51.736.110.687.255.800;444.444.427.490.234;637.962.951.660.156;7.099.363.000.000.000;1.511.863;171.224;1.623.264;1.530.671;3.915.044;4.930.272;3.388.685;1.298.512;4.227.299;;4.651.693;4.737.939;2.679.939;6.815.563;4.067.559;8.922.649;5.430.637;1.114.838;6.135.966;702.45.00;8.031.626;1.162.106;8.050.831;4.944.413;6.976.852;9.421.874;9.017.886;4.855.509;246.731;5.383.026;789.059;00.00;484.375;4.192.708;6.744.791;3.307.291;3.567.708;4.088.541;8.304.398;708.912;5.208.333;4.311.343;2.855.903;1.461.227;;2.228.009
219931;01/09/2018 17.31;2.401.447;50.954.860.687.255.800;5.173.611;444.444.427.490.234;639.467.590.332.031;7.194.306.999.999.990;1.511.863;171.224;1.623.264;1.544.415;3.949.212;49.528.059.999.999.900;3.449.067;129.565;4.202.338;;4.584.106;4.681.465;2.582.056;6.749.228;4.061.961;8.910.652;5.415.675;1.105.628;6.113.146;7.042.307;7.949.567;11.673.980.000.000.000;7.919.736;514.856;6.712.963;8.989.583;8.899.865;4.805.573;2.440.122;5.254.783;7.835.623;00.00;4.869.791;4.192.708;6.640.625;328.125;356.770.820.617.676;40.625;8.420.139;7.233.796;5.324.074;4.398.148;2.867.477;1.467.014;;2.242.477
219932;01/09/2018 17.32;2.402.431;50.954.860.687.255.800;516.927.070.617.676;444.444.427.490.234;6.260.416.259.765.630;7.562.988;150.897;17.173.029.999.999.900;1.614.583;15.270.539.999.999.900;3.960.355;49.161.809.999.999.900;350.646;1.297.283;4.196.594;;4.626.579;4.634.876;2.562.352;6.757.835;40.625.300.000.000.000;8.924.916;5.436.063;1.106.516;610.636;7.013.319;7.978.187;1.172.745;8.118.261;5.102.378;6.800.926;9.166.666;9.070.637;486.519;2.456.878;5.223.535;7.831.799;00.00;4.869.791;4.088.541;6.640.625;328.125;3.567.708;40.625;8.362.269;7.291.666;541.088;44.849.540.000.000.000;2.879.051;1.461.227;;224.537
219933;01/09/2018 17.33;24.004.630.000.000.000;50.954.860.687.255.800;516.493;444.444.427.490.234;620.717.590.332.031;7.445.373.000.000.000;1.511.863;17.173.029.999.999.900;1.619.647;1.535.012;3.959.228;4.960.001;36.122.679.999.999.900;13.026.860.000.000.000;4.196.339;;4.627.043;4.555.301;2.447.914;6.745.024;4.055.091;8.924.893;5.423.299;1.105.325;6.075.407;698.924;8.007.374;1.163.224;7.927.844;4.994.888;7.078.704;9.276.041;8.829.223;4.757.793;2.468.892;5.336.165;7.853.011;00.00;4.921.875;3.958.333;6.484.375;3.307.291;3.541.666;40.625;8.362.269;7.407.406.999.999.990;5.555.556;4.513.889;28.703.700.000.000.000;1.472.801;;2.262.731
219934;01/09/2018 17.34;2.405.382;50.954.860.687.255.800;5.173.611;444.444.427.490.234;6.258.101.806.640.630;7.517.619;1.511.863;17.223.670.000.000.000;1.632.668;1.543.692;3.937.246;4.957.124;3.659.688;1.301.206;4.197.479;;4.640.082;4.749.572;2.676.532;676.574;4.056.505;8.942.012;541.203;1109.65;6.070.173;6.952.805;7.975.743;1.160.403;8.098.627;5.073.273;6.986.111;9.119.791;9.077.247;4.897.447;2.418.806;5.299.233;7.807.319;00.00;4.947.916;3.958.333;63.802.080.000.000.000;3.307.291;3.541.666;40.625;8.246.528;7.494.213;57.581.019.999.999.900;4.600.694;2.884.838;1.495.949;;2.282.986
219935;01/09/2018 17.35;2.404.398;50.954.860.687.255.800;5.169.271;444.444.427.490.234;6.333.333.740.234.380;7.485.768;150.463;17.173.029.999.999.900;1.619.647;1.535.012;3.943.978;4.900.849;3.694.001;1.296.693;422.264;;4.645.415;4.643.156;2.558.944;6.741.752;405.772;8.931.172;5.402.435;11.022.830.000.000.000;6.068.153;6.929.132;7.965.881;1.144.004;8.015.225;4.938.058;6.833.333;9.031.249;919.84;4.929.939;2.433.887;5.383.966;7.928.657;0.009350480999999999;50.00.00;4.036.458;63.802.080.000.000.000;3.359.375;3.515.625;40.625;8.130.787;7.523.148;5.815.971.999.999.990;4.542.824;2.896.412;1.501.736;;2.314.815
219936;01/09/2018 17.36;2.402.431;50.954.860.687.255.800;5.169.271;444.444.427.490.234;629.513.854.980.469;7.563.146;150.463;17.173.029.999.999.900;1.623.987;1.535.012;3.953.326;49.375.640.000.000.000;37.467.259.999.999.900;12.975.710.000.000.000;4.201.023;;4.638.194;4.674.419;2.592.662;6.827.322;4.053.933;8.875.067;5.423.225;1.109.758;6.087.769;6.998.701;7.983.118;1.125.508;7.929.311;5.155.219.999.999.990;699.074;8.994.791;9.238.289;4.858.611;2.452.746;529.56.00;7.869.738;00.00;5.078.125;40.625;6.354.166;3.385.416;3.541.666;40.625;7.986.111;7.696.759;5.844.906.999.999.990;4.600.694;2.922.454;1.539.352;;2.358.218
219937;01/09/2018 17.37;2.404.398;5.095.486;516.493;444.444.427.490.234;6.339.119.873.046.880;7.471.598;150.463;17.173.029.999.999.900;1.629.051;1.530.671;3.888.037;4.988.086;3.707.943;1.298.349;4.205.485;;461.791;4.657.738;2.564.245;6.743.624;4.050.363;8.915.134;5.398.627;1.109.815;6.082.889;6.969.997;796.926;1.089.012;7.948.864;4.990.257;6.731.481;9.124.999;9.215.658;4.951.082;2.502.758;5.321.767;7.850.685;00.00;51.041.664.123.535.200;4.166.666;6.354.166;341.145.820.617.676;35.416.664.123.535.200;4.036.458;7.986.111;7.725.694;5.902.778.000.000.000;462.963;2.934.028;1.623.264;;2.387.153
219938;01/09/2018 17.38;24.004.630.000.000.000;50.998.259.999.999.900;516.493.034.362.793;444.444.427.490.234;6.369.212.646.484.380;7.331.234;150.897;171.224;1.623.987;1.551.649;3.885.666;4.938.945;3.665.098;129.164;4.205.645;;4.609.833;4.655.229;2.566.495;6.768.976;4.048.782;8.897.071;5.436.709;1.105.455;6.115.416;7.046.092;7.991.129;1.112.872;7.972.369;4.919.586;6.712.963;8.770.833;9.036.519;4.885.728;2.537.241;5.335.388;7.918.459;00.00;5.130.208;421.875;6.276.041;34.375;35.416.664.123.535.200;4.036.458;7.986.111;78.125;59.895.830.000.000.000;4.600.694;2.936.921;1.678.241;;2.407.407
219939;01/09/2018 17.39;2.404.398;50.998.260.498.046.800;516.493;4.444.444;633.912.048.339.844;7.361.452;150.897;17.173.029.999.999.900;162.037;15.364.579.999.999.900;3.836.758;49.432.390.000.000.000;3.673.324;1.293.512;4.203.658;;4.656.172;465.56.00;2.569.799;6.796.743;4.067.575;8.944.509;5.421.874;1.109.776;6.087.644;7.024.076;7.973.096;1.121.996;8.172.378;4.906.141;7.092.593;9.041.666;9.231.015;4.869.514;247.953;5.287.881;7.901.318;2.503.148;51.041.664.123.535.200;4.322.916;62.239.580.000.000.000;34.375;35.416.664.123.535.200;4.010.416;8.015.046;7.841.435;619.213;46.296.295.166.015.600;2.934.028;1.695.602;;2.418.981
219940;01/09/2018 17.40;2.405.382;50.998.260.498.046.800;516.059;4.448.785;6.378.472;7.444.415;150.897;17.173.029.999.999.900;16.124.129.999.999.900;1.543.692;3.846.632;4.947.784;36.533.559.999.999.900;12.953.669.999.999.900;4.246.473;;4.608.235;4.380.401;2.286.927;6.723.212;4.057.099;8.955.313;5.398.435;1.107.285;6.054.534;6.947.727;8.041.459;1.122.482;8.043.029;5.329.686;6.851.852;8.723.958;9.012.082;4.925.622;2.487.327;5.363.602;7.838.376;1.730.131;5.078.125;4.401.041;6.171.875;34.375;35.416.664.123.535.200;40.104.164.123.535.200;8.159.722;787.037;62.05.00;4.658.564.758.300.770;2.922.454;1.698.495;;2.433.449
219941;01/09/2018 17.41;24.004.630.000.000.000;50.998.259.999.999.900;516.493;4.444.444;6.319.444.580.078.130;751.274;150.897;171.224;1.623.987;1.544.415;3.882.952;4.933.155;3.663.778;1.299.187;4.205.791;;4.654.745;4.673.481;25.697.900.000.000.000;6.811.545;4.055.316;896.943;5.443.504;1.110.947;6.111.414;7.021.421;8.008.366;1.122.239;8.143.845;5.068.846;6.777.778;8.984.374;9.122.627;4.921.587;2.458.815;5.194.807;7.793.027;1.068.338;50.00.00;4.401.041;61.458.330.000.000.000;34.375;35.416.664.123.535.200;4.010.416;8.217.593.000.000.000;7.986.111;6.365.741;46.875;2.893.518;166.088;;2.456.597
219942;01/09/2018 17.42;2.402.431;5.086.805;516.493.034.362.793;444.444.427.490.234;631.712.951.660.156;7.760.125;150.463;17.173.029.999.999.900;1.610.966;1.531.395;38.997.409.999.999.900;4.944.365;3.685.175;1.298.552;4.199.808;;4.646.674;4.685.376;261.725;6.760.324;4.044.221;8.917.928;5.415.129;1104.36.00;6.057.768;6.988.267;7.960.309;11.189.080.000.000.000;8.102.303;4.905.475;6.972.222;9.302.083;8.999.067;494.356;2.459.261;5.208.918;7.817.134;7.492.355;4.947.916;4.348.958;609.375;34.375;35.416.664.123.535.200;3.958.333;8.246.528;8.015.046;6.423.611;474.537;2.884.838;1.617.477;;2.465.278
219943;01/09/2018 17.43;2.402.431;50.998.259.999.999.900;516.493;444.444.427.490.234;629.398.132.324.219;7.702.615;150.463;1.707.176;1.619.647;1.535.012;3.869.696;4.916.798;3.686.416;1.295.232;4.188.546;;4.635.834;4.398.987;2.299.289;6.791.355;4.059.136;8.995.317;544.649;1.115.382;6.076.329;7.055.696;8.018.391;1.102.931;7.898.391;50.450.699.999.999.900;6.532.407;9.401.041;8.987.292;5.003.306;2.309.088;4.923.988;7.724.998;00.00;4.921.875;4.296.875;609.375;34.375;35.416.664.123.535.200;4.010.416;853.588;8.072.916;6.394.676;4.774.306;2.876.158;1.579.861;;2.445.023
219944;01/09/2018 17.44;2.404.398;50.998.259.999.999.900;516.059;444.444.427.490.234;633.912.048.339.844;7.627.165;1.511.863;17.173.029.999.999.900;1.623.264;15.270.539.999.999.900;383.424;4.997.376;36.862.140.000.000.000;12.935.360.000.000.000;4.205.409;;4.644.575;4.666.937;25.790.319.999.999.900;6.791.439.999.999.990;4.048.057;8.930.459;5.453.637;1.109.628;6.045.956;6.993.232;8.002.549;1.109.965;7.968.959;4.799.317;6.787.037;9.036.458;9.118.586;5.046.808;238.261;4.888.619;7.756.709;00.00;484.375;4.270.833;609.375;34.375;3.541.666;3.958.333;8.825.231;8.159.722;6.365.741;4.774.306;2.867.477;1.594.329;;2.418.981
219945;01/09/2018 17.45;2.402.431;5.095.486;516.059;444.444.427.490.234;634.722.229.003.906;7.516.418;1.511.863;17.173.029.999.999.900;1.610.966;1.538.628;3.853.256;5.122.547;3.660.423;1.301.742;4.205.409;;4.644.575;4.666.937;25.790.319.999.999.900;6.791.439.999.999.990;4.048.057;8.930.459;5.453.637;1.109.628;6.045.956;6.993.232;8.002.549;1.109.965;7.968.959;4.799.317;6.787.037;9.036.458;9.118.586;5.046.808;238.261;4.888.619;7.756.709;00.00;4.791.666;421.875;609.375;3.411.458;3.515.625;3.958.333;9.085.648;8.246.528;6.423.611;474.537;2.905.092;1.623.264;;2.418.981
219946;01/09/2018 17.46;2.402.431;50.954.860.687.255.800;516.493;444.444.427.490.234;6.354.166.259.765.630;7.520.914;1.511.863;17.173.029.999.999.900;161.603;1.538.628;38.771.190.000.000.000;5.003.439;3.634.632;1.282.457;4.231.013;;4.598.119;4.607.573;2.523.604;6.771.522;4.046.343;8.925.085;539.514;1.108.338;6.115.487;6.964.696;7.936.384;10.860.339.999.999.900;7.772.615;4.750.184;6.805.555;8.776.041;9.145.374;4.870.868;246.571;5.297.869;7.769.864;00.00;473.958.320.617.676;4.192.708;6.015.625;341.145.820.617.676;3.489.583;3.932.291;943.287;8.275.463;6.365.741;4.803.241;2.957.176;1.649.306;;2.413.194
219947;01/09/2018 17.47;2.404.398;50.954.860.687.255.800;516.059;4.444.444;6.319.444.580.078.130;7.526.106;150.463;17.173.029.999.999.900;1.623.987;1.535.012;3.780.749;4.974.129;3.624.892;12.998.330.000.000.000;4.199.616;;4.650.261;4.666.451;25.880.400.000.000.000;6.783.785;4.069.412;8.927.031;5.425.035;1.108.943;6.094.441;6.951.355;7.986.451;1071.48.00;7.872.316;491.582;6.537.037;8.911.458;9.096.861;4.804.818;2.531.946;5.355.529;7.811.633;00.00;46.875;4.140.625;5.963.541;3.411.458;34.375;390.625;9.751.156.999.999.990;8.275.463;6.336.805;4.832.176;3.043.981;1.617.477;;2.375.579
219948;01/09/2018 17.48;2.402.431;5.095.486;515.191;4.435.764;626.851.806.640.625;7.429.952;1.496.672;17.173.029.999.999.900;161.603;1.530.671;3.772.486;4.978.222;35.389.340.000.000.000;1.298.147;4.225.648;;4.664.045;4.697.116;2.622.516;6.751.001;4.063.239;8.950.372;5.437.637;1.107.674;6.129.111;6.996.381;8.001.376;1048.31.00;7.983.459;4.714.829;6.638.889;8.953.124;8.962.708;4.757.144;2.541.417;5.274.426;7.792.689;0.001158355;4.609.375;4.088.541;5.859.375;3.385.416;3.385.416;3.880.208;1.009.838;8.217.593.000.000.000;6.134.259;4.774.306;3.130.787;1.588.542;;2.317.708
219949;01/09/2018 17.49;2.404.398;5.086.805;516.059;44.357.635.498.046.800;632.523.132.324.219;7.494.181.999.999.990;150.897;171.224;16.124.129.999.999.900;1.535.012;37.130.309.999.999.900;4.989.107;35.201.440.000.000.000;12.912.510.000.000.000;42.138.599.999.999.900;;4.636.221;4.669.219;2.602.059;6.779.047;4.051.648;8.915.063;5.435.409;1.111.776;6.113.472;7.060.263;8.007.572;1.048.008;8.072.581;5.012.991;6.800.926;8.536.458;8.944.751;4.731.963;2.488.407;536.561;7.891.154;00.00;4.557.291;4.036.458;578.125;3.359.375;3.359.375;3.828.125;104.456;8.072.916;6.076.389;474.537;3.266.783;1.576.968;;2.242.477
219950;01/09/2018 17.50;2.402.431;508.680.534.362.793;515.191;44.357.635.498.046.800;6.341.435.546.875;7.499.789;150.897;17.173.029.999.999.900;161.603;1.535.012;3.743.642;5.072.729;3.494.317;1.291.597;420.403;;4.632.073;4.594.005;2.500.094;6.754.708;4.056.192;8.945.314;540.064;1.108.855;6.079.969;7.014.364;8.011.161;1.031.309;8.048.371;4.781.616;6.629.630.000.000.000;8.177.083;9.139.841;4.818.352;2.499.294;5.296.719;7.928.203;8.301.986.999.999.990;45.572.914.123.535.200;4.010.416;578.125;3.307.291;3.359.375;3.828.125;1.073.495;7.957.176;6.105.324;47.453.704.833.984.300;3.376.736;1.605.903;;2.161.458
219951;01/09/2018 17.51;24.004.630.000.000.000;508.680.534.362.793;5.147.569;4.435.764;6.303.240.966.796.880;7.461.554;151.548;17.173.029.999.999.900;1.619.647;1.538.628;37.503.190.000.000.000;49.717.259.999.999.900;34.218.070.000.000.000;129.751;420.403;;4.632.073;4.594.005;2.500.094;6.754.708;4.056.192;8.945.314;540.064;1.108.855;6.079.969;7.014.364;8.011.161;1.031.309;8.048.371;4.781.616;6.629.630.000.000.000;8.177.083;9.139.841;4.818.352;2.499.294;5.296.719;7.928.203;8.301.986.999.999.990;4.557.291;4.010.416;5.729.166;328.125;3.307.291;3.828.125;1.085.069;7.928.241;62.05.00;474.537;34.288.199.999.999.900;1.626.157;;2.094.907
219952;01/09/2018 17.52;2.405.382;508.680.534.362.793;515.191;44.314.240.000.000.000;627.777.770.996.094;7.429.858;150.463;171.224;1.619.647;1.530.671;3.691.215;50.108.709.999.999.900;34.547.309.999.999.900;1.294.552;4.220.182;;4.614.315;4.578.262;2.509.354;6.782.676;40.505.199.999.999.900;893.472;5.440.133;1110.08.00;6.078.924;7.046.492;8.074.207;1.003.175;8.044.216;5.076.757;6.962.963;8.734.374;8.974.875;4.737.704;2.442.394;5.088.505;7.920.021;23.382.170.000.000.000;4.583.333;3.958.333;5.729.166;328.125;330.729.141.235.352;3.802.083;1.085.069;7.986.111;6.221.065;46.875;3.402.778;1.678.241;;2.042.824
219953;01/09/2018 17.53;24.004.630.000.000.000;5.086.805;515.190.963.745.117;44.314.235.687.255.800;6.385.416.259.765.630;7.414.493;150.463;17.173.029.999.999.900;1.614.583;1.535.012;3.846.228;5.036.925;35.195.409.999.999.900;12.959.010.000.000.000;4.207.118;;4.616.191;4.605.394;25.171.259.999.999.900;6.767.856;4.049.264;8.934.169.999.999.990;5.399.973;11.049.089.999.999.900;610.562;7.021.835;804.043;9.905.958;8.017.098;5.199.321;6.837.963;9.291.666;8.829.622;4.658.599;2.449.197;523.238;7.908.746;14.492.070.000.000.000;458.333.320.617.676;3.880.208;57.552.080.000.000.000;328.125;330.729.141.235.352;380.208.320.617.676;1.076.389;8.072.916;59.895.830.000.000.000;46.875;3.356.481;177.662;;2.037.037
219954;01/09/2018 17.54;2.402.431;5.082.465;515.191;44.314.235.687.255.800;626.388.916.015.625;7.459.766;1.511.863;17.223.670.000.000.000;1.614.583;15.234.379.999.999.900;3.691.796;496.879;351.906;12.952.860.000.000.000;4.215.686;;4.639.355;4.634.684;25.733.599.999.999.900;6.775.377;4.075.321;8.943.094;5.419.921;1109.06.00;6.106.383;6.996.266;7.971.439.999.999.990;9.745.402;7.896.525;4.909.129;6.916.666;9.567.708;8.878.760.000.000.000;4.635.418;2.482.728;5.282.496;784.048;4.239.571;4.583.333;3.697.916;5.729.166;328.125;330.729.141.235.352;380.208.320.617.676;1.059.028;787.037;59.606.480.000.000.000;4.832.176;3.344.908;1.877.894;;2.054.398
219955;01/09/2018 17.55;2.404.398;50.824.649.810.790.900;5.147.569;44.314.240.000.000.000;6.269.676;75.563;15.010.129.999.999.900;17.173.029.999.999.900;1.623.264;15.227.139.999.999.900;3.674.823;4.934.962;35.183.440.000.000.000;12.969.619.999.999.900;4.194.588;;4.626.513;4.650.545;2.581.753;6.756.144;4.072.007;8.953.548;5.410.419;1.106.849;5.999.125;7.007.385;7.946.273;9.596.743;7.963.739.999.999.990;5.057.274;6.907.407;9.161.458;8.963.607;4.691.328;2.481.227;5.355.446;7.871.516;988.872;453.125;3.541.666;578.125;328.125;3.307.291;3.802.083;1.073.495;7.841.435;6.134.259;4.774.306;3.368.055;1.927.083;;2.094.907
219956;01/09/2018 17.56;24.004.630.000.000.000;50.824.649.810.790.900;5.147.569;4.427.083;6.275.462.646.484.380;7.447.928;150.897;17.173.029.999.999.900;16.283.279.999.999.900;1.530.671;3.762.787;4.921.738;3.518.885;1.303.316;4.210.361;;4.671.685;4.645.388;2.549.921;6.779.587;4.067.259;8.944.951;5.411.989;1.109.298;6.132.886;701.635;8.047.051;9.394.424;7.815.535;5.037.968;6.986.111;9.333.333;898.944;4.695.202;2.544.968;526.261;7.871.439.999.999.990;00.00;4.453.125;34.375;5.885.416;328.125;328.125;3.880.208;1.073.495;8.101.852;6.336.805;474.537;3.399.884;198.206;;2.146.991
219957;01/09/2018 17.57;2.406.366;50.824.649.810.790.900;5.143.229;4.427.083;6.428.240.966.796.880;738.673;150.897;17.223.670.000.000.000;1.610.966;1.535.012;3.770.903;5.067.836;3.532.302;1.302.339;4.201.034;;46.805.699.999.999.900;4.569.733;24.782.759.999.999.900;6.778.646;4.054.467;8.993.803;5.436.261;1.106.895;6.076.498;701.934;8.054.718;9.192.631;7.927.769;4.718.091;7.129.630.000.000.000;9.484.374;9.057.695;4.690.587;2.523.114;5.287.243;7.864.643;61.656.629.999.999.900;442.708.320.617.676;3.411.458;59.114.580.000.000.000;325.520.820.617.676;3.255.208;388.020.820.617.676;1.061.921;8.130.787;6.278.935;4.658.565;3.440.393;203.125;;2.204.861
219958;01/09/2018 17.58;2.402.431;5.082.465;5.143.229;4.422.743;6.414.351.806.640.630;7.149.047;15.010.129.999.999.900;17.173.029.999.999.900;1.614.583;1.544.415;3.699.605;512.633;3.498.134;1.297.372;4.192.308;;4.599.416;459.278;2.478.752;6.773.739.999.999.990;4.049.973;8.901.011;5.434.051;1.106.633;6.116.748;6.953.532;7.996.064;8.970.214;789.183;5.158.033;6.712.963;8.906.249;9.039.911;4.776.589;2.465.652;5.441.408;7.929.015;1.814.896;4.401.041;3.385.416;59.895.830.000.000.000;3.229.166;328.125;388.020.820.617.676;1.056.134;8.101.852;60.474.540.000.000.000;4.600.694;3.504.051;2.022.569;;2.248.264
219959;01/09/2018 17.59;2.402.431;5.078.125;5.138.889;442.274.284.362.793;63.784.716.796.875;7.202.304.000.000.000;1.511.863;171.224;161.603;15.509.260.000.000.000;3.759.064;5.043.277;3.463.534;1.296.011;4.208.628;;4.642.885;4.518.074;241.775;6.769.446;4.054.614;8.968.499;5.425.329;1.109.982;6.129.724;6.983.834;8.028.021;8.754.177;788.012;5.183.055;6.768.519;9.041.666;9.167.729;4.828.527;2.526.652;5.358.281;7.999.467;7.219.716;4.322.916;328.125;58.333.330.000.000.000;3.177.083;3.255.208;3.880.208;1.053.241;8.015.046;5.815.971.999.999.990;4.513.889;3.579.283;1.958.912;;2.282.986
219960;01/09/2018 18.00;2.396.528;5.073.785;5.143.229;4.414.063;639.120.361.328.125;7.072.245;150.463;171.223.964.691.162;161.603;1.544.415;4.163.499;4.958.811;3.531.086;1.303.737;4.209.668;;464.371;4.633.402;25.426.889.999.999.900;6.753.723;404.846;8.924.904;5.410.385;1.108.022;6.070.009;6.954.336;796.048;8.399.826;792.813;4.962.455;6.870.369.999.999.990;9.239.583;9.123.582;4.844.266;2.377.489;5.165.677;7.980.726;0.04471597;4.453.125;3.255.208;578.125;3.177.083;328.125;3.828.125;1.038.773;7.725.694;5.700.232;4.398.148;3.677.662;1.886.574;;2.364.005
219961;01/09/2018 18.01;2.396.528;5.073.785;5.143.229;4.414.063;639.120.361.328.125;7.072.245;150.463;171.223.964.691.162;161.603;1.544.415;4.163.499;4.958.811;3.531.086;1.303.737;4.209.668;;464.371;4.633.402;25.426.889.999.999.900;6.753.723;404.846;8.924.904;5.410.385;1.108.022;6.070.009;6.954.336;796.048;8.399.826;792.813;4.962.455;6.870.369.999.999.990;9.239.583;9.123.582;4.844.266;2.377.489;5.165.677;7.980.726;0.04471597;4.453.125;3.255.208;578.125;3.177.083;328.125;3.828.125;1.038.773;7.725.694;5.700.232;4.398.148;3.677.662;1.886.574;;2.364.005
219962;01/09/2018 18.02;2.406.366;507.378.463.745.117;5.138.889;4.414.063;634.953.674.316.406;7.113.242;151.331;171.224;162.037;1.543.692;4.286.973;50.487.429.999.999.900;36.028.079.999.999.900;1.307.668;4.225.025;;461.412;470.522;26.499.330.000.000.000;6.748.756;4.056.884;8.970.517;541.736;11.101.589.999.999.900;6.099.338;7.015.258;7.987.664;8.228.105;7.990.429;491.069;6.805.555;8.802.083;9.060.173;4.825.352;2.409.248;509.09.00;7.961.465;1.210.133;484.375;3.307.291;59.895.830.000.000.000;3.229.166;3.307.291;390.625;1.056.134;7.581.019;57.581.019.999.999.900;4.369.213;3.709.491;1.866.319;;2.358.218
219963;01/09/2018 18.03;2.402.431;5.073.785;51.388.885.498.046.800;4.409.722;6.334.490.966.796.880;6.968.073.000.000.000;151.548;17.223.670.000.000.000;16.124.129.999.999.900;1.538.628;4.440.351;49.166.340.000.000.000;3.653.504;1.306.553;4.190.588;;4.641.359;4.647.082;25.481.279.999.999.900;6.778.538;4.052.431;8.980.687;5.431.948;1.111.735;6.090.945;7.019.344;7.977.044;8.089.797;8.016.619.999.999.990;4.936.975;6.754.630.000.000.000;8.796.874;9.190.154;484.282;2.370.551;4.992.145;789.957;1.574.946;5.234.375;3.515.625;6.015.625;3.307.291;3.359.375;4.010.416;1.073.495;7.407.406.999.999.990;5.700.232;4.369.213;3.773.148;1.843.171;;2.332.176
219964;01/09/2018 18.04;2.399.479;5.065.104;51.388.885.498.046.800;4.409.722;6.239.583.740.234.380;6.947.314;1.511.863;1.707.176;1.619.647;1.535.012;4.400.739;4.755.635;36.330.040.000.000.000;1.299.757;4.200.021;;4.613.946;4.618.777;25.440.549.999.999.900;6.752.661;4.055.155;8.955.763;5.418.532;1.107.962;6.110.449;6.966.992;7.960.268;8.021.246;8.065.353;5.101.172;6.638.889;8.520.833;8.923.467;4.899.137;2.425.118;5.108.592;7.722.297;0.0032217920000000002;55.208.330.000.000.000;3.645.833;5.963.541;34.375;3.385.416;4.010.416;1.076.389;7.118.056;5.613.426;44.849.540.000.000.000;3.790.509;1.834.491;;2.288.773
219965;01/09/2018 18.05;2.406.366;50.651.039.123.535.200;5.138.889;4.405.382;6.310.185.546.875;6.998.522;150.463;17.223.670.000.000.000;1.610.966;15.270.539.999.999.900;4.353.208;47.516.329.999.999.900;35.601.659.999.999.900;1.300.588;4.199.802;;4.616.135;4.689.485;2.620.403;6.733.582;4.064.052;8.933.982;5.415.847;1.105.589;6.103.102;6.991.510.000.000.000;795.434;7.907.258;7.908.519;4.897.075;6.708.333;8.989.583;9.026.785;4.804.346;2.446.275;5.197.441;773.145;8.537.285;5.651.041;3.567.708;6.015.625;3.515.625;338.541.641.235.352;3.958.333;104.456;6.857.639;5.381.944;462.963;3.695.023;1.837.384;;2.262.731
219966;01/09/2018 18.06;2.396.528;50.651.039.123.535.200;5.130.208;440.538.177.490.234;6.303.240.966.796.880;6.965.096;1.511.863;17.173.029.999.999.900;1.623.987;1.540.075;4.296.735;4.806.519;3.576.655;1.296.729;4.182.573;;4.613.093;457.966;25.029.689.999.999.900;6.747.738;4.054.715;8.948.759;5.441.573;1.109.645;6.062.244;7.013.835;7.967.752;7.798.041;7.930.422;5.111.431;6.763.889;8.927.083;8.977.534;4.757.936;2.481.681;5.125.912;7.619.112;1.897.021;5.703.125;356.770.820.617.676;62.239.580.000.000.000;3.567.708;338.541.641.235.352;3.932.291;9.866.898;6.626.156.999.999.990;5.208.333;474.537;359.375;183.738.418.579.102;;224.537
219967;01/09/2018 18.07;2.396.528;5.065.104;513.020.820.617.676;4.405.382;6.303.240.966.796.880;6.965.096;1.511.863;171.730.327.606.201;1.623.987;1.540.075;4.296.735;4.806.519;3.576.655;1.296.729;4.197.299;;4.666.414;4.569.991;2.488.684;6.786.583;4.052.459;8.918.158;5.432.749;11.087.910.000.000.000;6.090.984;7.029.008;8.020.211;7.691.129;795.01.00;4.880.621;6.643.519;9.041.666;8.796.244;4.857.317;2.498.768;5.204.648;7.634.246;7.045.989;5.703.125;3.567.708;62.239.580.000.000.000;3.567.708;3.385.416;3.932.291;9.866.898;6.626.156.999.999.990;5.208.333;47.453.704.833.984.300;359.375;1.837.384;;224.537
219968;01/09/2018 18.08;2.402.431;5.060.764;513.020.820.617.676;4.401.041;6.321.759.033.203.130;6.995.381;150.897;17.173.029.999.999.900;1.623.264;1.530.671;4.160.533;4.905.297;3.507.822;1.302.544;4.207.161;;4.656.129;4.702.319;2.617.586;6.783.296;4.051.433;8.955.097;5.425.332;1.110.504;6.134.355;702.58.00;7.998.321;7.592.303;7.941.366;5.069.952;6.907.407;9.333.333;8.767.076;4.621.382;2.568.507;5.391.371;7.645.409;1.295.608;57.552.080.000.000.000;3.828.125;6.614.583;3.541.666;3.411.458;3.958.333;859.375;6.365.741;4.976.852;474.537;3.469.329;1.799.769;;2.271.412
219969;01/09/2018 18.09;2.402.431;50.564.240.000.000.000;5.130.208;4.392.361;629.861.083.984.375;6.987.291;150.897;171.224;1.614.583;1.535.012;4.037.513;488.461;35.392.340.000.000.000;1.298.568;4.198.296;;4.630.115;4.573.544;2.487.041;6.756.512;4.048.923;8.909.918;5.415.531;1.106.941;6.073.429;7.002.839;8.077.512;7.484.169.999.999.990;8.018.032;500.759;7.032.407;8.932.291;9.145.004;4.649.457;258.235;5.464.669;7.748.841;26.973.370.000.000.000;57.552.080.000.000.000;3.958.333;6.666.666;3.515.625;3.385.416;3.932.291;813.078.689.575.195;6.394.676;4.947.917;46.875;3.405.671;1.739.005;;2.288.773
219970;01/09/2018 18.10;2.406.366;5.052.083;5.138.889;4.392.361;6.305.555.419.921.880;7.118.106;1.511.863;171.224;1.619.647;1.540.075;39.643.640.000.000.000;483.155;3.539.618;1.303.859;4.199.245;;4.648.945;4.636.376;25.594.669.999.999.900;6.760.392;4.044.137;8.908.965;5.415.636;1.107.527;6.082.040.000.000.000;7.000.128;7.958.829;7.364.797;8.049.987;4.836.153;6.837.963;9.281.249;8.927.551;4.646.146;2.603.917;552.069;7.868.182;27.543.809.999.999.900;5.729.166;4.036.458;6.692.708;34.375;3.359.375;390.625;7.667.824;6.423.611;4.976.852;46.875;3.333.333;1.692.708;;2.288.773
219971;01/09/2018 18.11;2.399.479;505.208.320.617.676;5.130.208;438.802.070.617.676;6.289.351.806.640.630;7.008.813;15.118.634.223.938;17.173.029.999.999.900;1.610.966;1.544.415;3.998.392;49.049.279.999.999.900;3.677.328;13.054.089.999.999.900;421.019;;4.634.224;4.596.812;2.510.668;6.768.967;4.064.005;8.933.494;5.416.119;1111.81;6.087.711;7.006.406;7.962.892;7.279.746;7.976.194;5.031.305;6.537.037;9.218.749;9.243.584;4.557.614;2.593.166;5.524.094;794.655;4.328.599;57.552.080.000.000.000;3.932.291;6.640.625;3.385.416;3.307.291;3.880.208;7.378.472;6.423.611;5.034.722;4.658.564.758.300.770;3.295.717;1.663.773;;2.277.199
219972;01/09/2018 18.12;2.404.398;5.052.083;5.138.889;438.368;630.092.590.332.031;7.111.681;1.511.863;17.173.029.999.999.900;16.124.129.999.999.900;1.535.012;4.034.985;49.397.659.999.999.900;3.719.879;1.304.143;4.199.754;;4.649.582;4.678.889;2.590.497;6.740.577;4.056.411;8.915.553;5.422.925;1.104.482;6.065.851;6.926.966;7.930.226;7.180.511;7.948.657;5.041.178;6.694.445;8.749.999;8.984.034;468.407;2.520.273;5.433.733;8.015.355;264.722;578.125;388.020.820.617.676;6.510.416;3.385.416;3.307.291;3.880.208;7.204.861;6.539.352;5.121.528;462.963;3.324.653;1.631.944;;2.256.944
219973;01/09/2018 18.13;2.404.398;50.434.020.000.000.000;5.125.868;438.368;6.214.119.873.046.880;7.152.969;151.548;1.726.707;162.037;1.548.032;4.140.638;4.931.692;37.240.109.999.999.900;13.007.639.999.999.900;4.209.117;;46.517.800.000.000.000;4.699.334;2.619.801;6.774.117;40.548.900.000.000.000;8.924.021;5.417.873;11.104.089.999.999.900;6.126.443;7.018.612;7.996.353;7.091.584;7.904.551;5.048.695;6.527.778;8.614.583;8.974.702;4.670.004;2.571.473;5.470.692;8.057.741;8.126.278;58.333.330.000.000.000;3.828.125;63.802.080.000.000.000;34.375;328.125;3.828.125;697.338;6.568.287;5.121.528;4.542.824;3.362.268;1.576.968;;2.239.583
219974;01/09/2018 18.14;2.399.479;50.434.020.000.000.000;512.586.784.362.793;437.934;6.314.814.453.125;7.130.447;150.897;17.173.029.999.999.900;1.606.626;1.547.309;4.263.508;5.019.166;3.817.082;1.297.702;4.209.117;;46.517.800.000.000.000;4.699.334;2.619.801;6.774.117;40.548.900.000.000.000;8.924.021;5.417.873;11.104.089.999.999.900;6.126.443;7.018.612;7.996.353;7.091.584;7.904.551;5.048.695;6.527.778;8.614.583;8.974.702;4.670.004;2.571.473;5.470.692;8.057.741;8.126.278;578.125;37.05.00;63.020.830.000.000.000;3.489.583;328.125;3.802.083;6.828.703;6.510.416;5.034.722;44.849.540.000.000.000;3.385.417;1.530.671;;2.230.903
219975;01/09/2018 18.15;240.735;5.039.062;5.125.868;437.934;6.230.324;7.128.098;1.511.863;171.730.327.606.201;161.603;1.538.628;4.248.162;49.267.140.000.000.000;3.783.643;1.300.067;4.217.094;;4.637.734;4.600.835;2.516.531;6.755.254;407.037;894.446;5.403.855;1.109.823;6.110.991;6.955.905;7.936.416;6.879.413;8.027.515;4.966.893;6.731.481;8.729.166;8.881.753;4.757.676;2.518.722;5.380.251;8.057.557;1.282.395;57.552.080.000.000.000;3.619.791;6.354.166;348.958.320.617.676;325.520.820.617.676;380.208.320.617.676;6.828.703;6.481.481;4.976.852;4.398.148;34.288.199.999.999.900;1.490.162;;2.225.116
219976;01/09/2018 18.16;2.396.528;5.039.062;5.130.208;437.066;623.726.806.640.625;7.014.049;1.511.863;171.730.327.606.201;1.605.903;1.540.075;4.154.484;4.961.287;3.685.136;12.949.819.999.999.900;4.200.574;;4.678.422;4.515.626;2.405.188;677.018;4.049.565;8.939.814;541.726;1.109.268;6.074.348;7.011.063;8.017.759;676.443;7.965.016;5.301.148;6.708.333;8.552.083;8.950.071;4.783.075;2.458.299;540.932;8.035.401;2.758.479;5.729.166;3.515.625;6.484.375;348.958.320.617.676;3.229.166;380.208.320.617.676;7.262.731;6.539.352;48.900.459.999.999.900;4.340.278;3.391.204;1.403.356;;2.213.542
219977;01/09/2018 18.17;2.402.431;5.034.722;5.125.868;437.066;6.288.194.580.078.130;7.421.468;151.548;171.730.327.606.201;1.623.264;15.364.579.999.999.900;4.110.792;4.973.628;3.617.673;1.302.383;4.186.853;;4.625.828;4.612.885;2.532.473;6.734.573;406.338;8.938.002;5.428.127;1.105.715;6.111.662;6.983.085;7.987.169;672.439;8.047.985;4.942.729;6.967.593;8.932.291;8.884.029;4.827.822;2.470.032;5.398.949;7.980.133;1.385.534;56.25.00;3.411.458;6.536.458;3.489.583;322.916.641.235.352;380.208.320.617.676;7.725.694;6.770.834;4.803.241;4.311.343;3.258.102;1.331.019;;224.537
219978;01/09/2018 18.18;2.406.366;5.034.722;5.130.208;4.366.319;6.396.990.966.796.880;7.477.857;151.548;17.173.029.999.999.900;1.610.966;1.538.628;4.153.456;48.889.559.999.999.900;3.611.217;1.299.397;420.907;;4.642.556;4.594.037;250.947;6.741.243;4.056.944;8.926.767;5.429.296;1.105.223;6.087.352;6.991.194;7.946.525;6.652.578;805.456;5.138.255;6.523.148;8.708.333;8.977.515;4.773.483;2.458.456;5.319.517;7.912.458;1.476.989;55.208.330.000.000.000;34.375;6.484.375;34.375;322.916.641.235.352;3.802.083;8.015.046;7.002.315;4.803.241;431.134.262.084.961;3.093.171;1.264.468;;2.277.199
219979;01/09/2018 18.19;24.004.630.000.000.000;5.030.382;5.125.868;4.366.319;632.754.638.671.875;7.340.083;150.897;17.223.670.000.000.000;16.283.279.999.999.900;1.538.628;4.183.902;4.929.554;3.634.874;1.295.655;4.199.193;;4.619.641;4.677.065;2.581.234;676.67;4.058.353;8.948.499;5.404.631;1114.08.00;608.741;6.989.037;7.983.832;6.641.519.999.999.990;8.042.862;4.942.874;6.708.333;8.281.249;8.471.067;4.621.634;2.487.142;5.321.131;7.903.706;2.788.304;54.427.080.000.000.000;3.515.625;6.432.291;3.411.458;322.916.641.235.352;3.776.041;8.506.944;6.915.509;49.189.820.000.000.000;431.134.262.084.961;3.000.579;1.218.171;;2.291.667
219980;01/09/2018 18.20;2.406.366;5.030.382;5.125.868;4.361.979;62.511.572.265.625;713.273;150.897;17.223.670.000.000.000;1.614.583;1.530.671;42.452.420.000.000.000;492.614;3.646.413;12.999.830.000.000.000;4.199.193;;4.619.641;4.677.065;2.581.234;676.67;4.058.353;8.948.499;5.404.631;1114.08.00;608.741;6.989.037;7.983.832;6.641.519.999.999.990;8.042.862;4.942.874;6.708.333;8.281.249;8.471.067;4.621.634;2.487.142;5.321.131;7.903.706;2.788.304;54.427.080.000.000.000;3.541.666;62.760.414.123.535.200;3.411.458;322.916.641.235.352;37.760.414.123.535.200;8.940.972;6.857.639;4.976.852;4.311.343;2.899.305;1.189.236;;228.588
219981;01/09/2018 18.21;24.004.630.000.000.000;50.217.009.999.999.900;51.215.270.000.000.000;4.361.979;630.208.312.988.281;706.337;150.463;1.726.707;1.610.966;15.364.579.999.999.900;4.333.052;49.188.520.000.000.000;3.606.201;1.306.842;4.192.574;;46.373.400.000.000.000;46.645.300.000.000.000;25.592.479.999.999.900;6.775.334;4.062.612;8.947.957;5.434.832;1107.39.00;6.114.072;7.030.586;8.013.106;6.560.157;8.011.593;5.032.437;6.851.852;8.614.583;8.935.416;4.549.179;2.205.056;4.875.851;7.614.066;0.02821924;546.875;35.416.664.123.535.200;6.119.791;34.375;322.916.641.235.352;3.776.041;9.027.778;6.915.509;5.063.657;42.534.721.374.511.700;280.382;1.212.384;;2.254.051
219982;01/09/2018 18.22;2.402.431;50.217.009.999.999.900;5.125.868;4.357.639;6.199.073.486.328.130;7.326.241.999.999.990;1.511.863;17.173.029.999.999.900;1.614.583;1.538.628;4.364.267;5.044.308;3.671.566;1.303.622;4.204.596;;4.614.964;4.571.786;2.476.779;6.784.632;4.067.344;8.941.283;540.851;1.111.125;6.103.929;7.000.239.999.999.990;7.994.404;6.518.212;7.981.592;4.825.189;6.601.852;8.989.583;8.951.075;4.562.957;2.128.504;4.807.416;7.560.014;53.061.419.999.999.900;5.494.791;3.541.666;6.015.625;34.375;322.916.641.235.352;37.05.00;8.854.166;6.770.834;5.092.593;4.195.602;2.751.736;12.991.899.999.999.900;;2.228.009
219983;01/09/2018 18.23;2.404.398;5.017.361;51.215.270.000.000.000;4.348.958;631.828.674.316.406;7.536.581;15.118.634.223.938;171.224;162.037;15.364.579.999.999.900;4.394.747;5.111.577;3.737.043;1.306.419;4.197.968;;4.624.412;4.621.309;2.532.547;6.771.293;4.050.065;8.914.551;5.416.754;1.104.905;6.076.784;6.983.011;7.963.284;6.478.035;7.913.969.999.999.990;4.975.989;6.652.778;9.604.166;8.873.471;4.642.266;2.218.618;4.825.486;7.557.351;1.145.082;54.427.080.000.000.000;3.515.625;59.895.830.000.000.000;34.375;322.916.641.235.352;37.05.00;865.162;6.568.287;5.092.593;4.166.667;2.682.292;1.359.954;;2.210.648
219984;01/09/2018 18.24;2.396.528;5.017.361;5.125.868;4.348.958;6.275.462.646.484.380;7.372.357;15.118.634.223.938;171.224;161.603;1.540.075;434.501;5.237.509;3.824.686;1.304.573;4.214.599;;462.973;4.676.694;2.599.848;6.785.262;4.052.525;8.948.834;5.442.578;1.109.141;6.083.719;700.822;7.993.047;6.454.867;7.975.269;5.160.801;6.851.852;9.354.166;9.180.234;4.750.524;2.304.003;492.681;7.647.521;00.00;53.645.830.000.000.000;3.515.625;609.375;3.411.458;3.229.166;37.05.00;859.375;6.539.352;5.034.722;416.666.679.382.324;2.615.741;1.385.995;;2.210.648
219985;01/09/2018 18.25;240.735;501.302.070.617.676;51.215.270.000.000.000;4.344.618;6.261.573.486.328.130;7.445.903;1.511.863;171.730.327.606.201;161.603;1.535.012;42.314.209.999.999.900;5.359.056.999.999.990;3.945.616;1.298.623;420.231;;4.639.753;4.650.019;256.236;6.781.967;4.061.354;8.959.755;5.438.998;1.113.086;6.111.768;7.039.225;8.031.324;6.415.596;7.948.762;5.093.206;6.847.222;9.432.291;9.018.329;4.703.747;2.360.437;510.955;7.703.881;1.095.938;5.260.416;3.489.583;62.239.580.000.000.000;3.411.458;3.177.083;37.05.00;8.506.944;6.539.352;49.189.820.000.000.000;4.166.667;2.528.935;1.400.463;;2.219.329
219986;01/09/2018 18.26;2.399.479;500.868;51.215.274.810.790.900;434.461.784.362.793;6.385.416.259.765.630;7.320.328;150.897;17.223.670.000.000.000;1.629.051;15.364.579.999.999.900;41.345.929.999.999.900;5.418.891;3.942.699;1.303.561;420.094;;4.637.572;4.623.986;25.425.419.999.999.900;6.752.217;4.054.686;8.939.777;5.412.056;1109.06.00;6.083.297;6.988.683;8.006.639;6.401.703;8.062.322;491.413;6.925.926;9.067.708;9.142.128;4.686.003;2.442.695;5.181.915;7.726.693;0.02482758;51.822.914.123.535.200;3.515.625;61.458.330.000.000.000;3.385.416;31.770.832.061.767.600;37.05.00;8.246.528;6.423.611;49.189.820.000.000.000;41.087.959.999.999.900;2.479.745;1.409.144;;2.219.329
219987;01/09/2018 18.27;2.404.398;500.868;51.215.274.810.790.900;4.344.618;641.898.132.324.219;7.534.916;151.548;17.173.029.999.999.900;1.605.903;1.535.012;41.584.920.000.000.000;54.615.790.000.000.000;4.027.404;12.964.319.999.999.900;4.201.695;;4.648.798;4.487.764;2.404.363;6.763.103;4.054.447;8.963.007;5.418.394;1.108.768;6.109.323;6.998.659;8.023.013;6.392.535;7.904.354;501.658;6.648.148;9.302.083;8.892.354;4.738.055;2.404.316;5.168.417;7.731.973;0.5749918;5.104.166;3.567.708;6.015.625;3.307.291;31.770.832.061.767.600;3.697.916;787.037;619.213;4.947.917;41.087.963.104.248;2.465.278;1.394.676;;2.170.139
219988;01/09/2018 18.28;2.404.398;50.00.00;51.215.274.810.790.900;43.402.770.000.000.000;6.334.490.966.796.880;7.664.603.000.000.000;151.548;17.173.029.999.999.900;161.603;15.198.210.000.000.000;42.488.009.999.999.900;5.464.845;4.046.502;1.300.939;4.209.413;;4.646.297;4.762.551;2.694.762;6.759.119.999.999.990;4.068.447;8.934.363;5.435.525;1.107.289;6.100.409.999.999.990;7.011.510.000.000.000;8.035.654;6.394.728;8.020.631;4.849.337;6.921.296;9.005.208;9.096.248;4.727.265;2.393.199;5.224.296;7.768.135;00.00;5.078.125;3.541.666;59.114.580.000.000.000;330.729.141.235.352;31.770.832.061.767.600;3.671.875;7.378.472;5.902.778.000.000.000;5.063.657;41.087.959.999.999.900;2.471.065;1.371.528;;2.126.736
219989;01/09/2018 18.29;2.399.479;50.00.00;51.215.274.810.790.900;43.402.774.810.790.900;642.129.638.671.875;7.784.351;1.511.863;171.224;1.614.583;15.270.539.999.999.900;4.254.837;5.445.884;3.999.687;130.007;4.201.711;;4.610.617;4.596.809;2.520.643;6.758.715;404.841;8.936.073;5.387.114;1.102.636;6.040.226;6.984.369;7.946.846;6.366.498;7.855.515;5.038.587;7.083.333;9.281.249;8.993.928;4.798.495;2.340.059;5.234.316;7.719.836;0.06906702;50.00.00;34.375;5.885.416;3.307.291;31.770.832.061.767.600;3.671.875;6.828.703;56.712.959.999.999.900;52.662.040.000.000.000;4.166.667;2.462.384;1.351.273;;2.118.056
219990;01/09/2018 18.30;240.735;50.00.00;51.215.270.000.000.000;43.402.770.000.000.000;6.284.722;7.916.305;1.511.863;17.173.029.999.999.900;1.619.647;1.538.628;4.185.256;53.649.280.000.000.000;39.486.509.999.999.900;1.290.687;4.209.848;;4.645.406;4.603.868;2.524.228;676.265;40.576.099.999.999.900;8.937.005;5.411.132;1.108.428;6.081.741;7.041.778;8.007.153;631.04.00;8.017.506;4.997.495;7.134.259;9.515.624;9.318.958;4.854.669;2.318.231;5.095.315;7.820.836;00.00;4.947.916;3.307.291;5.885.416;328.125;3.177.083;3.671.875;6.423.611;5.555.556;552.662;4.195.602;2.445.023;130.787;;213.831
219991;01/09/2018 18.31;24.004.630.000.000.000;499.566;5.117.187;4.335.938;631.25.00;7.759.586.999.999.990;151.548;171.224;1.619.647;1.530.671;41.708.659.999.999.900;5.314.679;3.805.243;1.294.743;4.210.669;;4.634.459;46.227.099.999.999.900;2.552.237;6.761.082;4.069.354;8.945.129;5.424.029;1.108.931;6.097.261;6.991.426;8.001.864;6.299.366;8.132.137;5.048.559;7.180.555;9.635.416;9.203.893;4.862.389;2.372.499;5.163.359;7.783.159;00.00;484.375;3.177.083;57.552.080.000.000.000;325.520.820.617.676;3.151.042;3.697.916;6.105.324;546.875;5.613.426;4.166.667;250.00.00;1.273.148;;2.170.139
219992;01/09/2018 18.32;2.402.431;499.565.963.745.117;51.215.270.000.000.000;43.359.375;64.409.716.796.875;7.840.594;1.511.863;17.173.029.999.999.900;1.605.903;1.531.395;4.200.987;5.160.093;3.694.699;1.295.318;4.204.157;;4.641.698;4.558.754;2.458.308;6.772.984;4.046.935;8.933.892;5.382.766;1.106.288;6.067.761;7.008.148;7.972.689.999.999.990;6.286.143;7.847.845;5.019.746;6.907.407;9.145.833;8.962.829;496.653;2.451.199;5.257.218;7.780.416;1.137.525;4.947.916;3.098.958;5.651.041;3.229.166;31.25.00;3.671.875;59.317.130.000.000.000;5.353.009;5.555.556;4.079.861;2.505.787;1.241.319;;2.173.032
219993;01/09/2018 18.33;2.404.398;499.566;5.117.187;4.335.938;6.240.740.966.796.880;7.952.175;150.897;171.224;1.631.944;1.531.395;42.479.209.999.999.900;5.153.332;3.680.777;1.288.922;4.213.907;;4.610.416;4.594.242;2.527.627;6.774.592;4.062.147;8.966.132;5.411.821;1.108.437;6.078.056;7.013.494;7.997.689;6.268.412;7.945.377;4.982.765;6.962.963;9.296.874;914.195;5.002.505;248.426;5.407.709;7.754.564;00.00;4.973.958;3.046.875;5.859.375;3.229.166;31.25.00;3.671.875;57.870.369.999.999.900;5.208.333;546.875;4.050.926;2.517.361;1.206.597;;2.199.074
219994;01/09/2018 18.34;2.396.528;4.991.319;51.215.274.810.790.900;4.327.257;620.486.083.984.375;7.855.659;1.511.863;17.223.670.000.000.000;1.610.966;1.535.012;430.081;5.134.237;3.623.922;1.303.147;4.201.601;;4.647.164;4.562.563;2.461.058;6.787.229;4.065.579;8.960.089.999.999.990;5.443.096;11.118.339.999.999.900;6.095.175;6.974.642;8.010.284;6.262.477;8.008.762;5.120.626;6.949.074;9.343.749;9.174.683;4.839.243;2.466.975;5.452.281;7.963.215;7.342.396.000.000.000;4.973.958;3.046.875;6.015.625;325.520.820.617.676;3.151.042;37.05.00;56.712.959.999.999.900;5.092.593;5.381.944;41.087.959.999.999.900;254.919;119.213;;2.210.648
219995;01/09/2018 18.35;2.404.398;499.131.927.490.234;5.125.868;432.725.677.490.234;631.712.951.660.156;7.992.369.000.000.000;1.511.863;17.173.029.999.999.900;1.610.966;15.364.579.999.999.900;430.686;51.160.709.999.999.900;3.655.673;1.298.467;4.189.888;;4.653.593;4.585.343;2.510.688;678.341;4.056.098;8.940.287;5.461.578;1.108.424;6.120.047;7.000.184;8.026.525;6.289.197;8.040.998;5.273.774;6.777.778;9.072.916;9.127.988;49.148.800.000.000.000;2.437.965;5.355.827;7.779.799;0.0034558999999999996;4.947.916;31.25.00;5.885.416;328.125;315.104.160.308.838;3.802.083;5.613.426;4.947.917;5.353.009;41.087.963.104.248;2.578.125;1.212.384;;2.213.542
219996;01/09/2018 18.36;2.402.431;4.991.319;5.117.187;432.725.677.490.234;629.745.361.328.125;7.897.365;15.198.210.000.000.000;17.173.029.999.999.900;161.603;1.530.671;4.199.577;5.189.264;3.793.418;1.303.313;4.197.627;;4.630.961;4.721.536;2.637.702;6.778.313;4.065.765;8.960.151;542.726;1.110.888;6.105.719;7.001.292;8.018.495;6.326.094;814.206;5.121.812;6.736.111;9.187.499;9.248.414;4.858.744;2.500.591;5.337.888;7.721.488;1.345.703;5.130.208;3.229.166;5.729.166;3.255.208;315.104.160.308.838;3.802.083;5.555.556;4.832.176;52.662.040.000.000.000;41.087.959.999.999.900;2.604.167;1.212.384;;2.210.648
219997;01/09/2018 18.37;2.402.431;4.986.979;51.171.871.185.302.700;432.725.677.490.234;6.275.462.646.484.380;7.948.023;15.198.210.000.000.000;171.224;16.030.089.999.999.900;1.540.075;4.094.773;51.025.890.000.000.000;3.851.238;1.301.116;4.206.403;;4.634.981;4.615.693;2.519.767;6.776.789;4.059.788;8.902.236;5.430.662;1.113.662;6.115.767;6.970.771;8.039.208;6.371.053;8.108.316;5.026.906;687.05.00;9.005.208;9.097.381;4.828.404;2.467.998;5.433.364;7.954.886;123.717;53.125;3.229.166;55.989.580.000.000.000;328.125;315.104.160.308.838;3.776.041;55.266.204.833.984.300;4.774.306;5.121.528;4.166.667;2.601.273;1.206.597;;219.907.409.667.969
219998;01/09/2018 18.38;2.404.398;49.869.789.123.535.200;5.117.187;432.725.677.490.234;6.271.990.966.796.880;796.857;1.511.863;17.173.029.999.999.900;162.037;1.538.628;3.962.872;5.009.718;3.944.748;1.302.777;4.199.002;;4.644.721;4.608.911;25.257.490.000.000.000;6.784.456;4.063.938;8.972.741;5.412.183;1.110.048;6.103.299;7.056.442;7.987.631;6.424.476;7.999.432;5.164.359;6.791.666;8.864.583;8.703.879;4.912.037;2.476.529;5.411.474;785.993;00.00;53.645.830.000.000.000;3.151.042;54.427.080.000.000.000;328.125;315.104.160.308.838;37.05.00;5.497.685;4.774.306;5.063.657;4.195.602;2.566.551;1.203.704;;218.75
219999;01/09/2018 18.39;2.399.479;4.986.979;51.215.270.000.000.000;4.327.257;6.275.462.646.484.380;7.901.569;151.548;17.173.029.999.999.900;1.623.987;1.543.692;41.054.140.000.000.000;496.801;3.976.192;1.303.782;4.207.109;;4.644.792;4.585.498;2.508.107;6.794.089;405.142;8.978.553;5.417.562;11.129.560.000.000.000;6.093.337;7.050.164;8.028.079;6.492.665;8.072.075;4.910.875;6.837.963;9.192.708;8.960.562;4.872.724;2.468.051;5.424.169;7.975.297;15.088.470.000.000.000;55.989.580.000.000.000;31.25.00;5.182.291;328.125;315.104.160.308.838;3.697.916;5.353.009;4.803.241;5.063.657;4.166.667;255.787;1.168.981;;2.181.713
220000;01/09/2018 18.40;2.404.398;49.782.990.000.000.000;51.215.274.810.790.900;4.322.916;6.274.276.123.046.880;7.927.186.999.999.990;15.154.803.276.062;172.309;161.603;1.538.628;41.876.490.000.000.000;4.843.212;4.025.202;129.725;4.202.198;;4.635.051;4.640.246;2.550.999;6.759.917;4.059.272;8.945.006;5.424.463;1105.47.00;6.115.536;6.978.386;8.023.845;6.564.964;8.064.122;4.950.331;7.092.593;9.161.458;8.957.552;4.848.095;2.442.557;5.455.939;7.888.653;00.00;5.963.541;3.098.958;4.973.958;3.307.291;315.104.160.308.838;3.645.833;5.208.333;4.774.306;5.121.528;416.666.679.382.324;2.546.296;1.145.833;;2.167.245
220001;01/09/2018 18.41;2.404.398;49.782.985.687.255.800;51.215.270.000.000.000;43.229.164.123.535.200;626.851.806.640.625;7.826.815;15.154.803.276.062;17.173.029.999.999.900;1.629.051;1.538.628;41.772.690.000.000.000;4.801.701;3.993.845;1.293.655;4.205.176;;4.635.275;4.673.317;2.590.225;6.766.887;406.87;8.954.574;5.450.273;11.097.269.999.999.900;610.813;6.979.738;8.017.755;6.618.915;7.957.643;500.833;6.648.148;9.109.374;8.933.428;4.813.447;24.440.400.000.000.000;5.470.067;794.796;7.410.007.000.000.000;6.041.666;3.098.958;4.739.583;3.385.416;315.104.160.308.838;3.619.791;5.063.657;474.537;5.208.333;416.666.679.382.324;255.787;1.171.875;;21.614.582.824.707
220002;01/09/2018 18.42;2.402.431;49.782.985.687.255.800;5.117.187;43.229.164.123.535.200;628.587.951.660.156;7.827.424;151.548;17.173.029.999.999.900;16.283.279.999.999.900;1.543.692;4.257.273;4.788.394;396.993;129.583;4.212.368;;4.606.947;4.721.581;2.645.911;6.777.034;4.052.916;8.987.132;5.446.892;1110.55.00;6.134.586;7.001.074;8.040.089.999.999.990;6.706.182;7.974.153;5.000.126;6.675.926;9.270.833;9.199.033;4.822.062;2.437.442;5.412.101;7.846.323;00.00;6.171.875;3.046.875;4.661.458;3.385.416;3.151.042;3.567.708;4.947.917;46.875;5.208.333;416.666.679.382.324;25.520.832.824.707;1.212.384;;2.155.671
220003;01/09/2018 18.43;2.404.398;49.782.985.687.255.800;5.108.507;43.229.164.123.535.200;63.449.072.265.625;7.895.164;15.234.379.999.999.900;171.224;1.623.987;1.530.671;4.350.445;4.757.965;3.849.239;1.290.318;4.193.154;;4.623.897;4.732.574;26.583.900.000.000.000;6.762.045;4.058.348;8.972.162;5.419.349;1.105.802;6.127.611;6.993.689;8.006.924;6.771.169;8.122.249;49.919.699.999.999.900;699.074;9.083.333;8.923.243;4.701.309;247.109;5.333.182;7.777.114;00.00;6.354.166;3.229.166;4.609.375;3.411.458;3.177.083;3.541.666;4.947.917;4.658.564.758.300.770;5.121.528;416.666.679.382.324;2.546.296;1.206.597;;2.167.245
220004;01/09/2018 18.44;2.396.528;49.782.990.000.000.000;5.117.187;43.229.164.123.535.200;6.335.648.193.359.380;7.737.774;151.548;17.173.029.999.999.900;1.614.583;15.270.539.999.999.900;4.225.788;4.719.921;3.746.621;1.289.938;42.226.599.999.999.900;;466.04.00;4.638.605;2.555.425;6.766.098;4.052.157;8.949.609;5.431.528;1.107.881;6.108.537;7.009.453;7.988.853;6.847.479;7.973.582;5.155.743;6.736.111;9.177.083;9.023.560.000.000.000;5.008.368;2.517.322;5.475.574;7.879.199;7.564.984;640.625;34.375;484.375;3.489.583;3.229.166;3.567.708;49.189.815.521.240.200;462.963;5.063.657;416.666.679.382.324;255.787;1.174.769;;2.199.074
220005;01/09/2018 18.45;2.406.366;4.973.958;51.171.871.185.302.700;43.229.164.123.535.200;6.297.454;7.712.621;15.198.210.000.000.000;17.173.029.999.999.900;1.623.264;1.538.628;4.044.545;4.677.768;3.631.858;129.686;4.194.631;;463.934;460.036;2.521.271;6.769.559;4.048.221;8.911.359;543.322;1.109.472;6.119.467;701.459;8.001.406;6.883.359;7.889.454;4.873.985;674.074;9.145.833;9.004.522;4.783.199;2.475.382;5.504.753;7.978.538;1.240.066;63.802.080.000.000.000;3.489.583;53.125;348.958.320.617.676;3.411.458;3.567.708;48.900.459.999.999.900;462.963;5.034.722;416.666.679.382.324;2.531.829;1.134.259;;2.239.583
220006;01/09/2018 18.46;2.402.431;497.395.820.617.676;51.171.871.185.302.700;43.229.164.123.535.200;6.289.351.806.640.630;7.633.631;15.198.210.000.000.000;17.223.670.000.000.000;1.606.626;1.535.012;39.808.279.999.999.900;4.599.155;3.581.955;1.296.108;4.207.198;;4.621.659;4.609.545;2.528.323;6.759.109;4.066.356;8.901.987;5.416.599;1.107.098;6.094.894;6.982.824;7.978.813;6.924.341;7.931.475;4.985.009;6.717.593;9.062.499;9.191.117;47.842.199.999.999.900;2.476.646;5.512.961;8.018.816;8.005.102;6.276.041;34.375;5.703.125;3.489.583;3.489.583;3.645.833;4.803.241;46.875;5.034.722;4.166.667;2.546.296;1.090.856;;2.248.264
220007;01/09/2018 18.47;2.402.431;4.973.958;5.117.187;4.322.916;6.325.231;7.620.351;1.471.354;1.675.347;15.653.929.999.999.900;150.897;3.970.645;4.641.785;36.150.090.000.000.000;1.305.384;4.202.308;;4.674.093;4.698.031;2.602.289;6.756.035;4.062.531;8.935.060.000.000.000;5.423.478;1.104.952;6.081.974;7.002.828;7.993.223;6.945.093;7.854.439;5.185.880.000.000.000;6.620.369.999.999.990;9.796.874;9.058.954;483.291;2.476.452;5.478.513;7.921.622;15.956.729.999.999.900;61.458.330.000.000.000;3.411.458;6.041.666;3.411.458;3.411.458;3.697.916;46.875;4.658.565;4.976.852;41.087.959.999.999.900;2.575.231;1.067.708;;2.225.116
220008;01/09/2018 18.48;;;;;;;;;;;;;;;4.203.327;;4.618.502;4.619.722;2.534.259;6.750.007;4.060.007;8.926.251;5.439.829;1.107.839;6.084.362;6.971.589;8.005.353;6.989.462;8.029.580.000.000.000;5.020.523;6.782.407;9.557.291;924.48.00;5.017.122;2.496.515;5.489.116;7.942.398;0.07560117;;;;;;;;;;;;;;
220009;01/09/2018 18.49;;;;;;;;;;;;;;;4.202.798;;4.641.407;4.595.265;25.057.270.000.000.000;6.758.641;4.049.113;8.988.739.999.999.990;5.377.258;1.107.309;6.081.263;6.985.473;7.989.103;7.008.864;8.006.013;49.273.900.000.000.000;6.708.333;8.906.249;9.077.360.000.000.000;4.923.345;2.485.238;5.487.516;7.950.848;0.01020086;;;;;;;;;;;;;;
220010;01/09/2018 18.50;;;;;;;;;;;;;;;4.214.354;;4.645.091;4.692.084;2.611.583;6.775.098;4.058.705;8.941.202;5.412.495;1.106.447;6.097.522;6.997.247;7.992.983;705.873;7.872.194;4.978.003;6.513.889;9.479.166;9.196.123;4.898.973;2.429.712;535.285;7.889.324;0.60731;;;;;;;;;;;;;;
220011;01/09/2018 18.51;2.402.431;4.969.618;5.108.507;4.322.916;6.328.704;7.674.895;150.897;166.088;15.617.770.000.000.000;1.508.247;3.783.578;4.597.766;3.625.278;1.309.609;4.204.874;;4.649.652;4.608.493;25.225.459.999.999.900;6.758.748;4.053.856;8.931.004;5.405.549;11.080.819.999.999.900;6.132.077;697.28.00;797.404;7.057.816;8.106.965;5.163.741;6.893.519;9.401.041;9.086.852;4.890.791;2.432.402;5.298.772;7.851.849;00.00;55.208.330.000.000.000;4.010.416;6.041.666;328.125;3.255.208;3.697.916;4.947.917;4.658.565;474.537;4.166.667;2.404.514;931.713;;2.094.907
220012;01/09/2018 18.52;24.004.630.000.000.000;496.961.784.362.793;510.850.677.490.234;43.229.164.123.535.200;6.335.648.193.359.380;7.454.618;15.089.698.791.503.900;1.670.284;15.697.339.999.999.900;15.198.210.000.000.000;3.733.279;4.664.947;36.035.090.000.000.000;1.299.965;4.199.901;;4.606.437;4.646.404;2.561.085;6.758.529;4.060.791;8.951.965;5.422.841;1.106.588;6.078.643;7.036.078;8.000.445;7.099.238;8.110.417;5.053.827;6.916.666;9.249.999;9.079.608;5.021.713;2.475.886;5.351.351;7.831.964;0.00026211349999999997;5.390.625;4.088.541;59.895.830.000.000.000;3.229.166;3.255.208;3.645.833;5.121.528;462.963;47.453.704.833.984.300;416.666.679.382.324;2.427.662;9.114.584;;209.780.090.332.031
220013;01/09/2018 18.53;2.406.366;496.961.784.362.793;510.850.677.490.234;43.229.164.123.535.200;637.847.229.003.906;7.425.251.999.999.990;150.897;1.670.284;15.697.339.999.999.900;1.516.204;3.673.113;4.666.771;3.610.781;1.304.038;4.229.173;;4.648.026;4.689.877;2.606.026;6.799.109;4.066.345;8.944.421;5.415.675;1.108.906;6.092.338;6.974.525;799.98;708.252;7.937.663;4.788.744;6.606.481;9.010.416;8.981.678;4.857.986;2.561.009;5.474.857;7.874.996;00.00;52.604.164.123.535.200;4.140.625;59.114.580.000.000.000;3.177.083;3.229.166;3.619.791;52.372.679.999.999.900;462.963;474.537;416.666.679.382.324;2.427.662;8.969.906.999.999.990;;2.100.694
220014;01/09/2018 18.54;2.399.479;496.961.784.362.793;510.850.677.490.234;43.229.164.123.535.200;6.337.962.646.484.380;7.306.957;1.511.863;1.675.347;15.653.929.999.999.900;1.516.204;363.503;458.574;3.606.326;1.307.041;4.204.188;;4.621.782;4.533.594;2.444.101;6.743.851;4.051.518;9.013.514;5.434.689;11.037.839.999.999.900;6.066.268;6.989.789;8.025.871;7.071.436;811.191;5.242.244;6.578.704;9.380.208;9.186.454;4.976.043;257.178;5.533.315;7.847.842;00.00;5.130.208;4.140.625;5.885.416;31.770.832.061.767.600;3.177.083;3.567.708;52.662.040.000.000.000;46.875;46.875;4.166.667;2.421.875;8.796.296;;2.112.269
220015;01/09/2018 18.55;2.402.431;4.969.618;510.850.677.490.234;43.229.164.123.535.200;6.341.435.546.875;7.372.778.000.000.000;150.897;166.522;1.576.968;1.508.247;3.623.917;4.553.722;3.650.821;130.586;4.208.411;;4.633.927;4.676.277;2.610.609;6.741.262;4.067.603;8.935.764;5.406.165;1.107.003;6.088.099;701.25.00;8.007.786;7.065.906;8.148.928;5.031.016;6.930.555;8.692.708;9.124.119.999.999.990;4.873.468;2.586.399;5.619.413;7.845.447;14.782.680.000.000.000;5.052.083;4.088.541;59.114.580.000.000.000;3.177.083;3.151.042;3.541.666;5.353.009;474.537;4.658.565;4.195.602;2.416.088;865.162;;2.132.523
220016;01/09/2018 18.56;2.406.366;49.652.770.000.000.000;510.850.677.490.234;43.229.164.123.535.200;63.113.427.734.375;7.504.231;15.234.379.999.999.900;16.652.198.791.503.900;15.697.339.999.999.900;1.511.863;3.600.887;459.571;37.148.709.999.999.900;1.303.412;4.237.194;;4.650.056;4.635.355;2.563.296;6.740.711;4.055.651;8.904.744;5.398.415;1.109.888;6.076.829;7.002.949;7.991.429;7.041.165;8.071.859;5.160.448;6.898.148;8.942.708;8.965.794;4.942.027;2.566.649;5.643.232;787.525;00.00;4.947.916;40.625;58.854.164.123.535.200;3.151.042;31.25.00;3.541.666;5.381.944;474.537;4.658.565;4.195.602;2.378.472;8.362.269;;2.155.671
220017;01/09/2018 18.57;2.396.528;49.652.774.810.790.900;510.850.677.490.234;43.229.164.123.535.200;636.574.035.644.531;7.733.725;150.897;166.522;15.653.929.999.999.900;15.053.529.999.999.900;35.922.579.999.999.900;46.507.670.000.000.000;3.671.219;131.534;4.205.129;;4.641.136;4.644.948;2.559.097;6.731.248;4.052.578;8.975.815;5.394.009;1.101.152;605.804;6.988.848;7.976.428;6.992.238;8.000.455;4.830.165;6.736.111;9.010.416;8.866.339.999.999.990;4.851.457;2.585.647;5.645.258;7.925.863;00.00;4.947.916;40.625;5.859.375;315.104.160.308.838;312.499.980.926.514;3.515.625;546.875;4.658.565;474.537;4.224.537;2.320.602;8.130.787;;2.175.926
220018;01/09/2018 18.58;240.735;49.652.774.810.790.900;510.850.677.490.234;43.229.164.123.535.200;6.401.619.873.046.880;7.810.531.999.999.990;15.198.210.000.000.000;16.702.835.083.007.800;15.617.770.000.000.000;15.053.529.999.999.900;3.470.855;4.621.436;3.678.921;13.104.460.000.000.000;4.227.773;;4.637.006;4.643.517;25.654.619.999.999.900;673.279;4.060.816;8.915.884;5.411.186;1.105.088;6.092.689;6.952.501;7.946.558;6.957.964;8.009.272;5.021.707;6.828.704;8.979.166;8.765.302;4.888.393;2.607.517;5.650.262;7.939.449;00.00;4.921.875;40.625;58.333.330.000.000.000;315.104.160.308.838;31.25.00;3.515.625;5.555.556;4.803.241;4.774.306;4.195.602;2.228.009;7.957.176;;2.181.713
220019;01/09/2018 18.59;2.402.431;49.652.774.810.790.900;5.108.507;43.229.164.123.535.200;629.282.409.667.969;7.736.283;150.897;1.675.347;15.617.770.000.000.000;1.512.587;3.522.595;4.573.019;3.713.282;13.014.439.999.999.900;4.195.483;;4.627.243;4.669.423;2.591.914;676.618;4.055.773;8.903.695;5.417.471;11.054.160.000.000.000;6.101.292;7.009.103;798.091;6.933.503;8.021.011;4.951.154;6.824.074;9.031.249;9.174.941;4.895.292;2.632.639;5.749.015;8.011.796;00.00;4.869.791;4.010.416;5.859.375;3.151.042;3.098.958;3.515.625;56.712.963.104.248;4.947.917;4.774.306;4.195.602;2.175.926;7.841.435;;2.155.671
220020;01/09/2018 19.00;2.406.366;49.652.774.810.790.900;5.108.507;43.229.164.123.535.200;634.837.951.660.156;8.069.058.000.000.000;150.897;166.522;15.653.929.999.999.900;1.511.863;363.382;45.722.190.000.000.000;3.631.211;1.305.003;4.203.588;;4.646.818;46.050.199.999.999.900;25.304.029.999.999.900;6.789.727;4.062.666;8.980.331;5.427.180.000.000.000;1.110.742;603.764;6.986.305;7.943.351;6.859.531;7.854.862;4.949.311;650.00.00;8.526.041;8.740.187;490.849;2.654.771;5.825.768;8.120.458;00.00;484.375;3.932.291;6.119.791;31.25.00;31.25.00;3.541.666;5.844.906.999.999.990;5.208.333;4.513.889;4.166.667;2.216.435;7.638.889;;2.086.227
220021;01/09/2018 19.01;2.406.366;49.652.774.810.790.900;5.108.507;43.229.164.123.535.200;634.837.951.660.156;8.069.058.000.000.000;150.897;166.522;15.653.929.999.999.900;1.511.863;363.382;45.722.190.000.000.000;3.631.211;1.305.003;4.203.588;;4.646.818;46.050.199.999.999.900;25.304.029.999.999.900;6.789.727;4.062.666;8.980.331;5.427.180.000.000.000;1.110.742;603.764;6.986.305;7.943.351;6.859.531;7.854.862;4.949.311;650.00.00;8.526.041;8.740.187;490.849;2.654.771;5.825.768;8.120.458;00.00;484.375;3.932.291;6.119.791;31.25.00;31.25.00;3.541.666;5.844.906.999.999.990;5.208.333;4.513.889;4.166.667;2.216.435;7.638.889;;2.086.227
220022;01/09/2018 19.02;2.396.528;49.652.770.000.000.000;5.108.507;4.322.916;635.532.409.667.969;8.205.323;1.511.863;166.522;15.653.929.999.999.900;1.516.204;3.680.581;45.433.409.999.999.900;35.930.659.999.999.900;1.304.457;4.201.866;;4.617.635;4.643.967;25.665.259.999.999.900;6.763.956;4.061.714;8.944.047;5.432.195;1.105.037;6.086.515;6.992.256;7.975.109;6.824.006;7.988.381;4.912.426;6.986.111;8.536.458;8.711.772;4.849.564;2.640.069;5.804.253;8.088.409;00.00;4.739.583;3.776.041;63.020.830.000.000.000;3.177.083;3.151.042;3.619.791;59.895.830.000.000.000;5.497.685;44.849.540.000.000.000;4.166.667;2.173.032;7.523.148;;2.054.398
220023;01/09/2018 19.03;2.410.301;4.956.597;5.104.166;4.327.257;6.400.462.646.484.380;8.479.059.000.000.000;150.897;1.670.284;15.617.770.000.000.000;1.508.247;3.690.827;45.749.970.000.000.000;3.583.419;1.302.288;4.216.235;;4.635.332;4.751.334;2.676.414;6.793.105;4.066.191;8.906.744;5.428.749;1.113.587;6.125.071;699.569;7.983.979;6.776.377;796.832;5.010.833;7.037.037;8.942.708;894.78;4.861.066;2.672.238;5.799.297;8.125.414;0.0001622115;4.791.666;3.645.833;65.625;3.151.042;31.25.00;3.645.833;6.076.389;57.870.369.999.999.900;44.560.179.999.999.900;41.087.959.999.999.900;2.112.269;7.378.472;;2.022.569
220024;01/09/2018 19.04;2.402.431;495.659.713.745.117;5.108.507;432.725.677.490.234;6.410.880.126.953.130;8.406.647;1.511.863;1.675.347;15.697.339.999.999.900;1.516.204;3.705.342;4.550.284;3.662.775;1.299.878;4.211.048;;4.637.512;4.682.474;2.615.523;6.763.151;4.065.605;8.941.572;5.436.326;1.106.014;6.132.583;7.026.085;7.991.707;6.738.608;8.031.589;4.912.686;6.833.333;8.822.916;9.010.443;4.755.801;2.656.683;5.820.922;8.145.326;00.00;4.947.916;3.541.666;6.770.833;31.25.00;31.25.00;3.697.916;6.134.259;59.606.480.000.000.000;44.560.179.999.999.900;4.050.926;208.044;7.233.796;;1.993.634
220025;01/09/2018 19.05;2.404.398;495.659.713.745.117;5.108.507;432.725.677.490.234;633.217.590.332.031;8.464.435;150.463;166.522;15.653.929.999.999.900;1.511.863;3.723.681;45.562.470.000.000.000;3.658.258;1.300.249;4.199.006;;4.666.719;4.660.078;25.623.270.000.000.000;6.769.576;405.829;896.595;5.414.257;1.107.323;6.077.651;7.022.104;8.023.481;6.722.894;8.088.046;4.917.408;6.805.555;8.604.166;8.873.828;476.163;2.621.231;5.776.635;8.150.895;00.00;50.00.00;34.375;68.75;31.25.00;3.098.958;37.05.00;6.221.065;619.213;44.849.540.000.000.000;4.021.991;2.057.292;7.146.991;;197.338
220026;01/09/2018 19.06;2.406.366;495.659.713.745.117;5.104.166;432.725.677.490.234;6.385.416.259.765.630;8.216.391.999.999.990;151.548;1.675.347;15.697.339.999.999.900;1.516.204;370.666;4.513.903;3.609.244;1.307.214;4.195.969;;4.634.151;4.576.978;2.481.091;6.774.347;4.056.073;8.928.347;544.276;1.108.372;6.078.268;7.011.934;7.989.101;6.684.519;7.962.198;5.052.191;6.490.740.000.000.000;8.499.999;8.929.667;4.769.274;2.582.516;5.677.415;8.070.378;00.00;4.973.958;3.359.375;6.901.041;31.25.00;30.989.582.061.767.600;3.776.041;6.336.805;6.278.935;4.600.694;396.412;2.065.972;7.118.056;;1.970.486
220027;01/09/2018 19.07;2.396.528;495.659.713.745.117;5.104.166;432.725.677.490.234;6.385.416.259.765.630;8.103.296;150.463;1.678.964;15.653.929.999.999.900;1.511.863;3.780.305;44.859.559.999.999.900;3.562.601;1.300.106;4.206.082;;4.617.313;4.558.029;24.491.419.999.999.900;6.769.075;4.044.576;8.963.527;5.449.174;1.107.632;6.097.808;6.998.473;7.974.852;6.665.426;7.882.745;4.900.164;6.555.555;8.703.124;9.136.711;4.777.457;2.593.218;5.686.715;812.765;00.00;5.052.083;3.255.208;6.822.916;31.25.00;3.098.958;3.776.041;6.423.611;62.05.00;4.658.565;396.412;2.054.398;697.338;;1.956.019
220028;01/09/2018 19.08;2.404.398;495.659.713.745.117;5.108.507;432.725.677.490.234;6.291.666.259.765.630;8.308.986;15.198.210.000.000.000;166.522;1.573.351;1.511.863;3.730.853;4.424.787;3.560.476;12.991.480.000.000.000;4.206.833;;45.714.099.999.999.900;462.999;2.553.363;6.760.554;4.063.576;891.174;5.413.027;1.111.719;6.086.048;7.014.018;7.977.502;6.645.462;796.117;4.875.593;6.782.407;8.796.874;8.786.224;4.764.971;2.594.773;5.700.848;8.079.643;00.00;5.130.208;3.229.166;68.75;3.151.042;3.046.875;37.05.00;6.799.769;6.076.389;46.875;3.935.185;2.039.931;6.799.769;;1.938.657
220029;01/09/2018 19.09;2.404.398;495.659.713.745.117;51.041.664.123.535.200;432.725.677.490.234;6.290.509.033.203.130;8.263.962;1.511.863;166.522;1.573.351;1.508.247;37.079.409.999.999.900;4.417.158;3.638.292;13.012.789.999.999.900;4.213.199;;4.620.045;4.566.256;24.658.919.999.999.900;6.754.418;4.060.694;8.955.016;5.410.416;1.103.236;6.092.363;7.010.486;8.005.443;6.618.581;7.978.532;49.736.400.000.000.000;6.907.407;8.520.833;8.652.634;4.695.757;2.580.406;5.644.754;8.038.029;00.00;5.208.333;3.177.083;6.901.041;3.151.042;3.046.875;37.05.00;7.378.472;5.844.906.999.999.990;4.658.565;3.935.185;2.057.292;6.799.769;;1.927.083
220030;01/09/2018 19.10;24.004.630.000.000.000;495.659.713.745.117;50.998.259.999.999.900;4.327.257;637.05.00;8.300.814;151.548;1.675.347;15.617.770.000.000.000;15.053.529.999.999.900;3.750.593;4.433.702;3.626.464;1.300.085;4.196.477;;4.646.736;4.653.621;2.576.991;6.771.835;4.058.128;894.059;544.34.00;1.108.933;6.118.478;6.987.331;8.012.585;657.579;8.020.251;4.935.545;6.731.481;8.828.124;8.586.510.000.000.000;4.670.282;2.528.263;553.364;8.011.866;00.00;5.208.333;3.151.042;703.125;3.151.042;3.020.833;3.776.041;7.725.694;57.581.019.999.999.900;462.963;390.625;2.109.375;708.912;;1.915.509
220031;01/09/2018 19.11;2.404.398;4.956.597;50.998.260.498.046.800;4.335.938;61.886.572.265.625;8.395.591;150.897;166.522;15.617.770.000.000.000;150.897;3.639.331;444.285;3.500.857;1.308.805;4.191.739;;4.645.267;4.651.345;2.563.745;6.745.379;4.048.903;8.954.539;5.421.263;1.107.356;6.075.654;6.938.453;7.981.241;6.562.337;8.111.703;5.200.604;6.814.814;8.937.499;9.216.987;4.602.733;2.511.281;5.542.793;8.009.623;7.214.171;5.130.208;3.177.083;703.125;31.25.00;3.020.833;3.802.083;7.725.694;5.555.556;4.600.694;3.877.315;2.123.843;7.291.666;;1.898.148
220032;01/09/2018 19.12;2.399.479;4.952.257;50.998.260.498.046.800;43.359.375;6.346.064.453.125;8.198.875;1.511.863;1.670.284;15.653.929.999.999.900;1.508.247;37.055.440.000.000.000;448.333;345.345;1.299.709;4.189.008;;4.635.233;4.710.749;2.624.246;6.779.888;4.058.347;8.992.689;5.432.406;11.109.080.000.000.000;6.100.424;7.007.149;7.973.367;6.539.819;8.037.751;5.098.598;6.972.222;9.171.874;9.027.222;4.731.943;2.517.463;5.557.444;7.977.810.000.000.000;8.321.287;4.973.958;3.177.083;703.125;3.098.958;3.046.875;3.776.041;7.581.019;552.662;4.542.824;3.877.315;2.097.801;7.291.666;;1.869.213
220033;01/09/2018 19.13;2.404.398;495.225.677.490.234;50.998.260.498.046.800;43.359.375;629.513.916.015.625;8.212.938;150.897;1.675.347;15.653.929.999.999.900;15.053.529.999.999.900;3.750.694;4.460.957;3.403.802;1.307.277;4.189.008;;4.635.233;4.710.749;2.624.246;6.779.888;4.058.347;8.992.689;5.432.406;11.109.080.000.000.000;6.100.424;7.007.149;7.973.367;6.539.819;8.037.751;5.098.598;6.972.222;9.171.874;9.027.222;4.731.943;2.517.463;5.557.444;7.977.810.000.000.000;8.321.287;484.375;3.177.083;703.125;3.098.958;304.687.480.926.514;3.802.083;7.349.537;5.497.685;4.542.824;390.625;2.086.227;7.233.796;;182.581
220034;01/09/2018 19.14;2.404.398;495.225.677.490.234;50.998.260.498.046.800;43.359.375;63.425.927.734.375;8.137.624;151.548;166.522;1.549.479;1.508.247;3.758.209;45.110.620.000.000.000;3.397.168;1.297.753;4.207.648;;4.637.479;4.709.827;2.633.106;6.761.002;4.063.878;8.928.205;5.443.973;1.109.798;6.115.586;7.011.548;7.987.172;6.517.723;8.002.861;5.073.878;7.023.148;8.984.374;8.897.823;4.741.181;2.518.418;5.467.052;8.007.198;00.00;484.375;328.125;7.005.208;3.046.875;304.687.480.926.514;3.776.041;6.944.444;5.353.009;4.542.824;390.625;2.068.866;7.233.796;;1.805.556
220035;01/09/2018 19.15;24.004.630.000.000.000;495.225.677.490.234;50.998.259.999.999.900;43.359.375;6.435.185;8.124.580.999.999.990;150.897;166.522;15.653.929.999.999.900;1.508.247;3.753.445;4.549.266;3.424.803;1.305.101;4.204.905;;4.582.374;4.594.897;2.518.214;6.725.042;4.064.406;8.923.218;5.398.257;11.072.160.000.000.000;6.063.037;6.955.331;7.961.753;6.503.452;7.978.321;5.197.672;6.861.111;9.020.833;8.932.036;4.785.187;2.494.437;5.389.785;7.965.613;00.00;4.869.791;3.411.458;7.057.291;31.25.00;304.687.480.926.514;3.776.041;6.568.287;5.208.333;4.542.824;3.935.185;208.044;7.233.796;;1.814.236
220036;01/09/2018 19.16;2.404.398;495.225.677.490.234;5.104.166;43.359.375;6.351.851.806.640.630;805.749;151.548;166.088;15.653.929.999.999.900;15.053.529.999.999.900;36.592.929.999.999.900;455.004;3.416.935;131.179;4.193.748;;4.603.271;4.621.895;2.539.543;6.736.445;4.056.874;8.972.073;5.435.531;1.107.025;609.268;7.012.746;8.028.422;6.497.524;8.020.099;5.168.477;7.041.666;9.505.208;9.085.118;4.804.432;2.488.274;5.463.875;7.960.369;00.00;4.921.875;3.541.666;7.135.416;3.151.042;304.687.480.926.514;3.776.041;6.539.352;5.063.657;4.600.694;3.935.185;2.094.907;7.291.666;;1.834.491
220037;01/09/2018 19.17;2.399.479;495.225.677.490.234;50.998.259.999.999.900;43.359.375;6.276.619.873.046.880;8.085.826;151.548;166.522;1.576.968;1.508.247;37.076.640.000.000.000;4.538.845;3.444.876;1.311.625;4.209.554;;46.100.800.000.000.000;4.601.295;2.522.668;6.737.376;4.067.452;8.907.715;5.413.922;1.108.645;611.359;7.029.424;8.001.905;6.493.892;7.877.224;4.842.286;6.620.369.999.999.990;9.005.208;9.116.777;496.314;2.481.852;5.413.909;795.933;00.00;4.973.958;3.671.875;7.265.625;3.151.042;304.687.480.926.514;3.802.083;6.626.156.999.999.990;4.947.917;4.600.694;3.935.185;2.060.185;7.378.472;;1.851.852
220038;01/09/2018 19.18;2.402.431;4.952.257;50.998.260.498.046.800;4.335.938;635.532.409.667.969;8.150.596;1.511.863;1.675.347;15.653.929.999.999.900;15.053.529.999.999.900;37.008.340.000.000.000;4.506.157;3.452.394;13.170.320.000.000.000;4.208.095;;4.657.155;4.710.031;2.643.461;6.748.875;4.053.556;8.948.498;5.424.538;1.108.724;6.100.676;7.025.113;8.030.148;6.476.989;7.917.766;5.020.737;6.962.963;9.479.166;9.051.121;4.905.128;2.473.875;5.349.897;7.904.482;00.00;4.947.916;3.776.041;7.317.708;31.25.00;304.687.480.926.514;3.802.083;6.684.028;49.189.820.000.000.000;4.600.694;3.935.185;2.008.102;7.494.213;;1.851.852
220039;01/09/2018 19.19;2.406.366;4.947.916;50.998.259.999.999.900;43.402.770.000.000.000;6.384.259.033.203.130;8.169.009;151.548;166.522;15.697.339.999.999.900;1.511.863;3.668.025;4.472.639;338.741;1.308.934;4.200.681;;4.671.839;4.666.656;2.582.442;6.771.039.999.999.990;4.058.008;8.910.513;5.426.486;1.105.296;6.109.119;6.986.114;797.687;6.453.361;8.091.048;4.900.372;6.916.666;8.979.166;9.076.926;4.934.367;2.529.024;5.456.661;7.919.113;00.00;4.817.708;3.828.125;7.447.916;3.098.958;304.687.480.926.514;3.828.125;6.799.769;49.189.820.000.000.000;4.600.694;4.021.991;1.984.954;7.436.343.000.000.000;;1.866.319
220040;01/09/2018 19.20;2.399.479;49.479.164.123.535.200;5.095.486;43.402.774.810.790.900;626.620.361.328.125;8.132.155.999.999.990;150.897;166.522;1.576.968;15.053.529.999.999.900;3.643.425;44.566.140.000.000.000;33.264.070.000.000.000;130.587;4.202.581;;4.638.624;4.646.382;2.564.402;6.784.948;4.063.966;8.972.959;5.409.406;1.110.865;6.104.569;7.002.034;8.010.154;6.409.352;8.033.708;4.926.024;6.805.555;9.380.208;9.053.314;5.013.488;2.520.517;5.474.517;7.937.632;00.00;4.713.541;3.802.083;734.375;3.046.875;304.687.480.926.514;3.880.208;6.799.769;4.832.176;462.963;41.087.959.999.999.900;1.999.421;7.378.472;;1.892.361
220041;01/09/2018 19.21;2.404.398;49.479.164.123.535.200;50.954.860.687.255.800;43.402.774.810.790.900;627.083.312.988.281;8.246.853;1.511.863;1.670.284;1.581.308;15.053.529.999.999.900;3.694.243;4.468.551;3.265.395;1.311.765;4.185.341;;4.622.775;4.613.151;2.539.791;6.720.934;4.053.537;8.993.095;5.413.331;1.111.748;609.612;6.995.161;7.992.725;6.373.385;786.868;4.928.732;6.907.407;9.328.124;9.315.004;4.957.475;25.296.099.999.999.900;5.454.146;7.925.684;00.00;46.875;37.05.00;7.265.625;3.020.833;304.687.480.926.514;390.625;6.799.769;474.537;462.963;4.195.602;2.010.995;7.262.731;;1.892.361
220042;01/09/2018 19.22;24.004.630.000.000.000;4.947.916;5.095.486;43.402.774.810.790.900;63.472.216.796.875;8.274.235.999.999.990;1.511.863;166.522;15.653.929.999.999.900;1.511.863;372.585;44.557.109.999.999.900;32.473.009.999.999.900;13.162.720.000.000.000;4.212.971;;4.660.953;4.670.708;2.586.056;6.773.666;4.052.045;8.941.238;5.406.569.999.999.990;1.107.221;6.068.873;7.007.747;7.989.042;6.326.192;8.038.353;4.854.353;6.787.037;9.578.124;9.159.478;4.972.877;2.531.198;5.448.378;7.850.225;00.00;4.791.666;3.828.125;7.291.666;296.875;3.046.875;3.880.208;6.712.963;462.963;462.963;4.253.472;2.002.315;7.146.991;;1.883.681
220043;01/09/2018 19.23;2.402.431;49.435.759.999.999.900;50.998.259.999.999.900;43.402.774.810.790.900;627.083.312.988.281;8.465.015;1.511.863;166.522;15.820.310.000.000.000;1.501.736;3.747.382;43.781.620.000.000.000;3.221.053;13.157.910.000.000.000;4.212.488;;466.233;4.540.684;2.461.275;6.780.688;4.060.974;8.997.092;5.433.373;1.112.559;6.145.991;7.008.713;8.089.821;6.237.174;8.019.621;4.968.517;6.490.740.000.000.000;8.781.249;8.703.937;4.748.821;2.426.481;5.263.261;7.778.868;0.34499509999999994;484.375;390.625;7.265.625;296.875;3.020.833;390.625;6.626.156.999.999.990;4.600.694;462.963;4.253.472;1.993.634;7.118.056;;1.877.894
220044;01/09/2018 19.24;2.404.398;49.435.760.498.046.800;5.095.486;43.402.774.810.790.900;6.320.601.806.640.630;8.482.204;151.548;166.522;15.617.770.000.000.000;1.516.204;3.724.199;4.489.038;3.239.565;13.088.510.000.000.000;4.216.343;;4.628.719;4.755.794;2.688.942;6.781.904;4.074.946;894.375;5.417.087;1.113.798;6.104.604;700.352;8.027.681;6.223.409;8.001.003;4.796.654;6.546.296;8.937.499;9.232.665;4.698.422;2.324.148;5.098.104;7.724.263;00.00;4.869.791;3.958.333;7.135.416;2.994.792;3.046.875;390.625;6.684.028;4.542.824;4.658.565;4.340.278;198.206;7.349.537;;1.869.213
220045;01/09/2018 19.25;24.004.630.000.000.000;49.435.760.498.046.800;50.998.259.999.999.900;43.402.774.810.790.900;6.346.064.453.125;8.399.248;151.548;1.670.284;15.653.929.999.999.900;15.053.529.999.999.900;36.780.770.000.000.000;4.456.711;3.217.065;12.976.360.000.000.000;4.217.288;;4.624.164;46.652.099.999.999.900;2.582.806;6.780.015;4.050.823;893.462;5.441.589;1.110.254;6.099.178;7.005.768;8.004.648;6.183.441;8.043.573;505.671;6.893.519;8.890.624;9.186.171;4.871.063;2.378.164;5.129.238;7.687.997;00.00;484.375;4.036.458;703.125;2.994.792;3.046.875;3.828.125;6.915.509;4.542.824;4.658.565;44.849.540.000.000.000;1.993.634;7.552.084;;1.863.426
220046;01/09/2018 19.26;2.404.398;49.435.759.999.999.900;50.998.260.498.046.800;43.402.770.000.000.000;637.152.770.996.094;846.689;15.198.210.000.000.000;166.088;1.576.968;15.053.529.999.999.900;36.158;4.423.482;3.262.135;1.296.601;4.203.341;;463.704;4.591.483;2.504.786;6.758.743;4.054.839;8.954.198;5.431.655;1.107.798;6.169.507;7.012.389;801.005;6.143.453;7.968.973;4.983.466;6.453.704;8.520.833;9.056.417;4.892.208;2.413.198;5.186.574;7.669.902;00.00;4.791.666;4.036.458;6.927.083;2.994.792;3.098.958;3.802.083;7.204.861;474.537;46.875;4.600.694;2.022.569;7.667.824;;1.872.106
220047;01/09/2018 19.27;24.004.630.000.000.000;4.934.896;50.998.260.498.046.800;4.344.618;6.350.694.580.078.130;8.315.611;15.198.210.000.000.000;166.522;1.573.351;1.520.544;3.630.746;4.375.739;3.306.889;13.096.689.999.999.900;4.199.993;;4.656.877;4.510.265;24.260.770.000.000.000;6.744.721;4.067.997;8.974.485;5.418.749;1.106.812;6.095.995;6.960.147;8.021.743;6.090.948;8.063.146;5.015.555;6.898.148;8.463.541;9.028.538;4.899.974;2.478.389;5.364.515;7.768.157;00.00;4.739.583;3.958.333;6.901.041;296.875;3.098.958;3.776.041;7.436.343.000.000.000;48.900.459.999.999.900;474.537;4.658.565;203.125;7.667.824;;1.869.213
220048;01/09/2018 19.28;2.402.431;493.489.570.617.676;50.998.260.498.046.800;434.461.784.362.793;6.322.916.259.765.630;8.306.703;1.511.863;1.670.284;15.617.770.000.000.000;1.511.863;3.636.902;43.628.440.000.000.000;3.380.522;1.301.106;42.093.699.999.999.900;;4.651.817;4.664.304;2.584.711;678.332;4.067.453;8.974.236;5.418.045;11.091.760.000.000.000;610.076;7.012.148;7.996.973;6.034.363;7.998.527;5.174.406;6.782.407;8.656.249;897.105;4.771.373;2.519.187;5.440.494;7.806.818;00.00;46.875;3.958.333;6.822.916;2.916.667;3.046.875;37.05.00;7.696.759;49.189.820.000.000.000;4.803.241;4.658.565;2.057.292;7.581.019;;1.877.894
220049;01/09/2018 19.29;2.404.398;493.489.570.617.676;50.998.259.999.999.900;434.461.784.362.793;6.305.555.419.921.880;8.227.534;15.198.210.000.000.000;166.522;15.697.339.999.999.900;15.053.529.999.999.900;3.671.075;437.288;3.380.612;1.314.362;4.204.764;;4.617.436;4.625.747;2.543.546;6.781.296;4.063.076;8.983.409;5.436.878;11.091.689.999.999.900;6.106.861;7.017.086;8.038.204;5.995.023;8.046.510.000.000.000;5.018.246;6.925.926;8.510.416;889.557;4.788.416;253.296;5.445.289;7.834.667;00.00;4.609.375;390.625;68.75;2.890.625;304.687.480.926.514;37.05.00;787.037;5.034.722;4.803.241;46.875;2.083.333;7.494.213;;1.895.255
220050;01/09/2018 19.30;2.399.479;493.489.570.617.676;5.095.486;434.461.784.362.793;6.298.611;828.887;150.463;166.522;15.617.770.000.000.000;1.516.204;3.669.144;44.137.640.000.000.000;33.716.159.999.999.900;1.313.781;4.209.619;;4.638.876;4.648.739;25.576.950.000.000.000;6.742.896;4.054.043;8.906.996;5.425.905;1.107.656;6.068.364;7.003.557;795.571;5.980.636;815.679;4.936.159;7.023.148;8.619.791;8.840.861;4.726.324;2.549.306;5.477.359;7.843.703;00.00;4.583.333;3.828.125;6.901.041;2.890.625;304.687.480.926.514;3.697.916;8.246.528;52.372.679.999.999.900;4.832.176;4.658.565;2.115.162;7.407.406.999.999.990;;1.909.722
220051;01/09/2018 19.31;2.402.431;4.934.896;50.998.259.999.999.900;434.461.784.362.793;63.449.072.265.625;8.481.152;151.548;1.670.284;15.697.339.999.999.900;1.508.247;3.599.828;4.506.049;3.367.822;130.651;42.137.199.999.999.900;;4.648.417;4.630.741;2.541.122;6.771.798;4.060.941;8.944.766;5.426.005;1.108.901;6.079.409;6.994.843;7.999.755;592.592;801.248;5.113.867;6.879.630.000.000.000;8.906.249;8.361.815;4.666.956;2.593.547;5.631.511;7.948.559;00.00;4.557.291;3.776.041;6.953.125;2.890.625;3.046.875;37.05.00;8.709.491;546.875;4.832.176;4.542.824;2.118.056;7.291.666;;1.909.722
220052;01/09/2018 19.32;2.402.431;4.930.555;5.095.486;434.461.784.362.793;638.773.132.324.219;8.390.516;1.511.863;166.522;15.697.339.999.999.900;1.516.204;36.66;44.656.290.000.000.000;3.343.544;1.310.717;4.197.109;;4.630.608;4.634.158;255.143;6.769.504;4.074.018;8.975.931;5.446.695;1.114.298;6.106.696;6.997.303;7.979.587;5.902.381;7.961.658;4.999.075;6.847.222;9.036.458;8.820.594;4.593.181;2.651.329;5.702.402;7.959.774;00.00;453.125;3.802.083;7.083.333;2.890.625;3.020.833;37.05.00;9.143.519;5.555.556;48.900.459.999.999.900;4.542.824;2.083.333;7.204.861;;1.906.829
220053;01/09/2018 19.33;2.406.366;493.055.534.362.793;5.095.486;434.461.784.362.793;631.712.951.660.156;8.418.890.999.999.990;15.234.379.999.999.900;166.522;15.617.770.000.000.000;1.511.863;37.201.209.999.999.900;44.079.440.000.000.000;33.290.929.999.999.900;1.305.373;4.182.842;;4.642.235;4.675.745;2.596.591;6.776.984;4.057.836;8.881.044;5.399.704;1105.43.00;6.080.886;6.977.335;7.968.311;588.265;810.852;4.899.542;6.967.593;9.041.666;8.484.272;4.462.489;2.633.205;5.749.361;7.995.861;00.00;4.348.958;3.802.083;7.447.916;2.890.625;30.208.332.061.767.600;3.776.041;9.664.352;5.613.426;48.900.459.999.999.900;44.560.179.999.999.900;2.045.718;7.349.537;;1.906.829
220054;01/09/2018 19.34;24.004.630.000.000.000;493.055.534.362.793;50.998.259.999.999.900;4.344.618;630.787.048.339.844;8.246.405;151.548;166.522;15.653.929.999.999.900;1.511.863;37.440.459.999.999.900;4.429.438;3.242.027;1.303.358;4.216.209;;4.652.553;4.678.127;2.589.999;6.770.833;4.060.134;8.973.131;5.412.587;1.105.995;6.077.422;6.974.387;7.956.567;5.876.289;7.878.882;4.954.364;6.736.111;8.874.999;8.765.209;4.438.474;2.583.998;5.668.733;7.992.258;00.00;4.270.833;37.05.00;8.229.166;2.890.625;30.208.332.061.767.600;3.880.208;9.982.639;57.581.019.999.999.900;48.900.459.999.999.900;4.398.148;2.057.292;7.638.889;;1.912.616
220055;01/09/2018 19.35;2.399.479;4.930.555;5.095.486;4.348.958;631.712.951.660.156;7.945.401;15.198.210.000.000.000;1.656.539;15.567.129.999.999.900;15.010.129.999.999.900;37.461.490.000.000.000;4.433.432;3.258.469;1.310.801;4.214.947;;4.609.532;4.635.063;25.563.290.000.000.000;6.755.481;4.058.428;8.989.734;542.526;1109.14.00;6.105.326;7.006.975;7.992.252;5.876.363;8.040.669;4.948.002;6.643.519;8.942.708;8.936.829;449.286;2.536.181;5.654.408;8.117.563;00.00;4.140.625;3.697.916;921.875;2.864.583;30.208.332.061.767.600;40.625;1.018.519;5.844.906.999.999.990;48.900.459.999.999.900;4.369.213;2.100.694;7.725.694;;192.419
220056;01/09/2018 19.36;240.735;4.926.215;50.998.259.999.999.900;434.895.820.617.676;6.229.166.259.765.630;8.014.496;150.897;1.670.284;15.697.339.999.999.900;15.053.529.999.999.900;37.227.709.999.999.900;4.371.646;3.301.386;13.147.879.999.999.900;4.202.979;;4.595.919;4.613.511;2.526.882;6.734.199;4.048.568;8.902.881;5.400.914;1103.88;608.582;6.983.745;796.337;5.849.684;7.976.769;4.969.602;6.662.037;8.703.124;8.998.182;4.686.447;2.505.273;5.615.881;8.213.215;00.00;4.036.458;3.697.916;9.947.916;2.864.583;30.208.332.061.767.600;4.401.041;1.053.241;59.317.130.000.000.000;4.832.176;4.340.278;2.161.458;78.125;;1.912.616
220057;01/09/2018 19.37;2.399.479;49.262.149.810.790.900;50.998.260.498.046.800;434.895.820.617.676;626.967.590.332.031;7.962.097;151.548;166.522;15.617.770.000.000.000;1.516.204;3.637.103;4.359.044;3.329.184;13.097.439.999.999.900;4.205.191;;461.966;4.569.812;2.480.746;6.753.598;4.060.806;8.957.385;5.414.396;1.106.531;6.072.604;6.974.861;7.972.185;5.853.877;7.863.761;5.051.368;6.597.222;9.046.874;8.868.389;4.628.098;242.149;5.409.393;8.176.289;00.00;3.932.291;3.645.833;1.007.812;2.838.542;3.020.833;4.661.458;1.047.454;5.844.906.999.999.990;4.803.241;4.224.537;2.158.565;7.928.241;;1.880.787
220058;01/09/2018 19.38;240.735;49.262.149.810.790.900;50.998.260.498.046.800;434.895.820.617.676;6.372.685.546.875;7.879.193.000.000.000;150.463;166.522;15.653.929.999.999.900;1.511.863;352.052;433.871;33.196.090.000.000.000;1.311.292;4.194.719;;4.632.365;4.608.945;2.508.084;6.758.057;40.511.400.000.000.000;8.926.606;5.397.327;1.108.721;6.080.271;7.033.671;7.998.747;5.859.011;802.817;5.105.894;7.018.519;9.197.916;8.910.938;4.636.365;2.361.283;525.299;8.092.841;00.00;4.036.458;3.489.583;9.869.791;2.786.458;3.046.875;4.713.541;1.038.773;56.712.959.999.999.900;4.803.241;4.166.667;2.146.991;7.986.111;;1.828.704
220059;01/09/2018 19.39;2.402.431;4.926.215;50.998.259.999.999.900;434.895.820.617.676;632.407.409.667.969;7.714.556.999.999.990;1.511.863;1.670.284;15.697.339.999.999.900;15.053.529.999.999.900;3.463.842;442.755;3.238.272;131.035;4.208.295;;464.413;4.567.564;246.421;6.748.348;40.548.199.999.999.900;8.933.837;5.411.548;1.107.576;6.105.375;7.001.299;7.975.107;5.870.073;8.037.229;5.057.391;6.879.630.000.000.000;9.046.874;8.884.407;4.782.621;2.386.975;5.205.302;8.112.543;00.00;421.875;328.125;9.427.083;2.786.458;30.208.332.061.767.600;4.609.375;1.030.093;5.497.685;48.900.459.999.999.900;41.087.959.999.999.900;2.112.269;8.072.916;;1.785.301
220060;01/09/2018 19.40;2.396.528;4.921.875;5.086.805;434.895.820.617.676;63.159.716.796.875;7.823.558;150.463;1.670.284;15.617.770.000.000.000;1.511.863;3.564.219;44.026.990.000.000.000;3.213.344;1.308.814;418.894;;46.212.699.999.999.900;4.624.043;253.076;6.764.774;4.059.075;8.921.274;543.075;1.107.014;6.081.383;6.987.336;7.992.257;5.893.755;8.003.264;5.029.093;6.791.666;8.963.541;8.917.468;4.818.831;2.301.936;5.145.211;8.025.659;00.00;4.401.041;3.151.042;921.875;2.838.542;2.994.792;4.479.166;1.015.625;5.324.074;4.947.917;41.087.959.999.999.900;2.054.398;853.588;;176.794
220061;01/09/2018 19.41;2.406.366;4.921.875;5.095.486;434.895.820.617.676;636.458.312.988.281;7.784.276;15.198.210.000.000.000;166.522;15.567.129.999.999.900;1.511.863;3.579.905;4.343.309;3.247.526;1.311.144;4.203.186;;4.642.238;4.559.045;2.458.673;6.765.013;4.044.629;8.904.208;5.402.321;1.105.503;607.76;6.998.728;7.933.605;5.933.378;7.840.574;506.474;6.976.852;9.421.874;917.993;4.861.589;235.636;5.189.377;7.982.551;00.00;4.583.333;3.046.875;9.270.833;2.864.583;2.994.792;4.348.958;9.809.028;5.179.398;5.034.722;41.087.959.999.999.900;2.008.102;8.940.972;;1.779.514
220062;01/09/2018 19.42;2.399.479;4.921.875;5.095.486;434.895.820.617.676;632.407.409.667.969;7.509.358;150.897;166.522;15.617.770.000.000.000;1.511.863;3.620.609;4.302.166;33.047.129.999.999.900;1.310.038;4.187.483;;45.674.199.999.999.900;4.633.867;2.534.539;6.674.379;4.011.717;8.787.737;5.335.834;10.903.319.999.999.900;5.966.404;6.821.234;7.694.630.000.000.000;5.990.856;7.826.638;5.119.213;6.777.778;9.057.291;9.028.251;4.792.005;2.323.358;5.053.125;7.729.231;00.00;4.609.375;3.020.833;9.791.666;2.890.625;296.875;4.322.916;93.75;5.063.657;5.092.593;41.087.959.999.999.900;1.967.593;9.259.259;;1.808.449
220063;01/09/2018 19.43;2.404.398;4.921.875;50.998.259.999.999.900;434.895.820.617.676;625.462.951.660.156;7.601.813;15.198.210.000.000.000;166.088;15.653.929.999.999.900;1.511.863;3.762.042;4.303.236;33.435.759.999.999.900;1.314.229;4.230.527;;4.616.426;4.652.422;2.579.148;6.772.206;407.158;8.959.568;5.439.954;1.111.208;6.143.746;7.031.994;8.049.562;6.051.899;8.155.567;5.140.534;6.949.074;9.296.874;9.092.598;4.572.111;2.094.612;472.778;742.066;00.00;4.609.375;31.25.00;1.085.937;2.890.625;296.874.980.926.514;4.427.083;8.969.906.999.999.990;4.947.917;5.179.398;4.166.667;1.953.125;9.606.481;;1.837.384
220064;01/09/2018 19.44;2.404.398;4.913.194;5.095.486;4.348.958;634.837.951.660.156;7.573.459;150.897;166.088;1.573.351;15.053.529.999.999.900;3.735.353;4.332.375;3.389.436;13.108.620.000.000.000;4.200.939;;4.607.903;469.577;2.609.492;6.767.851;4.063.754;8.918.096;540.165;1.107.478;608.721;7.010.821;7.995.985;6.121.518;7.983.023;4.997.547;6.893.519;9.302.083;8.831.217;4.792.469;2.147.125;4.722.861;7.413.442;00.00;4.557.291;3.307.291;1.203.125;2.864.583;296.875;4.713.541;8.883.102;4.976.852;5.208.333;41.087.959.999.999.900;1.950.231;1.001.157;;1.886.574
220065;01/09/2018 19.45;2.396.528;491.319.427.490.234;50.954.860.687.255.800;4.357.639;6.244.213;7.410.619;151.548;166.522;15.653.929.999.999.900;1.508.247;3.756.818;44.477.909.999.999.900;3.367.907;13.09;4.227.563;;4.650.389;4.653.935;2.575.595;6.757.308;4.054.056;8.938.531;5.415.362;1.105.434;6.065.753;6.962.627;7.987.225;6.210.236;7.882.802;50.279.400.000.000.000;6.685.185;9.124.999;9.059.756;4.841.151;2.171.108;4.725.059;7.374.046;00.00;4.427.083;3.489.583;1.229.167;2.864.583;2.994.792;50.00.00;8.796.296;4.976.852;5.208.333;4.079.861;1.956.019;1.061.921;;1.956.019
220066;01/09/2018 19.46;2.405.382;491.319.427.490.234;50.954.860.687.255.800;43.576.385.498.046.800;623.495.361.328.125;7.337.116.999.999.990;151.548;166.522;15.617.770.000.000.000;1.508.247;38.703.559.999.999.900;4.499.308;32.819;1.280.325;4.208.264;;4.646.313;4.624.015;2.533.936;6.766.666;4.052.279;892.377;5.400.016;1.104.868;6.103.833;6.999.529;796.507;630.384;7.966.132;5.020.182;6.671.296;9.255.208;9.031.498;4.879.104;2.266.901;4.832.552;7.480.484;00.00;4.583.333;3.567.708;1.197.917;2.786.458;299.479.160.308.838;5.078.125;8.564.815;4.947.917;52.372.679.999.999.900;4.079.861;1.967.593;1.148.727;;2.016.782
220067;01/09/2018 19.47;2.404.398;4.913.194;50.954.860.687.255.800;43.576.385.498.046.800;633.217.590.332.031;7.379.717;15.198.210.000.000.000;1.670.284;15.653.929.999.999.900;15.053.529.999.999.900;3.975.747;4.527.618;326.865;13.141.110.000.000.000;4.204.435;;4.612.983;4.634.742;25.473;676.447;4.056.573;8.906.686;5.410.911;1.106.864;6.084.664;6.965.601;7.959.757;6.433.049;8.000.788;4.952.688;6.879.630.000.000.000;9.453.124;9.045.403;4.754.197;241.298;5.182.391;7.666.794;00.00;4.791.666;3.567.708;1.171.875;2.786.458;299.479.160.308.838;50.00.00;859.375;48.900.459.999.999.900;52.662.040.000.000.000;41.087.959.999.999.900;198.206;119.213;;208.044
220068;01/09/2018 19.48;2.399.479;4.908.854;5.095.486;43.576.385.498.046.800;6.259.259.033.203.130;7.395.852;1.511.863;1.670.284;15.617.770.000.000.000;1.508.247;40.038.990.000.000.000;4.571.958;3.288.373;1.315.184;4.210.291;;4.671.294;4.601.613;25.118.970.000.000.000;6.785.801;4.061.605;8.925.451;5.413.891;1.109.181;6.100.486;6.983.547;800.648;6.526.783;8.042.905;5.117.626;6.643.519;8.734.374;9.070.010.000.000.000;4.867.277;2.450.272;5.302.985;778.564;00.00;4.947.916;3.645.833;1.161.458;2.864.583;2.994.792;4.869.791;8.796.296;4.832.176;5.324.074;4.079.861;197.338;1.203.704;;212.963
220069;01/09/2018 19.49;240.735;49.088.539.123.535.200;50.998.259.999.999.900;43.576.385.498.046.800;6.275.462.646.484.380;7.514.425;1.511.863;1.670.284;15.740.739.999.999.900;1.508.247;39.936.370.000.000.000;4.585.791;32.094.190.000.000.000;13.134.129.999.999.900;4.193.883;;4.623.505;4.612.103;2.515.266;6.761.561;4.064.368;8.949.238;5.407.058;1.108.849;6.114.725;7.009.741;8.051.310.000.000.000;6.690.260.000.000.000;810.211;4.980.917;6.856.481;8.854.166;8.763.281;4.911.285;2.438.865;5.342.648;7.786.226;00.00;4.921.875;3.619.791;1.135.417;2.890.625;30.208.332.061.767.600;484.375;9.172.453;4.803.241;5.324.074;4.050.926;1.964.699;120.081;;2.175.926
220070;01/09/2018 19.50;2.399.479;49.088.539.123.535.200;50.998.259.999.999.900;43.576.385.498.046.800;630.092.529.296.875;7.397.001.999.999.990;151.548;166.522;15.653.929.999.999.900;1.516.204;4.087.638;4.610.181;3.188.485;1.312.025;4.215.007;;4.614.749;466.912;2.580.793;6.762.089;4.063.928;8.943.132;5.431.501;11.087.069.999.999.900;6.104.011;7.021.363;8.016.175;6.863.517;8.125.338;4.954.048;7.101.852;8.562.499;8.892.333;476.958;2.415.018;5.219.355;7.774.271;00.00;484.375;3.541.666;1.080.729;2.890.625;3.046.875;484.375;9.259.259;4.774.306;52.662.040.000.000.000;396.412;1.979.167;1.177.662;;2.230.903
220071;01/09/2018 19.51;2.404.398;4.908.854;5.095.486;43.576.385.498.046.800;6.377.314.453.125;7.209.371;1.511.863;166.522;1.570.457;1.508.247;424.766;465.978;321.169;13.186.179.999.999.900;4.218.657;;4.657.021;4.638.076;2.571.104;6.769.277;4.064.108;8.955.272;5.418.606;1.107.302;6.084.136;6.974.058;8.012.935;7.000.233;7.909.932;5.010.769;6.884.259;9.119.791;9.004.483;4.860.462;247.93;5.355.361;790.945;00.00;5.052.083;3.385.416;1.057.292;2.890.625;3.046.875;4.713.541;9.288.194;474.537;52.372.679.999.999.900;3.935.185;198.206;1.171.875;;2.259.838
220072;01/09/2018 19.52;240.735;4.904.514;50.954.860.687.255.800;43.576.385.498.046.800;637.268.493.652.344;7.225.690.999.999.990;15.010.129.999.999.900;1.670.284;15.617.770.000.000.000;1.511.863;4.375.727;4.742.443;3.222.854;13.133.629.999.999.900;4.213.424;;4.648.384;4.648.297;2.565.022;6.771.579;4.050.684;8.937.529;5.425.129;1.108.072;609.451;6.946.367;7.968.335;7.143.405;813.725;4.930.631;7.254.630.000.000.000;9.145.833;8.955.238;4.785.474;2.556.077;5.568.986;7.980.118;00.00;5.338.541;3.255.208;103.125;2.890.625;3.020.833;4.661.458;9.577.546;4.774.306;52.372.679.999.999.900;3.935.185;198.206;1.160.301;;2.271.412
220073;01/09/2018 19.53;2.399.479;49.045.135.498.046.800;5.095.486;43.576.385.498.046.800;6.306.712.646.484.380;7.092.612;150.897;1.670.284;15.617.770.000.000.000;1.508.247;4.494.102;4.777.156;323.408;1.315.981;4.204.752;;4.616.499;4.632.378;2.545.281;6.759.855;4.053.875;8.938.713;5.406.323;1.106.007;6.090.569;6.968.293;794.16.00;7.286.277;7.838.853;4.989.485;661.574;8.614.583;8.925.821;4.735.711;2.567.531;5.459.743;7.950.674;00.00;5.572.916;3.229.166;9.947.916;2.994.792;30.208.332.061.767.600;4.583.333;9.953.703;48.900.459.999.999.900;5.208.333;390.625;1.970.486;114.294;;2.277.199
220074;01/09/2018 19.54;2.404.398;49.045.135.498.046.800;50.998.259.999.999.900;43.576.385.498.046.800;6.239.583.740.234.380;7.045.893.000.000.000;1.511.863;1.670.284;15.617.770.000.000.000;1.508.247;4.484.959;478.071;320.153;13.185.329.999.999.900;420.225;;4.617.672;4.590.315;2.507.001;6.764.307;4.059.682;8.913.996;5.414.183;11.075.639.999.999.900;6.072.752;6.985.311;8.016.858;7.438.774;805.051;5.192.056;6.930.555;8.807.291;9.005.515;4.854.701;2.563.275;5.529.161;7.983.989;00.00;5.651.041;3.255.208;9.635.416;31.25.00;3.020.833;453.125;9.895.834;48.900.459.999.999.900;52.372.679.999.999.900;390.625;198.206;1.116.898;;2.282.986
220075;01/09/2018 19.55;2.399.479;4.904.514;50.998.259.999.999.900;43.576.385.498.046.800;6.366.898.193.359.380;703.281;1.511.863;1.670.284;15.567.129.999.999.900;1.508.247;4.518.209;49.394;318.565;1.319.375;4.207.331;;46.111.300.000.000.000;4.657.434;2.548.768;675.16.00;4.046.303;8.911.178;5.424.904;1106.98;6.096.080.000.000.000;6.957.106;7.997.275;7.554.303;7.922.288;5.063.598;6.810.185;9.031.249;8.948.404;4.813.974;2.535.414;5.454.353;8.051.921;00.00;5.703.125;3.359.375;953.125;3.151.042;3.098.958;4.427.083;9.664.352;4.832.176;52.372.679.999.999.900;396.412;2.039.931;1.128.472;;2.274.306
220076;01/09/2018 19.56;2.404.398;49.001.740.000.000.000;5.095.486;43.576.385.498.046.800;629.398.132.324.219;7.179.458.000.000.000;1.511.863;1.670.284;15.617.770.000.000.000;1.508.247;4.479.971;5.043.238;32.995.459.999.999.900;1.322.274;4.197.791;;4.640.967;4.634.942;2.527.519;678.069;40.598.800.000.000.000;8.936.116;5.416.059;1.109.704;6.095.551;7.042.766;8.014.586;767.725;8.048.811;5.070.096;6.601.852;9.020.833;8.969.361;4.698.155;2.516.809;5.503.588;8.047.427;00.00;5.572.916;3.489.583;953.125;31.25.00;31.25.00;4.401.041;931.713;4.832.176;5.121.528;4.021.991;2.094.907;1.168.981;;224.537
220077;01/09/2018 19.57;2.406.366;49.001.735.687.255.800;50.954.860.687.255.800;43.576.385.498.046.800;626.388.854.980.469;7.196.391;151.548;1.670.284;15.617.770.000.000.000;1.511.863;4.421.128;50.771.770.000.000.000;33.697.559.999.999.900;13.186.010.000.000.000;4.201.063;;4.631.051;4.647.586;2.570.849;6.766.214;4.073.814;8.957.802;5.429.847;1111.76;6.077.575;7.011.060.000.000.000;8.005.348;7.795.991;8.023.434;4.879.953;6.884.259;8.890.624;9.049.601;4.767.065;2.471.678;5.393.733;8.025.179;00.00;5.338.541;3.619.791;953.125;3.098.958;3.151.042;4.427.083;9.143.519;4.774.306;5.063.657;4.079.861;2.126.736;1.215.278;;2.219.329
220078;01/09/2018 19.58;2.399.479;49.001.735.687.255.800;50.954.860.687.255.800;43.576.385.498.046.800;641.898.132.324.219;7.032.715.999.999.990;1.511.863;166.522;15.653.929.999.999.900;1.508.247;4.421.645;5.124.883;34.505.829.999.999.900;13.174.539.999.999.900;4.191.419;;4.633.001;4.638.551;2.554.386;6.794.197;4.055.985;8.968.796;542.812;1.108.734;6.095.062;6.978.862;7.992.443;7.902.142;7.903.423;5.082.793;674.074;8.979.166;9.033.631;473.626;2.461.492;5.272.517;7.983.548;00.00;5.104.166;3.645.833;9.479.166;3.020.833;3.177.083;4.453.125;8.680.556;46.875;5.034.722;4.166.667;2.144.097;1.336.806;;2.216.435
220079;01/09/2018 19.59;2.404.398;49.001.735.687.255.800;50.954.860.687.255.800;43.576.385.498.046.800;6.292.823.486.328.130;7.037.814;1.511.863;166.522;1.573.351;1.511.863;4.447.736;5.220.639;3.539.205;1.318.818;4.204.494;;4.646.427;4.630.457;25.485.830.000.000.000;6.756.872;4.059.484;8.948.549;5.422.819.999.999.990;1.113.781;6.128.925;6.968.354;8.031.747;7.951.271;8.022.461;4.862.981;6.763.889;9.041.666;9.018.661;4.801.251;2.414.522;5.319.102;8.035.578;00.00;4.947.916;3.671.875;9.244.791;296.875;3.177.083;4.453.125;8.101.852;4.600.694;4.947.917;4.166.667;2.103.588;1.467.014;;2.225.116
220080;01/09/2018 20.00;2.402.431;49.001.740.000.000.000;5.095.486;4.361.979;6.337.962.646.484.380;7.077.834;150.897;166.522;15.617.770.000.000.000;150.897;4.556.306;5.253.193;3.663.511;13.211.079.999.999.900;4.195.926;;4.629.109;4.604.136;2.522.344;6.755.085;405.111;8.917.919.999.999.990;5.420.716;1.108.498;6.096.641;7.039.462;8.009.662;8.108.901;8.034.152;4.964.624;6.643.519;8.989.583;9.015.176;4.671.664;2.390.764;5.273.804;794.043;00.00;4.791.666;3.776.041;8.854.166;296.875;315.104.160.308.838;4.427.083;7.204.861;44.849.540.000.000.000;4.803.241;4.021.991;1.970.486;1.565.394;;2.256.944
220081;01/09/2018 20.01;2.402.431;49.001.740.000.000.000;5.095.486;4.361.979;6.337.962.646.484.380;7.077.834;150.897;166.522;15.617.770.000.000.000;150.897;4.556.306;5.253.193;3.663.511;13.211.079.999.999.900;4.195.926;;4.629.109;4.604.136;2.522.344;6.755.085;405.111;8.917.919.999.999.990;5.420.716;1.108.498;6.096.641;7.039.462;8.009.662;8.108.901;8.034.152;4.964.624;6.643.519;8.989.583;9.015.176;4.671.664;2.390.764;5.273.804;794.043;00.00;4.791.666;3.776.041;8.854.166;296.875;315.104.160.308.838;4.427.083;7.204.861;44.849.540.000.000.000;4.803.241;4.021.991;1.970.486;1.565.394;;2.256.944
220082;01/09/2018 20.02;2.404.398;4.891.493;5.086.805;43.619.789.123.535.200;63.113.427.734.375;7.359.012;150.463;166.522;15.697.339.999.999.900;1.511.863;44.995.129.999.999.900;5.304.999;375.327;1.323.676;4.204.266;;4.632.654;4.673.057;25.979.240.000.000.000;6.771.964;4.056.219;8.968.911;5.411.048;1109.42.00;6.100.079;7.025.864;8.014.014;8.149.498;7.993.466;513.76;7.032.407;8.937.499;9.221.554;4.758.405;2.421.626;5.251.649;7.932.233;00.00;4.661.458;3.802.083;8.645.833;296.875;3.151.042;4.427.083;6.944.444;4.398.148;4.774.306;396.412;1.906.829;1.591.435;;2.271.412
220083;01/09/2018 20.03;2.399.479;489.149.284.362.793;5.095.486;43.619.789.123.535.200;6.288.194.580.078.130;7.293.517;150.463;166.088;1.573.351;15.053.529.999.999.900;45.998.940.000.000.000;5.454.744;3.820.026;13.186.910.000.000.000;420.555;;4.651.144;4.569.862;2.495.082;6.765.403;4.065.218;8.915.553;5.427.876;1108.24.00;6.093.136;6.964.785;8.015.453;8.151.041;8.065.716;4.956.082;7.162.037;8.953.124;9.091.389.999.999.990;4.866.729;2.452.427;5.289.822;7.866.124;00.00;4.583.333;3.697.916;8.489.583;2.916.667;31.25.00;4.401.041;6.770.834;4.340.278;46.875;3.935.185;1.863.426;1.631.944;;2.259.838
220084;01/09/2018 20.04;2.404.398;489.149.284.362.793;5.095.486;43.619.789.123.535.200;6.320.601.806.640.630;7.181.778;150.897;166.088;15.653.929.999.999.900;1.508.247;46.876.090.000.000.000;54.713.680.000.000.000;3.886.752;1.321.154;4.207.456;;4.641.292;4.703.849;2.620.984;6.783.157;406.476;8.945.179;5.427.796;1.107.643;6.092.555;6.993.867;799.669;8.160.127;7.901.746;4.963.274;6.921.296;8.890.624;8.754.594;4.792.038;247.739;5.363.516;7.880.225;00.00;453.125;3.619.791;8.359.375;2.890.625;3.098.958;4.401.041;6.655.093.000.000.000;4.253.472;4.658.565;387.731.475.830.078;1.808.449;1.608.796;;2.256.944
220085;01/09/2018 20.05;2.402.431;4.891.493;5.086.805;43.619.789.123.535.200;629.398.132.324.219;6.766.718;1.511.863;1.670.284;15.740.739.999.999.900;1.508.247;4.684.024;55.430.969.999.999.900;38.647.079.999.999.900;13.199.000.000.000.000;4.218.396;;4.617.374;4.691.088;2.612.747;6.772.057;4.055.486;8.930.819;5.428.477;1.107.687;6.107.333;7.053.694;8.020.903;8.139.647;7.889.193;4.739.027;6.754.630.000.000.000;9.510.416;8.974.507;4.853.596;2.487.024;5.407.719.999.999.990;7.904.521;00.00;4.427.083;3.619.791;8.385.416;2.890.625;3.098.958;4.348.958;6.568.287;4.195.602;462.963;3.819.444;1.796.875;1.568.287;;2.262.731
220086;01/09/2018 20.06;24.004.630.000.000.000;48.871.520.000.000.000;5.086.805;43.619.789.123.535.200;6.380.787.353.515.630;7.000.884;1.511.863;1.670.284;15.697.339.999.999.900;15.053.529.999.999.900;4.715.633;56.406.040.000.000.000;3.888.491;13.244.929.999.999.900;4.196.754;;4.602.199;4.537.832;2.446.352;6.757.062;4.056.635;8.953.003;5.423.245;1.111.026;608.571;6.990.891;8.009.003;8.146.385;799.03.00;4.924.599;674.074;9.057.291;9.122.122;472.176;2.512.334;5.381.232;7.910.049;00.00;4.427.083;3.541.666;859.375;2.890.625;31.25.00;4.427.083;6.568.287;4.166.667;462.963;3.877.315;1.785.301;1.530.671;;2.268.519
220087;01/09/2018 20.07;2.406.366;4.891.493;5.095.486;43.619.789.123.535.200;636.111.083.984.375;7.087.602;150.897;1.670.284;15.617.770.000.000.000;1.508.247;4.715.866;5.551.665;38.348.729.999.999.900;13.211.110.000.000.000;42.073.699.999.999.900;;4.648.965;4.652.389;2.591.834;6.756.232;4.071.469;8.923.191;5.403.129;1.106.522;6.106.479;6.996.893;7.955.979;8.161.204;7.986.683;4.878.595;6.509.259;8.822.916;9.212.449;4.775.487;2.456.685;5.334.648;7.864.883;00.00;4.401.041;34.375;8.515.625;2.890.625;3.151.042;4.453.125;6.539.352;41.087.959.999.999.900;462.963;387.731.475.830.078;1.796.875;1.481.481;;2.262.731
220088;01/09/2018 20.08;2.399.479;489.149.284.362.793;5.086.805;43.619.789.123.535.200;630.902.770.996.094;7.081.860.999.999.990;150.463;1.670.284;15.617.770.000.000.000;1.508.247;46.824.220.000.000.000;5.560.868.000.000.000;3.899.175;13.175.429.999.999.900;4.209.969;;4.662.255;4.612.382;2.519.346;6.752.914;4.063.372;8.995.262;5.443.618;1.108.106;6.094.353;7.004.429;8.018.835;8.113.925;7.947.371;5.157.368;6.870.369.999.999.990;8.854.166;8.961.758;4.866.039;2.426.177;531.004;7.940.004;00.00;4.296.875;3.307.291;8.333.333;2.916.667;31.25.00;4.453.125;6.394.676;4.050.926;462.963;387.731.475.830.078;1.877.894;1.438.079;;2.268.519
220089;01/09/2018 20.09;2.404.398;489.149.284.362.793;5.095.486;4.361.979;629.513.854.980.469;7.205.889;150.897;1.670.284;15.697.339.999.999.900;15.053.529.999.999.900;4.795.863;5.412.331;3.947.759;1.314.891;4.213.979;;4.609.006;4.640.275;2.567.554;6.770.342;4.051.319;8.915.209;5.419.398;1.108.315;6.080.758;7.007.560.000.000.000;8.010.813;8.056.096;8.094.575;485.144;6.907.407;9.093.749;9.043.796;4.885.083;2.446.393;5.291.312;7.915.076;00.00;4.166.666;3.177.083;8.463.541;296.875;31.25.00;4.427.083;6.278.935;4.021.991;4.658.565;3.877.315;1.987.847;1.388.889;;2.277.199
220090;01/09/2018 20.10;2.404.398;489.149.284.362.793;5.086.805;4.357.639;636.111.083.984.375;7.036.678;150.463;1.656.539;15.567.129.999.999.900;1.508.247;48.248.870.000.000.000;5.329.526;3.972.701;1.308.739;4.211.154;;4.656.689;4.665.872;25.787.459.999.999.900;6.788.605;40.698.900.000.000.000;8.988.303;5.449.105;1.110.955;6.152.556;7.030.995;803.971;8.084.659;8.137.975;5.156.758;661.574;9.015.624;8.991.852;4.728.033;2.300.682;5.008.045;7.793.253;00.00;421.875;3.046.875;8.723.958;2.916.667;3.098.958;4.479.166;6.336.805;3.935.185;474.537;3.819.444;2.100.694;1.345.486;;2.288.773
220091;01/09/2018 20.11;2.399.479;4.891.493;508.680.534.362.793;4.361.979;6.275.462.646.484.380;6.740.539;15.010.129.999.999.900;166.522;15.567.129.999.999.900;15.053.529.999.999.900;4.816.349;5.290.755;3.949.031;1.315.329;4.211.737;;4.667.107;4.613.359;2.538.766;675.693;4.067.474;8.942.152;5.428.898;1.108.991;6.108.891;7.020.508;8.035.516;8.038.577;7.979.307;4.950.989;6.731.481;8.927.083;9.072.787;4.836.552;2.284.271;5.019.185;7.750.569;00.00;4.427.083;2.994.792;8.723.958;2.890.625;3.098.958;4.609.375;6.539.352;390.625;4.774.306;3.790.509;2.201.968;1.304.977;;2.314.815
220092;01/09/2018 20.12;2.406.366;48.871.520.000.000.000;508.680.534.362.793;43.619.789.123.535.200;628.472.229.003.906;6.820.865;150.463;166.522;15.653.929.999.999.900;1.511.863;4.728.135;5.253.086;3.939.048;1.312.615;4.211.583;;4.672.178;4.632.188;2.531.733;6.794.712;4.055.785;900.507;543.804;11.094.660.000.000.000;6.126.474;7.041.515;8.050.024;8.044.993;7.998.188;493.809;7.046.296;8.671.874;8.917.717;487.712;2.291.274;5.121.219;7.743.981;00.00;453.125;2.916.667;84.375;296.875;3.046.875;46.875;6.712.963;3.877.315;4.774.306;3.790.509;228.588;1.331.019;;2.346.644
220093;01/09/2018 20.13;2.399.479;48.871.524.810.790.900;508.680.534.362.793;4.361.979;627.662.048.339.844;6.642.838;1.511.863;1.670.284;15.567.129.999.999.900;15.010.129.999.999.900;4.658.527;5.222.323;3.885.686;1.317.375;4.193.703;;4.647.862;4.623.344;2.533.876;6.774.623;4.059.965;8.951.185;5.431.858;1108.24.00;6.118.947;7.033.615;8.008.467;8.028.607;8.124.714;4.946.941;6.824.074;8.437.499;8.714.972;4.868.247;2.347.153;5.046.132;769.576;00.00;4.557.291;2.890.625;8.046.875;2.994.792;30.208.332.061.767.600;4.583.333;6.799.769;3.877.315;46.875;3.761.574;2.364.005;1.400.463;;2.364.005
220094;01/09/2018 20.14;2.406.366;48.871.524.810.790.900;508.680.534.362.793;4.357.639;634.837.951.660.156;6.478.259;151.548;1.670.284;15.617.770.000.000.000;1.511.863;46.000.209.999.999.900;5.260.859;3.920.734;1.316.785;4.202.428;;4.642.342;4.676.682;2.591.066;6.767.999;4.061.338;8.885.125;5.424.607;1.111.747;6.087.567;7.053.908;8.017.794;7.991.255;7.985.895;5.072.291;6.694.445;8.723.958;9.076.408;4.762.478;2.363.834;5.087.263;7.739.545;00.00;4.661.458;3.046.875;765.625;296.875;2.994.792;4.453.125;6.712.963;3.877.315;4.658.565;3.761.574;2.427.662;1.417.824;;2.387.153
220095;01/09/2018 20.15;2.404.398;48.871.524.810.790.900;5.086.805;43.576.385.498.046.800;6.285.880.000.000.000;6.403.147;15.010.129.999.999.900;1.656.539;15.653.929.999.999.900;15.053.529.999.999.900;44.627.629.999.999.900;5.187.979;3.912.126;1.309.193;4.209.082;;4.618.073;4.557.076;2.479.619;6.763.794;4.050.528;8.994.351;542.576;1107.78;6.113.888;7.013.149;8.044.899;7.961.623;8.106.636;5.083.681;7.064.814;8.807.291;9.055.533;4.887.999;2.411.981;5.209.847;7.743.239;00.00;4.713.541;3.229.166;7.447.916;2.916.667;30.208.332.061.767.600;4.296.875;6.481.481;390.625;4.658.565;3.790.509;2.476.852;140.625;;2.407.407
220096;01/09/2018 20.16;24.004.630.000.000.000;48.871.524.810.790.900;5.082.465;43.576.385.498.046.800;6.310.185.546.875;6.552.233.000.000.000;150.897;166.522;15.617.770.000.000.000;15.010.129.999.999.900;44.599.540.000.000.000;5.130.089;4.020.086;13.189.020.000.000.000;4.210.861;;4.651.979;4.590.073;25.259.099.999.999.900;6.757.904;4.063.691;8.923.614;542.601;1.107.519;609.751;7.026.434;8.017.372;7.929.995;7.988.655;5.343.603;6.777.778;9.057.291;9.110.579;4.710.774;2.472.998;540.985;7.878.017;00.00;46.875;3.255.208;71.875;296.875;3.046.875;421.875;6.134.259;3.935.185;4.774.306;3.819.444;2.523.148;1.391.782;;2.427.662
220097;01/09/2018 20.17;24.004.630.000.000.000;48.871.520.000.000.000;50.824.649.810.790.900;43.576.385.498.046.800;6.310.185.546.875;6.552.233.000.000.000;150.897;166.522;15.617.770.000.000.000;15.010.129.999.999.900;44.599.540.000.000.000;5.130.089;4.020.086;13.189.020.000.000.000;4.199.714;;4.640.694;4.631.414;2.544.436;6.776.785;4.063.009;8.995.854;544.263;1.109.816;6.115.903;7.049.747;8.031.503;7.911.252;8.073.448;4.993.271;6.810.185;9.062.499;8.892.272;4.714.857;2.468.436;5.373.464;7.829.886;00.00;46.875;3.255.208;71.875;296.875;3.046.875;421.875;6.134.259;3.935.185;4.774.306;381.944.427.490.234;2.523.148;1.391.782;;2.427.662
220098;01/09/2018 20.18;2.399.479;4.869.791;50.824.649.810.790.900;43.576.385.498.046.800;635.879.638.671.875;6.274.449;150.897;166.088;1.577.691;1.511.863;4.463.191;5.001.474;4.078.537;1.316.865;4.186.931;;4.620.469;4.637.726;25.482.869.999.999.900;6.772.678;4.060.942;8.934.691;5.432.205;1.106.816;6.091.322;698.534;7.976.782;7.876.037;7.993.748;5.069.745;7.217.593;9.041.666;9.024.973;4.661.553;2.443.517;5.338.729;7.912.639;00.00;4.583.333;3.255.208;703.125;2.916.667;3.020.833;4.036.458;546.875;4.079.861;5.179.398;381.944.427.490.234;2.505.787;1.391.782;;2.471.065
220099;01/09/2018 20.19;2.404.398;48.871.520.000.000.000;50.824.649.810.790.900;43.576.385.498.046.800;6.350.694.580.078.130;62.836.969.999.999.900;15.010.129.999.999.900;1.670.284;15.653.929.999.999.900;1.511.863;4.473.042;4.907.636;4.113.026;13.215.929.999.999.900;4.217.347;;4.662.287;4.702.892;26.193.400.000.000.000;6.786.671;4.064.807;8.965.664;5.441.505;1.109.803;6.120.767;7.032.319;8.024.736;7.868.405;8.076.729;4.995.435;7.203.704;8.932.291;8.970.869;4.758.447;2.470.733;5.384.161;7.999.376;00.00;453.125;328.125;7.005.208;2.890.625;30.208.332.061.767.600;4.010.416;5.179.398;41.087.959.999.999.900;52.662.040.000.000.000;3.819.444;2.471.065;1.429.398;;2.502.894
220100;01/09/2018 20.20;2.406.366;48.871.524.810.790.900;50.824.649.810.790.900;43.576.385.498.046.800;628.125;636.752;15.010.129.999.999.900;166.522;1.576.968;1.512.587;4.595.495;48.369.240.000.000.000;4.081.973;132.823;4.207.695;;4.638.263;4.669.991;260.019;6.788.193;4.084.474;893.65;5.439.586;1.108.958;6.130.827;698.546;8.009.617;7.825.922;8.081.165;4.991.846;6.967.593;9.197.916;8.827.888;469.602;2.478.895;5.454.136;7.953.335;00.00;453.125;3.385.416;6.796.875;2.864.583;30.208.332.061.767.600;4.010.416;49.189.820.000.000.000;4.166.667;5.324.074;3.790.509;2.488.426;1.467.014;;2.523.148
220101;01/09/2018 20.21;2.399.479;48.871.524.810.790.900;50.824.649.810.790.900;43.576.385.498.046.800;6.276.619.873.046.880;649.377;1.511.863;1.670.284;1.577.691;15.053.529.999.999.900;4.517.068;48.185.520.000.000.000;3.902.981;1.331.969;4.207.719;;4.669.747;4.679.901;2.587.958;6.770.344;4.060.528;8.966.592;5.425.132;1.108.244;6.087.749;6.983.259;7.987.548;782.877;8.010.973;5.080.432;6.953.704;9.328.124;925.295;4.906.814;2.438.567;5.378.372;7.899.194;00.00;453.125;34.375;6.666.666;2.890.625;30.208.332.061.767.600;390.625;474.537;4.195.602;52.662.040.000.000.000;379.050.941.467.285;2.537.616;1.481.481;;255.787
220102;01/09/2018 20.22;2.406.366;48.871.524.810.790.900;50.824.649.810.790.900;43.576.385.498.046.800;623.726.806.640.625;6.569.006;1.511.863;166.522;1.553.096;15.053.529.999.999.900;44.281.000.000.000.000;47.885.259.999.999.900;380.084;1.324.293;4.196.159;;463.842;4.628.544;2.540.387;6.784.421;4.047.373;8.920.798;5.412.189;1.110.653;6.098.823;7.008.628;8.007.122;7.812.866;7.899.116;4.833.337;6.870.369.999.999.990;9.562.499;8.953.257;4.737.778;2.437.716;5.369.565;799.112;00.00;4.557.291;34.375;6.484.375;2.890.625;30.208.332.061.767.600;3.880.208;4.600.694;4.253.472;52.372.679.999.999.900;379.050.941.467.285;2.609.954;1.472.801;;2.581.018
220103;01/09/2018 20.23;2.399.479;48.871.520.000.000.000;5.082.465;43.576.385.498.046.800;6.364.583.740.234.380;6.541.667;151.548;1.656.539;15.617.770.000.000.000;1.508.247;4.594.417;474.977;3.703.764;13.264.870.000.000.000;4.205.965;;4.645.034;4.656.362;259.253;6.769.067;4.063.304;8.926.656;5.414.509;1.109.947;611.024;7.000.175;8.018.285;7.799.612;7.967.137;479.327;6.962.963;9.385.416;9.051.274;4.863.837;244.745;5.299.209;8.038.822;00.00;4.557.291;3.411.458;62.239.580.000.000.000;2.916.667;3.020.833;3.802.083;4.513.889;4.340.278;5.179.398;379.050.941.467.285;2.653.356;1.435.185;;2.604.167
220104;01/09/2018 20.24;2.402.431;4.882.813;5.078.125;43.576.385.498.046.800;6.346.064.453.125;6.570.343.000.000.000;151.548;166.522;15.653.929.999.999.900;1.511.863;4.604.715;47.561.820.000.000.000;3.575.418;13.249.939.999.999.900;4.206.237;;4.642.488;4.563.237;2.468.521;6.780.505;4.049.832;8.961.158;5.425.247;1109.63;6.127.877;6.952.222;7.994.561;780.04.00;7.933.475;4.981.222;6.861.111;9.510.416;9.285.757;4.788.008;2.390.206;5.242.257;7.972.429;00.00;453.125;328.125;59.114.580.000.000.000;2.916.667;2.994.792;37.05.00;4.542.824;4.369.213;5.092.593;379.050.941.467.285;2.679.398;1.414.931;;2.630.208
220105;01/09/2018 20.25;2.406.366;48.828.125;5.078.125;43.576.385.498.046.800;623.148.132.324.219;6.797.381.999.999.990;1.511.863;1.670.284;1.573.351;1.511.863;4.665.814;4.820.802;359.712;1.325.847;4.201.165;;4.647.313;4.589.895;2.506.776;6.756.838;4.054.603;8.930.172;5.410.218;1.107.221;6.108.511;6.998.727;7.997.034;7.778.274;7.830.312;5.139.042;6.861.111;9.374.999;9.163.564;5.014.553;2.427.833;5.320.568;7.918.062;00.00;4.557.291;3.177.083;5.494.791;2.916.667;299.479.160.308.838;3.697.916;4.600.694;44.849.540.000.000.000;5.063.657;3.790.509;2.682.292;1.374.421;;2.644.676
220106;01/09/2018 20.26;24.004.630.000.000.000;48.828.125;5.082.465;43.576.385.498.046.800;629.513.916.015.625;6.863.707;1.511.863;166.522;15.653.929.999.999.900;1.511.863;4.751.334;4.856.603;3.555.259;1.327.705;4.214.098;;4.682.851;4.584.609;25.004.169.999.999.900;6.741.694;4.052.749;8.958.779;5.426.017;1.108.471;6.091.682;6.977.952;7.994.968;7.790.321;8.091.310.000.000.000;4.912.323;6.814.814;9.098.958;9.119.615;4.836.203;2.497.139;5.349.903;8.064.192;0.0002703525;4.791.666;3.046.875;5.182.291;2.994.792;299.479.160.308.838;3.645.833;4.600.694;46.875;5.063.657;3.819.444;2.719.908;1.336.806;;264.757
220107;01/09/2018 20.27;2.406.366;48.828.125;5.082.465;43.576.385.498.046.800;637.05.00;6.782.457;150.897;1.670.284;1.576.968;1.511.863;4.800.274;4.848.961;3.585.539;13.258.679.999.999.900;4.189.512;;4.604.899;4.663.548;2.588.925;6.763.641;4.063.458;8.947.672;5.414.349;1.108.135;6.080.778;7.020.967;8.001.588;7.762.531;8.074.731;5.116.732;6.722.222;9.218.749;8.838.395;4.913.862;2.489.077;5.407.827;7.962.588;00.00;50.00.00;2.994.792;4.973.958;3.046.875;299.479.160.308.838;3.567.708;4.600.694;5.034.722;5.063.657;387.731.475.830.078;2.748.842;1.293.403;;2.644.676
220108;01/09/2018 20.28;2.399.479;4.882.813;5.078.125;43.576.385.498.046.800;635.879.638.671.875;6.618.079;151.548;1.670.284;15.653.929.999.999.900;1.508.247;4.813.743;4.844.529;3.572.378;1.319.154;4.196.956;;4.620.385;4.689.958;26.197.470.000.000.000;6.772.639.999.999.990;4.054.741;8.983.414;5.425.088;11.075.910.000.000.000;6.103.421;7.023.475;801.942;7.765.072;7.845.708;4.924.352;687.05.00;9.406.249;9.080.584;4.966.721;243.063;5.379.161;791.977;00.00;5.130.208;296.875;5.130.208;3.151.042;299.479.160.308.838;3.541.666;4.542.824;52.372.679.999.999.900;4.976.852;3.935.185;280.382;1.244.213;;2.633.102
220109;01/09/2018 20.29;2.404.398;4.878.472;5.082.465;4.357.639;6.225.694.580.078.130;6.675.099;150.463;1.670.284;1.576.968;15.010.129.999.999.900;4.643.315;4.802.064;3.564.017;1.323.066;4.193.995;;4.610.371;4.630.469;253.916;6.769.207;4.062.042;8.897.697;5.426.105;1.107.943;6.098.514;6.987.676;7.990.255;776.176;7.964.122;4.776.649;6.768.519;9.041.666;9.276.360.000.000.000;4.895.176;2.415.017;5.228.171;7.859.272;00.00;5.130.208;2.890.625;55.208.330.000.000.000;3.177.083;2.994.792;3.541.666;44.560.179.999.999.900;5.208.333;48.900.459.999.999.900;4.050.926;2.925.347;120.081;;2.609.954
220110;01/09/2018 20.30;2.404.398;487.847.213.745.117;5.078.125;43.576.385.498.046.800;6.432.869.999.999.990;6.532.155;151.548;1.670.284;15.820.310.000.000.000;1.511.863;45.34.00;4.757.135;350.366;132.548;4.197.291;;4.653.212;4.620.038;2.519.438;6.755.747;4.063.074;8.928.688;5.431.169;1.108.367;6.091.971;7.014.458;7.986.912;778.487;8.022.988;5.063.081;6.717.593;9.239.583;9.223.571;5.061.887;2.413.841;517.246;7.835.742;00.00;5.078.125;2.890.625;5.963.541;3.151.042;296.875;3.567.708;4.369.213;5.121.528;4.774.306;41.087.959.999.999.900;2.980.324;1.171.875;;2.586.805
220111;01/09/2018 20.31;2.396.528;4.878.472;5.082.465;43.576.385.498.046.800;629.976.806.640.625;638.083;150.463;166.522;15.617.770.000.000.000;15.053.529.999.999.900;4.502.747;4.726.786;3.544.789;13.277.379.999.999.900;4.208.679;;4.620.277;4.642.955;2.583.512;6.779.994;4.074.026;8.911.144;5.407.673;1.106.295;6.138.588;7.023.019;8.015.967;7.791.532;7.943.274;5.106.685;6.699.074;9.562.499;9.094.087;4.996.499;2.440.379;5.171.881;7.837.646;00.00;4.973.958;2.838.542;63.802.080.000.000.000;31.25.00;296.874.980.926.514;3.671.875;4.311.343;5.063.657;46.875;4.195.602;296.875;1.145.833;;255.787
220112;01/09/2018 20.32;2.410.301;48.654.509.999.999.900;5.078.125;43.576.385.498.046.800;6.350.694.580.078.130;63.171.240.000.000.000;1.511.863;1.670.284;15.617.770.000.000.000;1.506.076;4.491.046;4.762.619;35.038.059.999.999.900;1.324.819;4.187.536;;46.060.400.000.000.000;4.658.724;259.523;6.769.523;4.077.941;8.951.415;5.410.427;1.110.104;6.122.119;7.008.739;7.998.906;7.835.853;7.940.054;4.901.148;6.847.222;9.140.624;8.845.302;4.980.172;2.521.644;5.282.296;7.768.257;00.00;484.375;2.786.458;6.510.416;31.25.00;296.875;3.776.041;4.224.537;4.976.852;46.875;4.166.667;2.971.643;1.145.833;;2.531.829
220113;01/09/2018 20.33;24.004.630.000.000.000;4.878.472;50.781.246.185.302.700;43.576.385.498.046.800;633.101.806.640.625;6.093.509;15.010.129.999.999.900;1.670.284;1.573.351;1.512.587;452.964;4.698.126;3.504.522;1.325.235;4.203.593;;4.654.432;4.671.927;259.114;6.759.453;4.042.732;8.926.422;5.418.619;1.106.432;6.084.382;7.011.744;801.165;7.845.891;8.054.252;4.954.489;6.884.259;8.619.791;8.974.921;4.917.167;2.564.453;545.569;7.876.012;00.00;46.875;2.734.375;6.640.625;3.046.875;2.916.667;3.776.041;4.166.667;5.179.398;4.803.241;41.087.959.999.999.900;3.029.514;1.140.046;;2.517.361
220114;01/09/2018 20.34;2.404.398;4.878.472;50.781.246.185.302.700;43.576.385.498.046.800;6.290.509.033.203.130;6.240.973;15.198.210.000.000.000;1.670.284;15.653.929.999.999.900;15.053.529.999.999.900;4.475.885;46.829.159.999.999.900;35.053.329.999.999.900;1.324.414;4.206.601;;4.640.138;4.630.202;25.381;6.772.142;406.334;8.935.158;5.419.728;1.109.646;6.098.367;701.438;8.010.032;7.905.298;8.034.809;5.126.951;6.717.593;8.755.208;9.119.296;4.962.358;2.605.416;5.553.224;7.915.729;00.00;4.661.458;2.708.333;7.083.333;3.020.833;291.666.660.308.838;3.802.083;4.079.861;5.381.944;48.900.459.999.999.900;4.079.861;3.093.171;1.163.194;;2.505.787
220115;01/09/2018 20.35;240.735;4.869.791;5.078.125;43.576.385.498.046.800;63.761.572.265.625;61.062.090.000.000.000;150.897;1.678.964;1.581.308;15.053.529.999.999.900;4.563.218;47.235.040.000.000.000;3.528.386;1.320.744;4.210.049;;4.626.548;4.632.662;25.592.189.999.999.900;6.763.182;4.056.158;8.949.517;5.414.489;1.110.012;6.084.839;6.987.280.000.000.000;8.006.714;7.939.695;8.041.674;4.959.569;6.861.111;9.161.458;8.778.615;4.917.092;2.596.574;5.526.843;7.842.924;00.00;4.817.708;2.708.333;7.447.916;3.020.833;291.666.660.308.838;390.625;4.050.926;5.613.426;5.034.722;40.798.610.687.255.800;3.197.338;1.203.704;;2.485.532
220116;01/09/2018 20.36;2.392.593;48.697.914.123.535.200;5.082.465;43.576.385.498.046.800;6.354.166.259.765.630;5.974.214;151.548;1.670.284;15.653.929.999.999.900;1.508.247;4.661.206;4.753.759;35.404.790.000.000.000;1.323.843;41.957.800.000.000.000;;4.634.507;4.633.125;2.549.339;6.765.776;4.062.121;8.908.739;5.412.252;1.106.507;6.086.649;6.969.789;7.967.028;7.970.439;8.164.965;4.968.665;7.037.037;9.374.999;9.053.580.000.000.000;4.744.086;2.586.122;5.640.432;7.937.418;00.00;4.947.916;2.734.375;7.838.541;3.020.833;291.666.660.308.838;4.010.416;4.050.926;56.712.959.999.999.900;5.208.333;40.798.610.687.255.800;3.402.778;1.218.171;;2.465.278
220117;01/09/2018 20.37;240.735;48.697.914.123.535.200;5.082.465;43.576.385.498.046.800;6.334.490.966.796.880;5.878.396;1.511.863;166.088;1.573.351;1.508.247;4.763.097;47.528.690.000.000.000;3.576.723;13.227.529.999.999.900;4.217.233;;4.639.966;4.621.557;2.515.414;6.778.846;4.067.122;8.940.266;5.411.086;1.110.135;6.091.141;6.991.844;8.037.466;8.026.723;7.956.639;4.953.381;6.870.369.999.999.990;8.692.708;8.996.569;4.884.113;2.635.879;576.873;7.990.293;00.00;4.973.958;2.734.375;7.994.791;3.046.875;291.666.660.308.838;4.140.625;4.079.861;5.613.426;5.353.009;4.079.861;3.631.366;1.218.171;;245.081
220118;01/09/2018 20.38;2.399.479;48.697.914.123.535.200;5.078.125;43.576.385.498.046.800;625.00.00;57.826.080.000.000.000;150.897;166.522;15.653.929.999.999.900;15.053.529.999.999.900;4.792.109;480.668;366.015;1.316.479;4.217.174;;4.659.352;4.536.208;2.444.426;6.759.996;4.066.147;9.029.682;5.416.717;1.108.887;6.126.058;7.034.226;8.002.047;8.095.727;7.859.769;480.35.00;6.578.704;8.796.874;8.997.053;4.824.838;2.607.463;5.641.656;8.255.966;00.00;4.947.916;2.760.417;7.838.541;3.098.958;2.916.667;4.192.708;4.195.602;552.662;541.088;41.087.959.999.999.900;3.819.445;1.226.852;;2.436.343
220119;01/09/2018 20.39;2.404.398;48.697.914.123.535.200;5.073.785;43.576.385.498.046.800;632.523.132.324.219;5.970.242;151.548;166.522;1.570.457;1.508.247;4.844.605;48.891.459.999.999.900;3.727.816;13.233.929.999.999.900;4.186.653;;4.595.782;4.599.732;25.248.720.000.000.000;674.94;4.051.263;8.922.410.000.000.000;5.439.455;1110.84;6.065.573;6.955.168;7.971.134;8.155.995;7.993.338;5.142.986;6.523.148;8.703.124;8.995.969;4.757.956;2.590.932;5.697.238;8.264.808;00.00;4.921.875;2.760.417;7.421.875;3.046.875;296.875;4.166.666;4.311.343;552.662;546.875;4.166.667;3.926.505;1.212.384;;2.416.088
220120;01/09/2018 20.40;2.406.366;48.697.914.123.535.200;5.078.125;43.576.385.498.046.800;626.388.916.015.625;5.917.994;1.511.863;1.656.539;1.576.968;1.516.204;4.918.908;49.372;37.327.890.000.000.000;1.324.319;4.209.453;;4.629.963;4.577.029;2.487.812;6.771.246;4.055.236;8.918.285;543.789;1.111.484;6.108.408;704.959;8.035.608;8.214.632;8.159.672;5.067.502;6.699.074;8.364.583;8.845.507;4.726.583;256.281;5.507.596;8.120.455;00.00;4.921.875;2.786.458;6.927.083;3.098.958;2.994.792;4.088.541;4.369.213;5.642.361;552.662;4.166.667;384.838;1.189.236;;240.162
220121;01/09/2018 20.41;24.004.630.000.000.000;4.869.791;5.073.785;4.357.639;6.341.435.546.875;5.980.919;1.511.863;166.522;15.617.770.000.000.000;1.508.247;4.801.765;4.929.995;3.702.985;1.320.686;4.209.966;;4.624.006;4.626.119;2.534.275;6.773.574;4.052.423;8.950.754;5.433.828;1.111.203;6.116.057;7.033.563;8.008.348;8.261.734;8.062.291;4.807.231;6.962.963;8.796.874;9.017.330.000.000.000;4.648.227;255.952;5.517.371;8.014.164;00.00;4.973.958;2.890.625;68.75;31.25.00;3.020.833;4.010.416;4.369.213;62.05.00;552.662;4.079.861;3.718.171;1.140.046;;2.398.727
220122;01/09/2018 20.42;24.093.169.999.999.900;48.654.509.999.999.900;5.078.125;4.348.958;632.407.409.667.969;6.126.622;15.198.210.000.000.000;1.670.284;15.697.339.999.999.900;1.508.247;48.410.270.000.000.000;5.030.396;36.726.890.000.000.000;1.316.506;421.381;;4.627.795;4.716.935;2.627.321;6.755.819;4.067.481;8.931.091;5.408.793;1.108.365;6.102.539;700.666;7.975.676;8.322.302;8.051.367;5.167.021;6.837.963;8.593.749;8.505.751;4.782.503;2.530.587;5.416.266;8.004.285;00.00;4.947.916;2.916.667;7.161.458;31.25.00;30.208.332.061.767.600;3.958.333;4.311.343;6.684.028;5.642.361;4.050.926;3.599.537;1.087.963;;239.294
220123;01/09/2018 20.43;24.004.630.000.000.000;48.654.510.498.046.800;5.082.465;434.895.820.617.676;6.283.564.453.125;5.948.891.999.999.990;15.010.129.999.999.900;166.522;15.697.339.999.999.900;1.511.863;5.007.609;50.947.759.999.999.900;3.747.135;1.322.885;4.218.764;;4.637.825;4.735.529;2.647.952;6.722.105;4.055.243;893.041;5.409.142;1.107.682;6.104.726;7.016.484;7.960.785;8.379.606;8.039.145;5.057.501;6.944.445;9.197.916;9.132.472;4.924.727;255.627;5.369.332;8.032.396;00.00;4.869.791;2.890.625;7.421.875;31.25.00;3.020.833;40.625;4.224.537;6.626.156.999.999.990;5.815.971.999.999.990;4.050.926;3.518.518;1.032.986;;2.398.727
220124;01/09/2018 20.44;2.402.431;48.654.510.498.046.800;5.078.125;434.895.820.617.676;637.05.00;60.284.380.000.000.000;150.897;166.522;15.617.770.000.000.000;15.053.529.999.999.900;4.918.187;5.089.032;3.740.786;132.065;4.199.737;;4.610.294;466.941;2.591.455;6.761.902;4.064.759;896.768;5.404.611;1.109.076;6.086.832;6.957.632;7.944.572;8.428.431;7.962.554;4.791.112;6.791.666;8.828.124;8.859.044;4.648.283;255.748;5.290.336;8.024.642;00.00;4.791.666;2.864.583;7.578.125;3.098.958;2.994.792;4.166.666;4.195.602;6.510.416;59.317.130.000.000.000;4.021.991;3.506.945;1.004.051;;2.407.407
220125;01/09/2018 20.45;2.406.366;48.654.510.498.046.800;50.781.246.185.302.700;434.895.820.617.676;6.217.593;5.975.895;15.198.210.000.000.000;1.670.284;15.653.929.999.999.900;1.508.247;4.986.607;51.251.290.000.000.000;37.272.940.000.000.000;1.317.397;4.189.239;;4.639.771;4.681.717;2.601.687;6.793.566;4.051.428;8.952.003;5.433.273;1.111.818;6.110.506;7.022.442;8.023.774;8.417.042;799.444;4.930.524;661.574;9.088.541;9.187.352;4.726.364;2.581.328;5.405.557;8.085.388;00.00;46.875;2.838.542;8.046.875;3.098.958;3.020.833;4.192.708;41.087.959.999.999.900;6.423.611;59.606.480.000.000.000;3.935.185;3.469.329;9.895.834;;240.162
220126;01/09/2018 20.46;23.955.439.999.999.900;48.654.510.498.046.800;50.781.246.185.302.700;434.895.820.617.676;642.361.083.984.375;5.925.175;1.511.863;166.088;15.617.770.000.000.000;15.169.270.000.000.000;49.172.909.999.999.900;52.282.790.000.000.000;37.452.709.999.999.900;13.190.570.000.000.000;4.192.853;;4.667.961;4.656.221;2.577.892;6.784.378;4.078.019;8.959.053;5.448.405;11.097.160.000.000.000;6.097.538;7.027.582;8.093.426;8.447.191;8.101.285;4.930.967;6.921.296;8.989.583;9.111.223;4.751.833;2.527.804;5.440.792;8.070.433;00.00;4.661.458;2.786.458;84.375;3.046.875;2.994.792;4.348.958;4.369.213;6.278.935;59.895.830.000.000.000;390.625;3.431.713;9.953.703;;2.390.046
220127;01/09/2018 20.47;2.406.366;48.654.510.498.046.800;50.781.246.185.302.700;434.895.820.617.676;634.837.951.660.156;5.921.216.999.999.990;1.511.863;166.522;15.653.929.999.999.900;1.511.863;53.009.269.999.999.900;5.394.621;3.719.298;13.134.670.000.000.000;4.216.873;;4.613.979;46.236.400.000.000.000;2.541.465;6.773.455;4.059.789;8.945.926;5.436.381;1.109.944;6.122.848;7.033.925;7.991.217;8.475.549;8.096.751;5.243.798;6.666.666;8.442.708;904.23.00;4.832.401;2.555.899;5.459.478;8.054.954;00.00;4.557.291;2.786.458;8.723.958;3.046.875;2.994.792;4.479.166;4.600.694;6.278.935;6.278.935;3.877.315;3.463.542;1.012.731;;2.378.472
220128;01/09/2018 20.48;24.004.630.000.000.000;48.654.510.498.046.800;5.078.125;434.895.820.617.676;623.495.361.328.125;6.111.433;15.198.210.000.000.000;1.666.667;15.697.339.999.999.900;1.508.247;53.746.959.999.999.900;5.664.689;3.747.007;1.317.387;4.204.773;;4.629.792;4.626.998;2.529.127;6.779.327;406.079;8.970.316;5.441.591;1113.06.00;6.103.609;6.990.157;8.018.411;8.482.236;7.826.682;4.854.366;6.546.296;8.802.083;9.010.012;4.801.271;2.539.771;5.399.147;8.004.666;00.00;4.453.125;2.760.417;8.828.125;3.020.833;3.020.833;4.661.458;4.600.694;6.221.065;697.338;3.877.315;3.521.412;1.032.986;;2.364.005
220129;01/09/2018 20.49;2.399.479;48.654.510.498.046.800;5.073.785;434.895.820.617.676;626.388.916.015.625;63.016.130.000.000.000;150.463;1.670.284;15.617.770.000.000.000;15.010.129.999.999.900;5.130.803;5.851.866.999.999.990;384.902;13.204.120.000.000.000;4.225.198;;4.644.299;4.667.787;2.593.468;6.757.774;4.061.483;8.912.164;5.436.984;1107.48.00;6.088.917;6.991.947;8.026.856;8.459.293;8.071.566;4.924.263;7.037.037;8.968.749;9.070.588;4.713.368;251.173;5.384.065;8.030.828;00.00;4.479.166;2.760.417;8.723.958;2.994.792;30.208.332.061.767.600;4.817.708;44.849.540.000.000.000;60.474.540.000.000.000;8.159.722;390.625;3.559.028;1.053.241;;2.355.324
220130;01/09/2018 20.50;2.406.366;48.654.509.999.999.900;507.378.463.745.117;4.348.958;6.381.944.580.078.130;63.639.430.000.000.000;151.548;1.670.284;15.697.339.999.999.900;15.053.529.999.999.900;505.504;5.923.754;3.874.477;13.153.189.999.999.900;4.216.731;;4.647.963;4.691.302;2.607.799;677.997;4.058.051;8.905.455;5.439.659;1.110.953;6.104.688;7.017.489;799.67;8.417.244;8.035.793;5.175.082;6.805.555;9.005.208;9.024.067;4.830.019;2.494.169;5.365.707;7.998.234;00.00;4.427.083;2.734.375;84.375;2.994.792;30.208.332.061.767.600;50.00.00;4.369.213;59.606.480.000.000.000;943.287;3.877.315;36.024.300.000.000.000;1.105.324;;2.358.218
220131;01/09/2018 20.51;23.955.439.999.999.900;4.861.111;5.073.785;4.344.618;631.712.951.660.156;63.402.280.000.000.000;1.511.863;166.088;15.653.929.999.999.900;15.053.529.999.999.900;4.994.177;594.446;39.291.470.000.000.000;131.467;4.164.228;;4.635.879;464.855;2.582.113;6.787.593;4.063.549;8.963.862;5.446.622;11.092.939.999.999.900;612.34.00;7.052.180.000.000.000;8.019.417;8.363.739.999.999.990;8.040.328;4.953.245;6.902.778;8.880.208;9.186.549;47.338.599.999.999.900;2.485.045;5.253.921;8.029.359;00.00;4.296.875;2.760.417;8.177.083;2.994.792;30.208.332.061.767.600;4.973.958;4.311.343;6.076.389;1.070.602;390.625;3.666.088;1.157.407;;2.372.685
220132;01/09/2018 20.52;2.404.398;48.611.110.687.255.800;5.078.125;434.461.784.362.793;630.902.770.996.094;63.298.790.000.000.000;151.548;1.670.284;1.584.925;15.053.529.999.999.900;4.920.378;59.016.890.000.000.000;398.665;13.137.329.999.999.900;419.25.00;;4.647.028;469.527;26.196.759.999.999.900;6.782.808;4.064.569;8.980.567;5.413.628;1.108.833;6.129.348;7.027.609;8.023.351;8.271.683;7.870.123;5.020.735;7.018.519;9.114.583;904.096;4.863.299;2.466.526;5.194.327;7.964.271;00.00;4.166.666;2.786.458;7.864.583;296.875;30.208.332.061.767.600;4.921.875;4.600.694;62.05.00;1.206.597;390.625;3.709.491;1.186.343;;2.390.046
220133;01/09/2018 20.53;2.402.431;48.611.110.687.255.800;5.073.785;434.461.784.362.793;629.861.083.984.375;6.082.936;150.463;166.522;15.740.739.999.999.900;15.053.529.999.999.900;4.816.831;58.883.869.999.999.900;4.083.031;1.311.851;4.206.809;;463.661;4.652.043;2.559.589;6.771.163;4.060.635;8.960.116;5.434.122;1111.29.00;6.122.684;7.037.603;8.030.685;8.169.728;7.971.631;4.870.284;6.916.666;9.067.708;9.089.122;4.733.647;2.497.526;5.275.009;7.963.022;00.00;4.036.458;2.760.417;7.526.041;2.890.625;30.208.332.061.767.600;484.375;49.189.820.000.000.000;6.799.769;1.284.722;390.625;3.706.597;1.189.236;;2.416.088
220134;01/09/2018 20.54;2.399.479;48.611.110.687.255.800;5.078.125;434.461.784.362.793;6.398.148.193.359.380;6.174.661.999.999.990;1.511.863;166.522;15.617.770.000.000.000;15.053.529.999.999.900;4.690.892;5.846.889;4.123.133;13.100.810.000.000.000;4.219.466;;4.622.604;4.620.485;25.400.009.999.999.900;6.754.329;4.060.453;8.942.489.999.999.990;5.434.592;1108.27.00;6.095.115;7.032.242;7.992.252;8.063.941;8.029.691;5.131.692;6.925.926;9.276.041;8.876.208;4.762.684;2.492.301;5.248.290.000.000.000;795.05.00;00.00;3.958.333;2.760.417;71.875;2.864.583;30.208.332.061.767.600;4.791.666;4.976.852;8.420.139;1.316.551;390.625;3.608.217;1.171.875;;2.430.556
220135;01/09/2018 20.55;2.406.366;48.611.110.687.255.800;5.073.785;4.344.618;638.657.409.667.969;6.344.399;1.511.863;1.675.347;15.697.339.999.999.900;1.508.247;4.723.458;56.953.959.999.999.900;41.040.440.000.000.000;131.423;4.220.656;;464.691;4.569.444;2.473.451;6.745.467;4.054.471;8.952.025;5.420.648;11.073.310.000.000.000;6.075.895;6.959.821;7.980.915;7.936.385;8.126.961;5.075.113;6.976.852;9.114.583;9.117.964;4.825.814;2.517.506;5.314.431;7.942.773;00.00;3.932.291;2.786.458;6.901.041;2.864.583;30.208.332.061.767.600;46.875;49.189.820.000.000.000;1.030.093;1.336.806;3.877.315;35.445.599.999.999.900;114.294;;2.436.343
220136;01/09/2018 20.56;2.399.479;48.611.110.687.255.800;507.378.463.745.117;43.402.770.000.000.000;634.722.229.003.906;6.296.914;1.511.863;166.522;1.573.351;1.508.247;47.090.140.000.000.000;55.815.569.999.999.900;4.124.501;1.315.693;4.217.552;;4.623.163;4.592.726;2.500.867;6.769.089;4.062.782;8.954.639.999.999.990;5.427.312;1.109.514;6.117.365;697.573;8.010.844;7.797.122;8.042.302;5.038.122;6.805.555;9.385.416;9.056.124;4.731.637;2.488.104;5.292.072;7.895.242;00.00;3.932.291;2.786.458;6.640.625;2.864.583;3.020.833;4.609.375;4.774.306;1.232.639;1.359.954;3.819.444;3.547.454;1.105.324;;2.465.278
220137;01/09/2018 20.57;2.404.398;48.611.110.687.255.800;5.073.785;43.402.774.810.790.900;634.027.770.996.094;6.262.081;1.511.863;166.088;15.567.129.999.999.900;1.507.523;467.557;5.471.066;40.016.329.999.999.900;131.785;4.218.824;;4.649.396;4.641.858;2.566.872;6.745.012;4.064.785;9.003.406;5.429.907;1.110.192;610.76;6.985.244;8.019.222;7.638.002;7.958.339;5.014.702;6.824.074;8.937.499;8.828.813;4.712.381;2.427.232;5.186.412;7.813.126;00.00;3.958.333;2.838.542;6.432.291;2.864.583;3.046.875;4.557.291;474.537;1.345.486;1.394.676;3.790.509;3.674.768;1.082.176;;2.494.213
220138;01/09/2018 20.58;2.404.398;48.611.110.687.255.800;5.065.104;43.402.774.810.790.900;6.354.166.259.765.630;60.187.180.000.000.000;1.511.863;166.522;1.590.712;15.198.210.000.000.000;46.436.409.999.999.900;54.027.359.999.999.900;39.383.520.000.000.000;13.125.760.000.000.000;4.193.426;;4.669.568;4.657.181;25.778.939.999.999.900;6.763.749;4.051.205;8.915.930.000.000.000;5.434.142;1.110.191;6.104.412;6.967.961;798.48.00;7.509.502;7.910.072;4.854.206;7.041.666;9.427.083;9.082.773;4.757.165;2.341.941;5.063.159;7.802.293;00.00;3.958.333;2.864.583;6.432.291;2.890.625;304.687.480.926.514;453.125;474.537;1.385.995;1.429.398;3.819.444;380.787;1.073.495;;2.517.361
220139;01/09/2018 20.59;24.004.630.000.000.000;48.611.110.687.255.800;5.073.785;43.402.774.810.790.900;6.398.148.193.359.380;5.982.337;15.198.210.000.000.000;166.522;15.697.339.999.999.900;1.508.247;4.655.317;52.598;40.203.379.999.999.900;1.314.955;4.193.135;;4.614.453;4.644.031;25.722.110.000.000.000;6.760.529;4.059.036;8.920.616;5.429.442;1.109.268;6.083.121;6.978.962;7.988.048;7.360.117;8.029.579;4.966.505;6.967.593;9.317.708;9.176.471;4.872.967;2.362.473;5.051.667;7.795.308;00.00;4.036.458;2.864.583;6.484.375;2.916.667;3.046.875;4.427.083;474.537;1.377.315;1.452.546;3.877.315;3.903.356;1.085.069;;254.919
220140;01/09/2018 21.00;23.955.439.999.999.900;48.611.110.687.255.800;5.073.785;43.402.774.810.790.900;6.287.442;5.883.257;150.463;1.670.284;15.653.929.999.999.900;1.511.863;4.743.718;49.349.740.000.000.000;4.281.324;13.191.629.999.999.900;4.203.481;;4.623.081;4.643.733;2.561.626;6.763.989;406.12.00;8.938.436;5.407.816;1.107.613;6.084.306;6.991.229;7.980.725;7.062.664;7.799.931;4.968.819;6.699.074;9.083.333;8.769.355;4.886.196;246.541;5.269.588;7.870.676;00.00;4.140.625;2.890.625;6.015.625;296.875;31.25.00;4.348.958;44.849.540.000.000.000;1.319.444;1.435.185;46.875;4.192.708;1.102.431;;2.575.231
220141;01/09/2018 21.01;23.955.439.999.999.900;48.611.110.687.255.800;5.073.785;43.402.774.810.790.900;6.287.442;5.883.257;150.463;1.670.284;15.653.929.999.999.900;1.511.863;4.743.718;49.349.740.000.000.000;4.281.324;13.191.629.999.999.900;4.203.481;;4.623.081;4.643.733;2.561.626;6.763.989;406.12.00;8.938.436;5.407.816;1.107.613;6.084.306;6.991.229;7.980.725;7.062.664;7.799.931;4.968.819;6.699.074;9.083.333;8.769.355;4.886.196;246.541;5.269.588;7.870.676;00.00;4.140.625;2.890.625;6.015.625;296.875;31.25.00;4.348.958;44.849.540.000.000.000;1.319.444;1.435.185;46.875;4.192.708;1.102.431;;2.575.231
220142;01/09/2018 21.02;2.404.398;48.611.110.687.255.800;5.078.125;43.402.770.000.000.000;6.321.759;6.037.424;151.548;166.088;15.653.929.999.999.900;1.511.863;4.814.565;4.784.932;4.251.008;13.190.529.999.999.900;4.198.412;;466.588;458.837;24.946.189.999.999.900;6.772.178;4.066.495;8.918.166;5.441.175;1.106.053;6.103.918;703.306;802.033;6.951.406;8.102.589.999.999.990;5.014.158;6.638.889;8.874.999;9.261.945;4.978.668;2.510.809;5.343.046;7.923.809;00.00;4.166.666;2.890.625;609.375;2.994.792;31.25.00;4.270.833;4.340.278;1.302.083;1.417.824;541.088;4.299.768;114.294;;2.592.592
220143;01/09/2018 21.03;2.404.398;48.611.110.687.255.800;5.073.785;4.335.938;6.318.287;60.965.140.000.000.000;150.463;166.522;1.573.351;15.053.529.999.999.900;4.920.693;4.676.051;4.241.238;131.471;4.217.684;;4.604.322;4.576.162;2.488.301;6.766.633;4.059.802;8.942.493;5.411.537;1107.26.00;6.098.982;700.457;8.014.788;679.581;7.942.887;5.048.046;6.685.185;9.270.833;8.977.646;4.924.893;2.518.765;5.356.442;7.915.837;00.00;4.270.833;296.875;6.901.041;30.208.332.061.767.600;3.151.042;4.348.958;4.311.343;1.273.148;1.420.718;62.05.00;4.351.852;1.197.917;;2.586.805
220144;01/09/2018 21.04;2.399.479;48.611.110.687.255.800;507.378.463.745.117;43.359.375;6.336.053;6.255.542;1.511.863;166.522;15.653.929.999.999.900;15.198.210.000.000.000;5.052.186;4.550.521;4.188.585;1.307.174;4.203.689;;4.630.909;4.669.591;2.562.924;6.773.857;4.068.074;8.927.796;5.426.816;1.109.861;6.082.413;7.013.181;8.011.969;6.683.126;7.870.275;5.010.465;6.856.481;9.124.999;9.003.437;4.970.012;2.525.809;5.413.417;7.852.949;00.00;4.322.916;2.994.792;7.682.291;3.046.875;3.151.042;4.817.708;4.398.148;1.258.681;1.429.398;7.204.861;43.663.199.999.999.900;1.258.681;;2.586.805
220145;01/09/2018 21.05;2.406.366;4.861.111;507.378.463.745.117;43.359.375;6.273.148;6.365.446;151.548;1.670.284;1.589.265;15.053.529.999.999.900;5.025.297;4.419.894;4.121.431;13.155.489.999.999.900;4.217.166;;4.635.198;4.566.536;2.477.848;6.757.109;4.055.847;8.981.293;5.420.077;1.104.639;6.086.262;6.997.515;800.47.00;6.549.012;7.915.509;4.993.078;6.699.074;9.218.749;9.207.292;493.745;2.567.347;5.466.289;7.934.435;00.00;4.322.916;3.098.958;8.203.125;31.25.00;3.177.083;5.182.291;4.658.565;1.270.255;1.423.611;8.159.722;4.337.384;1.328.125;;2.589.699
220146;01/09/2018 21.06;24.004.630.000.000.000;4.856.771;507.378.463.745.117;43.359.375;633.217.590.332.031;6.248.215;150.463;166.522;1.573.351;15.053.529.999.999.900;4.926.236;4.373.581;3.996.781;1.314.349;4.202.741;;4.604.794;459.861;2.522.554;6.762.918;4.055.633;8.897.243;5.431.249;11.095.430.000.000.000;6.092.816;6.999.997;8.000.169;6.448.328;7.927.584;5.077.521;6.666.666;9.562.499;9.317.773;4.978.947;2.567.001;5.521.612;7.943.666;00.00;4.322.916;3.098.958;8.177.083;3.151.042;31.770.832.061.767.600;53.125;52.372.679.999.999.900;1.316.551;1.374.421;8.883.102;4.311.342;140.625;;2.581.018
220147;01/09/2018 21.07;2.402.431;485.677.070.617.676;5.073.785;43.359.375;6.304.398.193.359.380;62.705.380.000.000.000;15.198.210.000.000.000;1.652.199;15.653.929.999.999.900;15.053.529.999.999.900;4.843.813;4.413.668;3.882.069;13.168.379.999.999.900;4.212.559;;4.614.933;4.642.164;2.552.146;6.736.602;4.061.243;8.956.210.000.000.000;5.425.477;1.104.876;6.074.822;6.972.509;8.007.313;6.324.782;7.864.885;4.844.219;6.893.519;9.114.583;9.001.329;4.965.857;2.606.503;5.541.785;797.699;00.00;4.479.166;31.25.00;7.838.541;3.151.042;31.770.832.061.767.600;5.234.375;60.474.540.000.000.000;1.351.273;1.302.083;9.519.676;4.346.065;1.501.736;;255.787
220148;01/09/2018 21.08;2.404.398;485.677.070.617.676;5.078.125;43.359.375;6.364.583.740.234.380;6.305.485;1.511.863;166.522;1.573.351;1.508.247;47.943.509.999.999.900;4.431.075;3.728.833;1.319.631;4.213.288;;4.637.098;4.665.585;25.909.299.999.999.900;6.770.787;4.061.386;8.959.648;5.430.273;1108.87;6.126.297;7.010.508;8.033.282;6.239.077;8.103.419;4.822.833;6.791.666;8.994.791;906.959;4.923.246;25.991.900.000.000.000;5.524.343;7.991.844;00.00;4.609.375;3.098.958;7.552.083;3.177.083;31.770.832.061.767.600;50.00.00;7.204.861;1.417.824;1.226.852;1.001.157;4.438.658;1.559.606;;2.534.722
220149;01/09/2018 21.09;2.396.528;485.677.070.617.676;5.065.104;43.359.375;628.472.229.003.906;626.408;1.511.863;166.522;1.576.968;1.511.863;4.761.938;4.458.098;3.620.078;1.319.881;4.192.847;;463.29.00;4.616.171;2.518.893;6.740.778;4.053.991;8.914.886;5.426.467;1.111.721;6.097.618;7.006.695;7.997.379;6.165.283;7.946.857;50.024.199.999.999.900;6.879.630.000.000.000;8.890.624;8.746.757;4.810.695;2.591.937;5.483.013;7.973.005;00.00;46.875;3.098.958;7.291.666;3.229.166;31.770.832.061.767.600;484.375;8.130.787;1.481.481;1.148.727;1.032.986;4.606.481;1.574.074;;2.520.255
220150;01/09/2018 21.10;2.406.366;485.677.070.617.676;5.065.104;43.359.375;634.722.229.003.906;6.412.589;1.511.863;166.522;1.584.925;150.897;478.461;4.597.039;352.986;1.316.421;4.200.206;;4.645.619;4.575.385;24.889.669.999.999.900;6.733.648;4.039.981;8.923.512;5.407.959;1.105.241;6.094.479;7.006.879;7.989.457;6.064.433;7.941.711;4.922.748;6.467.593;8.447.916;884.807;4.804.084;2.621.102;5.540.539;8.026.682;00.00;4.791.666;3.098.958;703.125;328.125;3.177.083;46.875;8.854.166;1.495.949;1.073.495;1.067.708;4.759.838;1.545.139;;2.514.468
220151;01/09/2018 21.11;2.401.447;4.856.771;5.073.785;43.359.375;6.318.287.353.515.630;6.412.199;1.511.863;1.675.347;15.697.339.999.999.900;1.511.863;4.721.691;47.367.909.999.999.900;34.538.000.000.000.000;13.148.760.000.000.000;4.204.926;;4.653.305;4.666.133;2.583.343;6.742.761;4.054.236;8.922.196;5.414.907;11.106.860.000.000.000;6.086.409;7.015.154;8.027.555;5.974.182;8.098.165;4.808.589;6.601.852;8.593.749;8.841.157;4.697.051;2.613.987;5.531.999;8.042.668;00.00;4.791.666;3.046.875;6.744.791;3.307.291;3.229.166;4.583.333;943.287;146.412;9.895.834;1.082.176;4.910.301;150.463;;2.514.468
220152;01/09/2018 21.12;2.402.431;484.809;507.378.463.745.117;43.359.375;632.638.916.015.625;6.589.754;1.511.863;1.675.347;15.567.129.999.999.900;15.234.379.999.999.900;4.575.345;4.888.408;3.356.757;13.213.239.999.999.900;4.204.846;;461.288;4.622.408;2.523.414;6.728.541;4.063.558;8.912.435;5.415.802;1.109.481;6.075.617;7.013.639;7.994.319;5.871.949;802.078;4.943.702;6.805.555;8.562.499;8.797.061;4.864.477;2.610.925;554.457;8.037.293;00.00;4.791.666;3.020.833;6.510.416;330.729.141.235.352;3.229.166;4.453.125;1.168.981;140.625;9.114.584;1.087.963;5.095.486;1.446.759;;2.505.787
220153;01/09/2018 21.13;2.404.398;48.480.899.810.790.900;5.073.785;43.359.375;6.372.686;6.572.779;151.548;166.088;15.617.770.000.000.000;1.511.863;4.539.808;5.015.406;3.292.778;13.211.979.999.999.900;4.204.411;;4.646.765;4.623.108;256.237;6.733.275;4.064.943;8.946.886;5.416.403;1.105.235;6.117.158;6.996.606;8.026.339;5.783.864;8.055.834;4.931.537;6.833.333;8.380.208;8.962.882;4.755.649;2.619.776;5.571.544;8.046.702;00.00;4.739.583;31.25.00;6.171.875;3.307.291;3.177.083;4.348.958;1.041.667;1.331.019;8.391.203;1.076.389;5.248.843;1.377.315;;2.502.894
220154;01/09/2018 21.14;2.396.528;48.480.899.810.790.900;5.065.104;4.335.938;6.289.352;6.337.583.000.000.000;150.463;166.522;15.697.339.999.999.900;15.198.210.000.000.000;45.306.129.999.999.900;4.974.457;3.237.625;1.306.626;4.201.205;;4.641.268;4.640.939;2.545.984;6.757.188;4.060.008;8.925.212;5.391.588;1.110.614;6.081.014;697.299;8.018.394;5.692.517;8.085.895;5.102.847;6.847.222;8.593.749;9.039.877;4.690.709;2.637.985;5.594.625;8.031.244;00.00;4.661.458;3.255.208;65.625;3.255.208;3.151.042;4.192.708;1.076.389;125.00.00;7.725.694;104.456;5.364.583;1.316.551;;2.479.745
220155;01/09/2018 21.15;2.406.366;48.480.899.810.790.900;50.651.039.123.535.200;4.327.257;6.298.611;6.401.959.000.000.000;15.198.210.000.000.000;166.088;1.573.351;1.508.247;44.158.120.000.000.000;4.922.765;3.192.468;1.318.762;4.194.785;;4.662.115;4.590.929;2.487.527;6.752.855;4.055.641;8.899.341;5.408.357;1109.98;611.665;6.986.993;7.979.064;5.605.942;8.055.857;5.214.847;6.777.778;9.213.541;9.022.471;4.670.834;2.644.586;5.636.761;8.096.918;00.00;4.557.291;3.229.166;71.875;3.177.083;3.229.166;4.166.666;1.099.537;1.174.769;7.291.666;1.001.157;5.381.945;1.244.213;;2.456.597
220156;01/09/2018 21.16;2.406.366;48.480.899.810.790.900;50.651.039.123.535.200;432.725.677.490.234;629.861.083.984.375;6.401.959.000.000.000;15.198.210.000.000.000;166.088;1.573.351;1.508.247;44.158.120.000.000.000;4.922.765;3.192.468;1.318.762;4.196.262;;4.640.743;4.679.852;2.609.589;6.749.568;40.624.199.999.999.900;8.969.645;5.417.924;1.105.454;6.095.972;6.996.339.999.999.990;8.024.094;5.520.979;8.034.578;4.849.921;6.638.889;9.093.749;9.001.151;4.582.169;2.631.538;5.643.114;8.046.489.999.999.990;00.00;4.557.291;3.229.166;71.875;3.177.083;3.229.166;4.166.666;1.099.537;1.174.769;7.291.666;1.001.157;5.381.945;1.244.213;;2.456.597
220157;01/09/2018 21.17;2.402.431;484.809;5.065.104;432.725.677.490.234;6.275.463;6.382.209;150.897;1.670.284;15.697.339.999.999.900;1.508.247;4.142.477;4.870.458;3.123.367;1.319.869;4.200.889;;4.627.595;4.645.443;2.566.184;6.748.591;4.066.462;8.935.419;5.404.539;1108.85;611.512;6.979.819;8.003.995;5.444.435;8.070.692;499.306;6.847.222;8.760.416;8.529.774;45.357.099.999.999.900;2.648.042;5.638.221;8.071.179;00.00;4.427.083;31.25.00;7.786.458;31.25.00;3.151.042;4.270.833;1.218.171;1.032.986;6.539.352;8.854.166;5.384.838;1.119.792;;2.502.894
220158;01/09/2018 21.18;2.406.366;484.375;5.073.785;432.725.677.490.234;6.396.991;62.607.659.999.999.900;150.463;1.670.284;15.697.339.999.999.900;15.198.210.000.000.000;40.581.590.000.000.000;48.460.159.999.999.900;30.755.979.999.999.900;13.038.110.000.000.000;4.207.001;;4.629.636;4.670.218;2.566.578;6.768.068;4.055.686;8.921.769;5.440.982;1.106.547;6.089.011;6.986.663;8.000.958;5.348.145;7.828.441;4.909.484;6.606.481;9.098.958;8.888.511;4.584.633;2.636.618;5.864.991;8.118.871;00.00;4.322.916;3.151.042;78.125;3.098.958;31.25.00;4.270.833;1.218.171;9.722.222;6.278.935;8.072.916;5.254.630.000.000.000;1.073.495;;2.534.722
220159;01/09/2018 21.19;2.399.479;484.375;5.073.785;432.725.677.490.234;6.291.666;6.235.225;151.548;166.522;15.697.339.999.999.900;1.508.247;40.483.090.000.000.000;4.877.528;30.690.759.999.999.900;128.556;4.190.628;;4.650.279;4.553.483;2.450.169;6.776.015;40.667.699.999.999.900;898.816;5.435.227;1.110.313;6.102.549;6.973.736;7.996.053;5.285.488;8.039.523;4.839.173;6.953.704;8.473.958;8.818.051;4.547.695;2.603.746;5.831.531;8.113.981;00.00;4.296.875;3.359.375;7.578.125;3.020.833;3.098.958;4.192.708;1.189.236;9.114.584;6.105.324;7.291.666;5.109.954;1.032.986;;254.919
220160;01/09/2018 21.20;240.735;484.375;5.065.104;432.725.677.490.234;634.143.493.652.344;6.417.090.999.999.990;150.463;166.522;15.697.339.999.999.900;15.053.529.999.999.900;39.412.490.000.000.000;4.912.382;3.169.787;1.253.277;4.186.674;;4.650.431;4.599.438;2.512.855;6.777.087;4.061.358;8.976.068;543.888;1109.01.00;6.058.555;7.014.853;805.454;5.224.104;8.146.673;5.004.517;7.162.037;8.911.458;920.79;4.674.911;2.486.306;5.513.809;8.080.393;00.00;4.270.833;3.567.708;7.291.666;2.994.792;3.098.958;4.140.625;1.157.407;8.506.944;59.317.130.000.000.000;6.684.028;5.078.125;9.895.834;;2.552.083
220161;01/09/2018 21.21;24.004.630.000.000.000;484.375;50.651.039.123.535.200;432.725.677.490.234;62.511.572.265.625;6.386.476.999.999.990;151.548;166.522;155.816;1.508.247;3.895.074;4.972.149;3.338.483;1.293.896;4.206.161;;4.633.063;4.664.019;2.584.496;677.561;4.060.543;8.926.482;5.433.131;1.109.482;6.107.275;7.026.741;799.949;5.153.709;8.024.153;5.184.077;7.106.481;8.958.333;9.032.335;4.602.722;2.414.974;5.333.233;8.078.463;00.00;4.270.833;3.619.791;703.125;296.875;31.770.832.061.767.600;4.036.458;1.102.431;7.986.111;5.700.232;6.105.324;5.063.658;9.664.352;;2.517.361
220162;01/09/2018 21.22;24.004.630.000.000.000;484.375;50.651.039.123.535.200;432.725.677.490.234;626.504.638.671.875;6.358.825;150.463;166.088;15.617.770.000.000.000;1.511.863;3.803.031;512.323;3.380.198;1.257.708;4.198.962;;4.650.792;4.670.067;25.933.740.000.000.000;6.783.224;4.066.052;8.946.548;5.436.276;1.110.944;6.095.349;7.013.833;8.005.539;5.083.929;8.082.295;5.118.086;7.138.889;9.005.208;8.988.602;4.638.959;2.368.168;5.232.193;8.056.021;00.00;4.296.875;3.567.708;6.744.791;296.874.980.926.514;3.255.208;3.932.291;1.059.028;7.696.759;56.712.959.999.999.900;5.642.361;5.060.764;9.693.287;;2.456.597
220163;01/09/2018 21.23;2.404.398;484.375;50.651.039.123.535.200;432.725.677.490.234;626.273.132.324.219;6.296.609;15.198.210.000.000.000;166.522;15.617.770.000.000.000;1.511.863;3.682.137;5.210.275;34.643.159.999.999.900;1.250.046;4.202.303;;4.619.698;4.667.759;2.588.741;6.748.375;4.058.954;8.934.458;5.408.375;1.107.943;6.085.983;6.956.208;7.970.264;5.019.238;8.011.624;4.985.711;6.949.074;9.421.874;8.916.262;4.608.084;23.800.099.999.999.900;5.135.507;8.011.649;00.00;4.270.833;34.375;63.020.830.000.000.000;296.875;3.229.166;390.625;1.027.199;7.436.343.000.000.000;57.870.369.999.999.900;5.208.333;5.054.977;9.837.963;;239.294
220164;01/09/2018 21.24;2.399.479;483.941;5.065.104;432.725.677.490.234;6.304.398.193.359.380;6.240.195;150.463;166.522;15.653.929.999.999.900;1.508.247;3.621.497;518.512;3.649.838;12.648.060.000.000.000;4.218.238;;4.662.152;4.694.543;2.607.291;6.754.934;4.068.624;892.669;5.424.048;1.104.612;6.075.953;6.968.386;7.986.696;496.265;8.006.713;5.020.013;6.939.814;8.890.624;8.948.793;4.705.299;2.363.767;5.120.441;7.968.121;00.00;421.875;3.307.291;5.885.416;2.994.792;3.229.166;3.828.125;9.895.834;7.349.537;57.581.019.999.999.900;49.189.820.000.000.000;4.997.106;1.009.838;;2.364.005
220165;01/09/2018 21.25;2.406.366;483.940.963.745.117;5.073.785;432.725.677.490.234;6.369.212.646.484.380;6.444.045;151.548;1.670.284;1.573.351;1.508.247;3.627.195;5.199.157;3.932.132;12.367;4.211.696;;4.629.328;4.578.078;249.643;6.761.937;4.053.351;894.887;5.428.922;1.108.492;6.094.036;697.322;8.008.121;488.84;8.124.279;4.999.272;7.087.963;9.124.999;8.930.121;4.736.565;2.426.913;5.182.341;7.888.734;00.00;4.270.833;3.229.166;5.572.916;296.875;3.177.083;3.776.041;931.713;7.118.056;5.700.232;4.658.565;4.806.134;1.012.731;;2.355.324
220166;01/09/2018 21.26;2.402.431;483.940.963.745.117;5.065.104;432.725.677.490.234;6.447.916.259.765.630;658.008;1.511.863;166.522;1.573.351;15.053.529.999.999.900;3.651.648;5.231.642;39.937.940.000.000.000;1.255.063;4.182.082;;4.611.395;4.628.153;2.529.505;6.764.215;40.517.800.000.000.000;8.988.619;5.408.427;11.089.180.000.000.000;6.104.137;6.978.097;7.950.547;4.835.203;7.963.672;4.989.661;687.05.00;9.531.249;9.157.845;4.860.048;2.381.877;5.144.436;7.833.244;00.00;4.296.875;3.151.042;5.494.791;2.994.792;31.25.00;3.697.916;865.162;6.915.509;5.555.556;4.513.889;4.675.926;1.009.838;;2.358.218
220167;01/09/2018 21.27;24.004.630.000.000.000;483.940.963.745.117;5.060.764;432.725.677.490.234;6.304.398.193.359.380;6.964.041.999.999.990;1.511.863;1.656.539;15.653.929.999.999.900;1.508.247;37.376.259.999.999.900;5.196.456;4.015.007;13.136.479.999.999.900;4.205.625;;4.634.631;4.587.907;2.484.766;6.764.657;4.063.211;8.921.913;5.429.897;11.095.339.999.999.900;6.116.205;7.005.156;7.994.195;4.763.586;8.152.760.000.000.000;5.065.606;7.069.445;9.333.333;9.157.452;4.730.333;2.431.812;5.172.788;7.804.933;00.00;4.296.875;3.098.958;578.125;299.479.160.308.838;3.098.958;3.671.875;7.986.111;6.770.834;546.875;4.369.213;4.577.546;9.982.639;;2.358.218
220168;01/09/2018 21.28;2.404.398;483.941;50.607.635.498.046.800;432.725.677.490.234;63.449.072.265.625;7.102.644.000.000.000;150.463;166.088;15.653.929.999.999.900;1.511.863;37.756.820.000.000.000;5.177.482;3.983.448;1.322.374;4.201.678;;4.619.411;4.627.136;2.538.855;6.766.144;4.063.478;8.984.391;541.605;1.113.887;6.143.113;7.011.906;7.987.635;4.696.135;8.017.191;5.042.555;6.847.222;9.098.958;8.528.582;4.779.849;2.393.625;5.155.463;7.758.073;36.070.860.000.000.000;421.875;3.046.875;59.895.830.000.000.000;2.994.792;3.046.875;3.697.916;7.378.472;6.568.287;5.497.685;4.311.343;4.429.977;1.001.157;;2.384.259
220169;01/09/2018 21.29;2.402.431;4.835.069;5.060.764;432.725.677.490.234;6.256.944.580.078.130;7.170.855;150.897;166.088;15.653.929.999.999.900;1.516.204;3.760.468;5.154.984;3.875.309;13.018.239.999.999.900;4.191.735;;4.625.409;4.680.621;25.927.860.000.000.000;6.741.242;4.065.085;8.904.737;5.425.107;1.106.068;6.088.234;6.979.797;7.983.716;4.627.049;7.938.639.999.999.990;512.561;674.074;9.265.624;9.124.854;4.762.483;2.379.247;5.137.296;7.666.525;00.00;4.270.833;3.151.042;6.276.041;296.875;3.020.833;3.776.041;6.944.444;6.394.676;5.497.685;4.224.537;42.274.300.000.000.000;1.038.773;;2.413.194
220170;01/09/2018 21.30;2.404.398;483.506.927.490.234;5.065.104;4.327.257;6.365.740.966.796.880;7.152.518;150.463;1.670.284;15.653.929.999.999.900;15.053.529.999.999.900;370.257;5.162.699;3.851.061;132.251;4.208.669;;4.623.147;4.715.194;2.636.699;6.788.257;4.048.155;8.909.794;5.428.443;11.080.430.000.000.000;6.075.217;6.993.209;7.976.367;4.555.153;7.883.718;5.085.091;6.699.074;9.395.833;9.192.712;4.951.359;2.379.594;5.169.767;7.754.886;00.00;421.875;3.151.042;63.020.830.000.000.000;296.875;3.020.833;3.802.083;6.481.481;62.05.00;552.662;4.166.667;4.068.287;1.085.069;;2.447.917
220171;01/09/2018 21.31;24.004.630.000.000.000;483.506.927.490.234;5.060.764;432.725.677.490.234;629.282.409.667.969;6.982.605;151.548;166.522;15.567.129.999.999.900;15.053.529.999.999.900;3.773.193;5.189.829;3.739.096;1.326.438;4.196.994;;4.613.349;4.639.511;2.531.523;6.748.187;4.057.176;8.972.838;5.411.093;11.067.930.000.000.000;6.084.143;6.988.448;7.976.152;4.488.237;8.053.522;4.975.607;7.148.148;9.151.041;9.018.394;49.914.099.999.999.900;2.380.607;5.147.537;7.770.607;00.00;4.270.833;31.25.00;6.432.291;2.916.667;2.994.792;3.802.083;6.105.324;62.05.00;5.613.426;4.166.667;390.625;1.131.366;;2.491.319
220172;01/09/2018 21.32;24.004.630.000.000.000;483.506.927.490.234;5.065.104;432.725.677.490.234;627.662.048.339.844;6.980.996.999.999.990;151.548;166.522;15.697.339.999.999.900;1.508.247;3.891.659;5.229.371;3.662.318;13.167.539.999.999.900;4.205.841;;4.631.132;4.550.582;2.477.198;6.722.187;4.045.314;8.930.669;5.410.704;1107.13.00;6.072.875;7.002.876;7.983.163;4.405.224;7.866.589;5.033.513;7.041.666;9.822.916;9.501.221;5.022.978;2.409.598;5.138.151;778.414;00.00;421.875;3.020.833;63.802.080.000.000.000;291.666.660.308.838;299.479.160.308.838;3.828.125;5.902.778.000.000.000;6.394.676;5.613.426;4.079.861;375.00.00;1.163.194;;2.537.616
220173;01/09/2018 21.33;2.406.366;483.506.927.490.234;5.065.104;432.725.677.490.234;634.027.770.996.094;712.916;150.463;166.522;1.573.351;1.511.863;3.993.335;5.235.624;365.481;13.184.429.999.999.900;4.200.291;;4.640.157;4.596.988;2.505.986;6.762.889;4.048.938;8.895.036;5.421.056;1.106.406;6.085.634;7.003.234;7.981.013;432.358;7.933.405;4.935.907;661.574;9.744.791;8.935.576;5.092.345;2.468.543;5.231.815;7.777.788;00.00;4.270.833;2.994.792;61.458.330.000.000.000;291.666.660.308.838;299.479.160.308.838;3.828.125;5.815.971.999.999.990;6.626.156.999.999.990;552.662;4.050.926;3.550.347;1.154.514;;2.537.616
220174;01/09/2018 21.34;2.399.479;4.835.069;5.060.764;432.725.677.490.234;6.351.852;7.151.541;150.897;166.522;15.567.129.999.999.900;1.511.863;41.231.640.000.000.000;5.200.305;3.733.872;1.320.524;4.197.164;;4.614.416;4.657.385;2.568.685;6.752.487;4.056.967;8.935.811;5.383.892;1.106.364;611.006;6.994.293;797.89;4.253.644;7.924.174;5.074.201;6.777.778;9.812.499;9.312.245;5.077.266;2.508.064;5.319.053;779.248;00.00;4.296.875;296.875;6.354.166;291.666.660.308.838;2.994.792;3.776.041;5.700.232;6.770.834;5.497.685;396.412;3.327.546;1.131.366;;2.523.148
220175;01/09/2018 21.35;2.404.398;4.826.389;5.060.764;432.725.677.490.234;6.293.981;7.273.611;150.897;166.088;15.653.929.999.999.900;15.053.529.999.999.900;4.151.086;5.249.775;37.445.170.000.000.000;12.899.569.999.999.900;4.212.207;;4.628.646;4.543.415;24.714.270.000.000.000;6.757.741;4.050.296;8.958.808;5.420.903;1106.07.00;6.067.845;6.960.161;7.954.934;418.851;7.864.823;4.995.727;6.712.963;9.239.583;921.893;5.024.661;2.547.777;5.430.765;7.842.892;00.00;4.348.958;296.875;6.536.458;2.916.667;296.875;3.802.083;5.613.426;6.915.509;5.381.944;3.935.185;3.127.893;1.125.579;;2.491.319
220176;01/09/2018 21.36;2.404.398;48.263.885.498.046.800;50.564.240.000.000.000;432.725.677.490.234;6.354.572;7.298.491.999.999.990;150.897;1.675.347;15.697.339.999.999.900;1.508.247;4.161.078;5.353.261;379.259;13.147.039.999.999.900;421.315;;4.653.253;4.630.435;2.542.319;6.758.185;4.057.287;8.897.052;5.396.873;1.108.387;6.062.651;699.382;8.004.866;412.506;8.093.047;5.025.533;6.916.666;9.005.208;9.168.272;4.955.232;2.567.755;5.444.709;7.834.707;00.00;4.401.041;31.25.00;6.536.458;296.875;2.994.792;3.802.083;5.497.685;6.770.834;5.353.009;3.935.185;297.743;1.119.792;;2.447.917
220177;01/09/2018 21.37;2.396.528;48.263.885.498.046.800;50.564.240.000.000.000;432.725.677.490.234;6.254.630.000.000.000;7.306.175.999.999.990;1.526.331;1.670.284;1.570.457;1.511.863;41.070.479.999.999.900;5.417.657;3.820.991;13.110.529.999.999.900;4.193.213;;4.629.602;4.678.637;2.591.705;6.748.123;4.048.325;8.919.093;5.403.825;1.105.122;6.060.618;7.000.173;7.974.459;4.078.636;8.050.614;5.162.302;6.907.407;9.276.041;901.415;5.005.173;2.574.784;5.407.491;7.819.791;00.00;4.453.125;3.307.291;65.625;296.875;2.994.792;3.776.041;5.555.556;6.510.416;5.324.074;396.412;2.792.245;1.085.069;;2.372.685
220178;01/09/2018 21.38;2.406.366;4.826.389;5.060.764;432.725.677.490.234;630.092.590.332.031;7.330.637;150.463;166.522;15.653.929.999.999.900;1.511.863;4.004.432;5.499.794;3.831.816;1.300.595;4.220.072;;4.627.867;46.918.199.999.999.900;2.620.066;6.780.619;4.072.711;8.955.449;545.636;11.108.139.999.999.900;6.148.257;7.034.254;8.065.464;4.033.901;7.900.143;4.978.132;6.638.889;8.859.374;8.830.063;484.086;2.491.934;5.321.198;7.774.973;00.00;4.479.166;3.515.625;65.625;2.994.792;30.208.332.061.767.600;37.05.00;5.613.426;619.213;541.088;396.412;2.609.954;1.047.454;;2.277.199
220179;01/09/2018 21.39;2.401.447;48.220.490.000.000.000;5.060.764;432.725.677.490.234;639.351.867.675.781;7.241.164;150.463;166.088;1.576.968;1.516.204;3.897.467;5.533.595;3.870.074;1.282.558;4.203.044;;4.588.292;468.858;2.601.197;6.765.215;4.073.651;8.913.425;5.416.376;1.106.807;6.120.444;7.020.614;800.275;3.996.629;8.008.510.000.000.000;4.864.026;6.513.889;9.135.416;9.039.639.999.999.990;477.329;2.454.146;5.256.331;7.795.491;00.00;453.125;3.645.833;6.484.375;3.020.833;3.046.875;37.05.00;552.662;5.902.778.000.000.000;5.613.426;4.021.991;2.447.917;1.024.306;;2.199.074
220180;01/09/2018 21.40;2.399.479;48.220.485.687.255.800;50.564.240.000.000.000;432.725.677.490.234;6.314.814.453.125;7.367.596;151.548;1.670.284;15.617.770.000.000.000;1.511.863;3.929.254;5.561.925;3.909.245;13.016.860.000.000.000;4.209.734;;4.633.889;4.592.308;25.017.709.999.999.900;6.760.924;4.041.025;8.975.718;5.422.275;1.104.362;6.081.594;7.002.696;798.924;3.955.509;8.056.722;4.970.798;6.921.296;9.124.999;9.174.413;4.902.084;243.762;5.153.625;7.810.497;00.00;4.557.291;37.05.00;6.432.291;3.020.833;304.687.480.926.514;3.697.916;5.353.009;5.642.361;56.712.959.999.999.900;4.021.991;234.375;9.895.834;;2.115.162
220181;01/09/2018 21.41;2.404.398;48.220.485.687.255.800;50.564.240.000.000.000;432.725.677.490.234;6.217.593;7.433.876;150.463;166.522;15.653.929.999.999.900;15.053.529.999.999.900;3.896.577;5.611.917;3.899.163;1.314.925;4.196.299;;4.644.533;4.671.433;2.580.874;6.804.924;4.063.353;893.822;5.443.588;1.110.637;6.104.664;7.021.633;7.984.113;3.915.656;806.257;5.012.086;6.902.778;8.760.416;9.053.842;4.934.624;2.488.942;5.173.435;782.185;00.00;4.583.333;3.776.041;640.625;2.994.792;304.687.480.926.514;3.697.916;5.179.398;5.381.944;56.712.959.999.999.900;396.412;2.282.986;9.577.546;;2.028.356
220182;01/09/2018 21.42;2.399.479;48.220.485.687.255.800;5.060.764;432.725.677.490.234;6.259.259;7.465.387;150.897;166.522;15.617.770.000.000.000;1.511.863;3.875.697;5.550.999;39.263.459.999.999.900;13.195.910.000.000.000;4.201.107;;4.614.394;4.677.235;2.597.731;676.04.00;4.057.172;8.920.983;5.429.542;1.106.566;6.110.386;7.011.049;7.989.009;3.888.487;8.050.797;5.049.088;6.689.814;8.755.208;8.915.908;4.862.522;2.585.152;5.336.934;7.830.577;00.00;4.609.375;3.697.916;63.020.830.000.000.000;2.994.792;304.687.480.926.514;3.697.916;4.976.852;5.208.333;5.642.361;3.935.185;2.225.116;9.288.194;;1.967.593
220183;01/09/2018 21.43;2.406.366;48.220.490.000.000.000;50.607.635.498.046.800;432.725.677.490.234;6.276.619.999.999.990;7.578.185;150.897;1.670.284;15.653.929.999.999.900;1.508.247;390.093;55.137.130.000.000.000;4.084.323;131.734;4.216.865;;4.663.366;4.589.109;2.500.969;6.780.528;4.050.786;8.923.582;5.435.019;1.106.744;6.089.299;7.002.908;799.184;3.834.729;7.982.211;4.934.811;6.462.963;8.906.249;8.772.256;4.827.142;2.683.498;5.528.044;7.953.589;00.00;4.661.458;3.645.833;6.171.875;296.875;3.046.875;3.671.875;4.832.176;5.034.722;552.662;3.877.315;2.175.926;9.114.584;;1.921.296
220184;01/09/2018 21.44;2.402.431;4.817.708;5.060.764;432.725.677.490.234;6.356.482;7.521.600.000.000.000;150.897;166.522;15.697.339.999.999.900;15.010.129.999.999.900;3.835.754;5.518.488.000.000.000;410.913;13.172.039.999.999.900;4.216.865;;4.663.366;4.589.109;2.500.969;6.780.528;4.050.786;8.923.582;5.435.019;1.106.744;6.089.299;7.002.908;799.184;3.834.729;7.982.211;4.934.811;6.462.963;8.906.249;8.772.256;4.827.142;2.683.498;5.528.044;7.953.589;00.00;4.739.583;3.567.708;6.015.625;296.874.980.926.514;3.020.833;3.645.833;474.537;4.947.917;541.088;3.819.444;213.831;8.998.843.000.000.000;;1.883.681
220185;01/09/2018 21.45;24.004.630.000.000.000;481.770.820.617.676;50.564.240.000.000.000;4.327.257;6.303.241;7.589.033;15.198.210.000.000.000;166.522;15.617.770.000.000.000;15.053.529.999.999.900;38.729.729.999.999.900;5.475.793;4.079.314;1.316.794;419.619;;4.633.864;4.571.247;2.479.956;6.758.968;4.063.506;8.970.164;5.425.980.000.000.000;1.111.155;6.109.105;7.018.965;8.071.913;3.755.048;7.849.019.999.999.990;4.888.814;6.319.445;8.510.416;8.610.978;4.693.861;2.604.759;5.470.563;783.074;00.00;4.817.708;3.541.666;5.963.541;296.875;3.020.833;3.619.791;4.658.565;49.189.820.000.000.000;5.324.074;3.790.509;2.094.907;8.825.231;;1.866.319
220186;01/09/2018 21.46;2.404.398;481.770.820.617.676;5.060.764;432.725.677.490.234;633.101.806.640.625;7.727.243;1.511.863;1.670.284;15.617.770.000.000.000;15.010.129.999.999.900;38.218.090.000.000.000;54.458.119.999.999.900;40.271.770.000.000.000;1.309.479;4.219.218;;4.647.946;4.646.171;256.661;6.763.235;4.066.825;8.943.276;5.425.880.000.000.000;11.078.239.999.999.900;6.111.768;7.014.747;7.998.052;3.679.751;8.098.925;498.199;6.791.666;8.718.749;8.910.909;4.740.969;2.580.523;544.979;7.858.941;00.00;484.375;3.541.666;59.114.580.000.000.000;2.994.792;2.994.792;3.567.708;462.963;5.063.657;5.208.333;3.761.574;208.044;8.709.491;;1.857.639
220187;01/09/2018 21.47;24.004.630.000.000.000;4.817.708;5.060.764;432.725.677.490.234;62.800.927.734.375;7.680.383;15.198.210.000.000.000;166.088;15.653.929.999.999.900;1.511.863;388.577;53.634.780.000.000.000;3.993.707;1.301.598;4.212.986;;4.643.342;4.553.716;2.466.629;6.766.174;4.060.736;8.956.789;5.418.998;1.112.053;6.117.175;6.998.134;8.012.275;3.626.326;800.33.00;4.919.192;6.574.074;8.786.458;9.041.592;4.609.994;2.596.438;5.481.857;7.993.154;00.00;484.375;3.567.708;59.895.830.000.000.000;296.875;299.479.160.308.838;3.541.666;4.658.565;5.179.398;5.092.593;3.732.639;2.086.227;8.796.296;;1.848.958
220188;01/09/2018 21.48;2.404.398;4.813.368;5.052.083;432.725.677.490.234;6.285.880.126.953.130;7.919.479;1.511.863;166.088;15.653.929.999.999.900;1.511.863;3.879.934;53.189.009.999.999.900;3.986.306;1.308.532;4.180.774;;4.616.545;4.645.994;2.573.193;6.748.251;4.054.597;893.222;5.401.343;11.079.669.999.999.900;6.090.757;6.983.594;7.974.924;3.562.603;8.039.743;5.079.435;6.671.296;8.890.624;8.803.907;4.742.445;2.560.676;547.896;8.010.505;00.00;4.791.666;3.645.833;59.895.830.000.000.000;2.916.667;299.479.160.308.838;3.541.666;4.803.241;5.179.398;4.947.917;3.732.639;208.912;8.998.843.000.000.000;;1.822.917
220189;01/09/2018 21.49;2.404.398;481.336.784.362.793;50.564.240.000.000.000;432.725.677.490.234;634.375;7.881.741;150.463;1.670.284;1.570.457;1.508.247;3.852.023;5.311.414;4.068.143;1.299.578;4.203.534;;4.629.994;4.633.154;25.571.349.999.999.900;6.762.233;4.055.102;8.955.544;5.414.945;1.108.774;609.307;699.247;8.005.538;3.510.702;8.083.253;5.155.675;6.689.814;8.963.541;897.933;4.693.235;2.577.277;5.435.146;8.038.981;00.00;46.875;3.671.875;59.895.830.000.000.000;2.916.667;299.479.160.308.838;3.541.666;4.947.917;5.063.657;4.803.241;3.732.639;2.112.269;9.259.259;;1.811.343
220190;01/09/2018 21.50;24.004.630.000.000.000;481.336.784.362.793;50.564.240.000.000.000;432.725.677.490.234;63.761.572.265.625;7.849.029;151.548;1.675.347;15.697.339.999.999.900;1.508.247;3.841.533;5.241.338;409.399;1.305.101;4.216.476;;4.617.784;4.670.706;259.518;6.772.662;4.060.281;8.922.444;5.423.752;11.091.589.999.999.900;6.118.777;6.993.547;8.020.262;3.470.869;8.109.141;5.015.092;7.078.704;9.218.749;9.048.388;4.760.114;2.610.583;5.482.017;8.096.326;00.00;4.583.333;3.697.916;59.895.830.000.000.000;2.890.625;299.479.160.308.838;3.541.666;4.947.917;4.947.917;4.774.306;36.747.679.999.999.900;2.144.097;931.713;;1.811.343
220191;01/09/2018 21.51;2.406.366;481.336.784.362.793;5.052.083;432.725.677.490.234;628.125;7.527.765;150.897;1.670.284;15.697.339.999.999.900;1.511.863;375.192;5.136.296;40.971.709.999.999.900;12.977.789.999.999.900;4.177.077;;4.646.918;4.651.057;2.569.999;677.556;4.060.623;8.958.011;5.425.256;1.104.101;6.102.764;7.006.487;7.991.795;342.76;794.285;5.031.638;7.032.407;9.187.499;9.063.563;4.754.467;2.645.274;5.566.488;8.127.363;00.00;4.557.291;3.671.875;5.963.541;289.062.480.926.514;299.479.160.308.838;3.541.666;4.947.917;48.900.459.999.999.900;46.875;36.747.679.999.999.900;2.161.458;931.713;;1.834.491
220192;01/09/2018 21.52;2.406.366;4.813.368;505.208.320.617.676;4.327.257;628.125;7.527.765;150.897;1.670.284;15.697.339.999.999.900;1.511.863;375.192;5.136.296;40.971.709.999.999.900;12.977.789.999.999.900;4.208.626;;4.648.887;4.694.362;2.621.116;677.738;4.060.596;8.955.135;5.428.977;1.110.733;6.105.945;6.983.586;798.325;3.405.434;7.910.988;4.954.982;6.949.074;9.406.249;9.153.712;4.856.133;2.628.557;5.720.215;8.066.138;00.00;4.557.291;3.671.875;5.963.541;2.890.625;2.994.792;3.541.666;4.947.917;48.900.459.999.999.900;46.875;36.747.679.999.999.900;2.161.458;931.713;;1.834.491
220193;01/09/2018 21.53;2.406.366;4.804.688;5.052.083;4.322.916;6.401.619.873.046.880;7.412.581.999.999.990;150.897;1.675.347;15.617.770.000.000.000;15.053.529.999.999.900;37.445.029.999.999.900;4.942.593;410.759;1.307.236;420.499;;4.685.796;4.626.284;253.917;6.782.548;4.069.429;8.963.818;5.441.097;1.108.407;6.101.476;7.031.431;8.040.483;3.379.792;8.027.858;5.002.322;6.768.519;8.671.874;9.007.213;4.681.479;2.611.161;5.679.901;8.020.983;00.00;453.125;34.375;56.25.00;2.864.583;296.875;3.541.666;48.900.459.999.999.900;52.372.679.999.999.900;4.542.824;3.645.833;2.144.097;931.713;;1.863.426
220194;01/09/2018 21.54;2.402.431;4.804.688;50.564.240.000.000.000;43.229.164.123.535.200;644.212.951.660.156;7.597.417;15.198.210.000.000.000;166.522;15.653.929.999.999.900;1.511.863;365.733;4.888.582;4.081.998;1.308.878;421.631;;4.643.251;4.673.355;2.595.218;6.780.641;4.061.661;8.959.724;5.451.039;11.072.060.000.000.000;6.117.996;7.027.964;8.002.556;3.352.384;8.076.394;4.992.502;6.949.074;8.906.249;9.066.822;4.699.187;2.591.092;5.700.009;8.095.758;874.811;4.557.291;3.359.375;55.208.330.000.000.000;2.864.583;296.875;3.515.625;49.189.820.000.000.000;5.324.074;4.513.889;3.645.833;2.126.736;9.403.935;;1.883.681
220195;01/09/2018 21.55;24.004.630.000.000.000;4.800.347;50.564.235.687.255.800;43.229.164.123.535.200;6.230.323.486.328.130;7.590.069;1.511.863;166.522;15.697.339.999.999.900;1.508.247;3.681.723;4.838.198;404.688;1.310.966;4.211.196;;4.633.492;4.657.879;258.728;6.779.847;4.074.899;8.982.778;5.440.423;1.111.307;6.108.091;7.021.151;8.016.893;3.321.417;8.061.292;4.967.469;7.111.111;9.229.166;9.065.083;4.823.172;2.589.085;5.658.096;8.108.081;00.00;4.583.333;328.125;546.875;2.890.625;2.916.667;3.489.583;4.947.917;5.324.074;4.513.889;3.616.898;2.126.736;9.751.156.999.999.990;;1.915.509
220196;01/09/2018 21.56;2.404.398;480.034.713.745.117;50.564.240.000.000.000;43.229.164.123.535.200;635.648.193.359.375;7.624.512;150.463;166.522;15.567.129.999.999.900;1.508.247;3.658.337;4.789.014;3.977.494;1.302.948;4.199.766;;4.643.936;460.218;2.514.148;677.561;4.046.845;8.952.194;5.434.623;1.110.182;6.118.978;7.036.126;8.011.129;3.297.826;7.990.628;4.965.979;6.574.074;9.536.458;9.012.748;4.851.849;25.572.400.000.000.000;5.613.427;8.114.984;00.00;4.557.291;3.255.208;54.427.080.000.000.000;289.062.480.926.514;291.666.660.308.838;34.375;4.947.917;52.372.679.999.999.900;44.849.540.000.000.000;3.616.898;2.144.097;1.004.051;;1.958.912
220197;01/09/2018 21.57;2.399.479;4.800.347;5.052.083;43.229.164.123.535.200;6.283.564;7.538.023.000.000.000;151.548;1.675.347;15.567.129.999.999.900;1.511.863;36.602.759.999.999.900;4.737.402;4.003.822;1.304.265;4.224.423;;4.631.121;4.597.249;25.204.779.999.999.900;6.773.147;4.057.313;8.977.693;5.414.434;1.111.024;6.113.873;701.78;8.000.726;3.277.978;8.099.379;5.007.272;6.791.666;9.119.791;9.198.529;4.712.272;2.551.703;5.465.256;8.184.183;00.00;453.125;3.177.083;5.338.541;289.062.480.926.514;291.666.660.308.838;34.375;49.189.820.000.000.000;5.121.528;44.560.179.999.999.900;3.616.898;2.170.139;9.982.639;;1.987.847
220198;01/09/2018 21.58;240.735;4.796.007;50.564.240.000.000.000;43.229.164.123.535.200;6.356.481;7.494.408;1.511.863;166.522;15.697.339.999.999.900;1.508.247;3.685.205;4.700.635;3.933.912;1.303.817;419.339;;4.637.376;4.694.302;2.627.209;6.768.362;40.601.599.999.999.900;8.960.807;5.439.281;1.110.344;6.140.831;7.030.119;8.023.696;3.261.139;8.046.934;4.989.225;6.995.369.999.999.990;9.302.083;8.974.541;4.969.228;2.582.579;5.443.113;8.180.004;00.00;4.479.166;3.151.042;5.208.333;289.062.480.926.514;291.666.660.308.838;3.411.458;48.900.459.999.999.900;5.063.657;4.398.148;3.645.833;2.199.074;9.866.898;;2.016.782
220199;01/09/2018 21.59;2.404.398;479.600.677.490.234;50.564.240.000.000.000;43.229.164.123.535.200;6.372.685;7.408.298;150.463;1.670.284;15.653.929.999.999.900;1.506.076;37.231.320.000.000.000;46.894.290.000.000.000;3.837.077;1.311.684;4.208.914;;4.604.732;4.696.677;2.615.212;6.755.407;4.063.423;8.941.688;5.416.246;1.107.364;6.114.343;7.002.460.000.000.000;7.992.236;3.238.909;7.798.312;4.976.252;6.810.185;9.541.666;9.134.809;4.885.563;2.587.199;545.788;8.165.028;00.00;4.479.166;3.098.958;5.078.125;289.062.480.926.514;2.916.667;3.411.458;4.803.241;4.976.852;4.340.278;3.645.833;2.242.477;9.722.222;;2.042.824
220200;01/09/2018 22.00;2.404.398;4.796.007;50.564.240.000.000.000;4.322.916;6.322.916.259.765.630;7.656.396;15.010.129.999.999.900;166.522;1.553.096;1.512.587;37.576.240.000.000.000;4.664.074;365.102;1.311.711;4.195.095;;4.620.012;4.602.321;25.041.889.999.999.900;6.748.963;4.062.678;8.922.161;5.413.851;11.084.160.000.000.000;6.093.863;7.006.927;7.964.636;3.211.164;8.053.907;4.905.298;700.00.00;8.885.416;9.156.339.999.999.990;4.907.993;2.611.978;5.435.579;8.066.466;00.00;4.661.458;2.994.792;4.739.583;296.875;289.062.480.926.514;3.385.416;474.537;49.189.820.000.000.000;4.224.537;36.747.679.999.999.900;2.239.583;9.577.546;;2.054.398
220201;01/09/2018 22.01;2.404.398;4.796.007;50.564.240.000.000.000;4.322.916;6.322.916.259.765.630;7.656.396;15.010.129.999.999.900;166.522;1.553.096;1.512.587;37.576.240.000.000.000;4.664.074;365.102;1.311.711;4.195.095;;4.620.012;4.602.321;25.041.889.999.999.900;6.748.963;4.062.678;8.922.161;5.413.851;11.084.160.000.000.000;6.093.863;7.006.927;7.964.636;3.211.164;8.053.907;4.905.298;700.00.00;8.885.416;9.156.339.999.999.990;4.907.993;2.611.978;5.435.579;8.066.466;00.00;4.661.458;2.994.792;4.739.583;296.875;289.062.480.926.514;3.385.416;474.537;49.189.820.000.000.000;4.224.537;36.747.679.999.999.900;2.239.583;9.577.546;;2.054.398
220202;01/09/2018 22.02;2.399.479;4.791.666;50.564.235.687.255.800;43.185.759.999.999.900;629.513.916.015.625;7.549.378;1.511.863;166.522;15.697.339.999.999.900;1.506.076;3.755.788;4.621.275;3.692.472;13.057.739.999.999.900;419.772;;4.638.431;4.620.043;2.540.202;6.765.781;4.040.241;8.953.771;5.424.366;11.073.139.999.999.900;6.096.781;7.018.702;7.967.999;31.985.400.000.000.000;7.954.948;5.104.778;6.453.704;8.828.124;9.038.698;4.877.115;2.647.589;5.453.882;8.011.069;00.00;4.791.666;2.994.792;484.375;3.020.833;289.062.480.926.514;3.385.416;4.658.565;49.189.820.000.000.000;4.195.602;3.732.639;2.216.435;9.519.676;;2.039.931
220203;01/09/2018 22.03;2.404.398;47.916.664.123.535.200;50.564.235.687.255.800;43.185.760.498.046.800;632.870.361.328.125;7.588.432;150.463;1.670.284;1.573.351;1.511.863;38.049.859.999.999.900;4.550.486;3.666.919;1.302.759;4.211.734;;4.650.403;4.659.204;2.587.724;6.764.913;406.275;8.947.119;5.427.509;1.110.525;6.118.529;7.012.427;8.025.521;31.739.099.999.999.900;7.897.723;4.914.735;6.759.259;8.770.833;8.992.505;4.915.102;2.659.983;554.587;8.046.144;00.00;4.817.708;3.046.875;5.104.166;3.046.875;289.062.480.926.514;3.385.416;462.963;48.900.459.999.999.900;4.166.667;37.326.389.312.744.100;2.199.074;9.403.935;;2.016.782
220204;01/09/2018 22.04;2.402.431;4.791.666;50.564.240.000.000.000;43.185.760.498.046.800;623.726.806.640.625;7.435.064;151.548;166.522;1.553.096;15.053.529.999.999.900;3.739.309;4.503.286;3.547.809;13.092.360.000.000.000;4.206.605;;4.617.393;4.616.364;2.513.291;6.744.355;4.056.002;8.939.325;5.416.456;1.109.517;6.099.374;7.008.566;8.011.024;3.161.454;7.791.003;4.811.681;6.847.222;8.916.666;8.826.127;4.889.276;2.671.765;5.585.414;8.009.034;00.00;4.817.708;3.098.958;5.494.791;3.098.958;289.062.480.926.514;3.411.458;4.600.694;4.976.852;4.195.602;37.326.389.312.744.100;2.190.394;9.259.259;;1.999.421
220205;01/09/2018 22.05;24.004.630.000.000.000;4.782.986;5.060.764;43.185.760.498.046.800;626.736.083.984.375;7.406.406;151.548;166.088;1.577.691;1.508.247;369.771;4.504.299;3.444.729;1.311.844;4.183.014;;4.627.549;4.600.682;2.514.326;6.779.174;4.055.379;8.938.002;5.419.092;1.108.204;6.103.564;6.995.056;8.003.708;3.131.844;8.092.122;5.104.919;6.791.666;8.994.791;9.087.872;4.771.408;2.646.717;553.744;8.016.558;00.00;4.739.583;31.25.00;58.333.330.000.000.000;3.046.875;289.062.480.926.514;34.375;4.513.889;5.092.593;41.087.959.999.999.900;37.326.389.312.744.100;2.199.074;931.713;;1.987.847
220206;01/09/2018 22.06;240.735;47.829.860.687.255.800;50.564.240.000.000.000;43.185.760.498.046.800;6.314.814.453.125;7.605.787;1.511.863;166.522;15.653.929.999.999.900;1.511.863;3.654.566;4.485.155;3.395.243;13.111.839.999.999.900;4.175.327;;4.630.221;4.620.288;2.521.055;6.772.891;4.058.638;8.948.422;5.432.280.000.000.000;11.102.069.999.999.900;6.123.954;6.994.443;8.034.467;3.110.925;7.953.755;4.993.195;7.083.333;9.479.166;9.082.519;483.911;2.668.033;5.562.639;8.086.664;00.00;46.875;3.098.958;6.015.625;3.046.875;2.890.625;3.515.625;44.849.540.000.000.000;52.372.679.999.999.900;4.079.861;37.326.389.312.744.100;2.213.542;9.519.676;;197.338
220207;01/09/2018 22.07;24.004.630.000.000.000;47.829.860.687.255.800;50.564.240.000.000.000;43.185.760.498.046.800;638.657.409.667.969;7.440.229.000.000.000;150.463;166.522;15.617.770.000.000.000;1.508.247;36.340.740.000.000.000;4.478.546;33.298.390.000.000.000;1.309.018;4.207.465;;4.638.562;4.580.995;2.484.608;675.377;4.060.249;8.937.658;5.409.424;1.105.358;6.074.948;6.995.643;7.995.714;3.068.454;7.947.882;4.931.186;6.907.407;9.036.458;9.024.453;4.843.085;2.633.617;5.599.669;8.093.221;00.00;4.583.333;3.020.833;6.041.666;30.208.332.061.767.600;2.916.667;3.541.666;44.560.179.999.999.900;552.662;4.079.861;37.326.389.312.744.100;2.184.606;9.751.156.999.999.990;;1.956.019
220208;01/09/2018 22.08;2.402.431;4.782.986;5.065.104;43.185.759.999.999.900;635.648.193.359.375;7.302.032;150.897;166.522;15.653.929.999.999.900;1.511.863;3.785.722;4.459.659;3.332.042;13.093.589.999.999.900;4.223.193;;4.641.053;4.641.309;2.559.549;6.779.217;4.059.736;896.567;5.430.969;11.124.260.000.000.000;6.092.629;6.961.492;8.011.025;3.033.676;7.832.964;4.834.779;6.490.740.000.000.000;8.588.541;8.924.748;4.728.037;2.623.583;553.234;8.080.546;00.00;4.453.125;2.916.667;61.458.330.000.000.000;2.994.792;291.666.660.308.838;3.567.708;4.398.148;5.700.232;4.079.861;37.326.389.312.744.100;2.161.458;9.866.898;;1.950.231
220209;01/09/2018 22.09;2.404.398;4.778.646;5.060.764;4.314.236;629.976.806.640.625;7.189.904;150.897;166.088;15.653.929.999.999.900;1.508.247;3.885.735;443.017;334.521;1.309.206;4.202.958;;4.649.031;4.663.078;2.589.635;6.749.165;4.055.123;8.910.189;5.409.435;1.108.803;6.086.877;7.022.466;8.007.754;2.987.711;7.908.161;4.924.258;6.745.369.999.999.990;8.968.749;8.841.086;4.758.355;2.583.211;5.434.849;8.051.724;00.00;4.401.041;2.890.625;6.171.875;296.875;291.666.660.308.838;3.619.791;4.369.213;59.317.130.000.000.000;4.050.926;37.326.389.312.744.100;2.213.542;9.953.703;;1.944.444
220210;01/09/2018 22.10;2.399.479;477.864.570.617.676;50.607.635.498.046.800;43.142.360.687.255.800;626.620.361.328.125;7.101.634;15.234.379.999.999.900;166.522;1.573.351;1.516.204;4.054.133;4.395.528;3.305.966;131.552;419.99;;4.627.223;4.584.308;2.489.106;6.765.872;4.059.311;8.949.949;5.404.828;1.104.563;6.089.543;6.978.607;7.988.918;2.954.027;8.010.455;4.947.368;6.722.222;9.354.166;9.035.477;4.728.855;2.635.603;5.532.672;8.053.012;00.00;4.427.083;2.890.625;63.020.830.000.000.000;296.875;2.916.667;3.697.916;4.369.213;59.895.830.000.000.000;4.079.861;3.732.639;2.239.583;1.009.838;;1.941.551
220211;01/09/2018 22.11;2.406.366;4.778.646;50.607.635.498.046.800;43.142.360.687.255.800;6.318.287.353.515.630;7.280.865;1.496.672;1.670.284;155.816;15.053.529.999.999.900;4.149.935;4.337.639;331.911;130.913;4.202.445;;4.615.389;4.644.134;2.562.639;6.719.685;4.058.169;8.919.862;5.392.181;1.108.218;606.096;6.960.128;799.62;2.924.479;7.961.381;5.071.915;711.574;9.765.624;9.308.871;4.867.552;2.639.506;5.585.344;8.064.783;00.00;4.427.083;3.020.833;7.135.416;3.020.833;296.875;37.05.00;44.560.179.999.999.900;5.844.906.999.999.990;41.087.959.999.999.900;3.761.574;2.204.861;1.024.306;;1.929.977
220212;01/09/2018 22.12;2.401.447;4.774.305;50.607.635.498.046.800;43.142.360.687.255.800;632.754.638.671.875;7.339.518.000.000.000;151.548;166.522;15.697.339.999.999.900;150.897;4.142.062;4.279.493;33.656.929.999.999.900;1.310.332;4.193.033;;4.601.879;4.647.892;2.573.912;6.722.532;4.043.795;8.926.024;5.411.299;1.108.045;6.088.975;6.990.427;8.001.782;2.905.158;8.082.659;5.181.786;687.05.00;9.296.874;9.020.658;4.911.559;2.669.169;564.891;8.061.921;00.00;4.453.125;3.229.166;8.098.958;3.046.875;296.875;4.010.416;4.600.694;5.613.426;4.195.602;390.625;2.170.139;1.009.838;;1.921.296
220213;01/09/2018 22.13;2.402.431;477.430.534.362.793;50.607.635.498.046.800;4.314.236;636.111.083.984.375;7.339.835;150.897;166.088;15.697.339.999.999.900;1.506.076;4.048.219;4.240.417;3.411.521;1.305.921;4.204.193;;4.643.467;4.621.632;2.542.008;6.730.554;4.045.621;8.942.227;5.395.458;1104.36.00;6.084.386;6.975.226;7.987.155;2.870.914;7.954.026;505.006;6.606.481;9.114.583;8.784.049;4.800.331;26.296.299.999.999.900;5.545.881;8.027.293;00.00;4.401.041;3.307.291;8.697.916;3.046.875;2.994.792;4.322.916;541.088;5.324.074;4.340.278;4.050.926;2.132.523;9.895.834;;1.906.829
220214;01/09/2018 22.14;2.404.398;477.430.534.362.793;50.607.635.498.046.800;4.305.555;626.620.361.328.125;721.808;150.897;1.670.284;1.577.691;15.010.129.999.999.900;3.967.807;42.542.640.000.000.000;33.811.809.999.999.900;13.098.339.999.999.900;4.205.941;;4.627.609;4.663.092;2.584.996;6.740.775;4.052.981;8.933.875;5.423.517;1.107.796;6.092.731;6.955.958;7.976.649;2.841.241;8.032.760.000.000.000;5.013.484;6.462.963;8.755.208;9.023.937;4.879.109;2.602.007;5.505.615;8.070.616;00.00;4.296.875;3.515.625;8.854.166;30.208.332.061.767.600;299.479.160.308.838;453.125;4.947.917;5.034.722;4.513.889;41.087.959.999.999.900;208.912;9.866.898;;1.880.787
220215;01/09/2018 22.15;2.396.528;4.774.305;50.607.635.498.046.800;430.555.534.362.793;6.280.093;7.188.991.999.999.990;150.897;166.522;15.653.929.999.999.900;1.508.247;39.242.709.999.999.900;4.266.415;33.965.579.999.999.900;1.313.304;4.200.394;;4.626.983;4.675.793;2.597.359;6.748.832;4.063.228;8.932.202;540.564;1.107.094;6.089.946;6.975.914;8.006.255;2.812.955;8.126.793;487.395;6.768.519;8.020.833;873.186;4.799.094;261.744;5.534.234;8.090.795;00.00;4.296.875;3.567.708;8.854.166;2.994.792;2.994.792;4.583.333;5.208.333;4.803.241;46.875;41.087.959.999.999.900;2.037.037;9.751.156.999.999.990;;1.863.426
220216;01/09/2018 22.16;240.735;4.769.965;50.607.635.498.046.800;430.555.534.362.793;62.847.216.796.875;7.412.992;1.511.863;166.088;15.567.129.999.999.900;15.053.529.999.999.900;3.886.718;4.228.994;33.686.809.999.999.900;13.029.710.000.000.000;4.205.378;;4.648.639;4.631.219;2.542.438;6.773.101;4.051.075;894.074;5.399.615;1.105.577;6.068.429;6.983.806;7.984.316;2.785.786;8.001.927;5.012.075;6.833.333;8.489.583;8.959.318;4.737.179;2.631.849;555.629;8.132.345;00.00;4.296.875;3.489.583;8.645.833;296.875;3.020.833;4.557.291;5.208.333;462.963;4.832.176;40.798.610.687.255.800;2.008.102;9.693.287;;1.837.384
220217;01/09/2018 22.17;2.402.431;47.699.649.810.790.900;50.607.635.498.046.800;430.555.534.362.793;645.601.867.675.781;7.350.889.000.000.000;15.010.129.999.999.900;166.522;15.653.929.999.999.900;15.053.529.999.999.900;3.838.125;4.222.425;3.355.733;1.326.491;4.195.574;;4.637.102;4.671.439;2.595.209;6.772.014;4.069.007;8.922.399;5.401.852;1107.09.00;6.096.423;6.996.327;7.987.422;2.759.878;8.039.985;5.054.773;6.754.630.000.000.000;8.864.583;8.818.489.999.999.990;4.753.351;2.601.181;5.501.189;8.081.693;00.00;4.296.875;34.375;8.619.791;2.916.667;3.020.833;4.479.166;5.121.528;44.849.540.000.000.000;49.189.820.000.000.000;4.050.925.827.026.370;2.002.315;9.664.352;;1.811.343
220218;01/09/2018 22.18;24.004.630.000.000.000;47.699.649.810.790.900;50.607.635.498.046.800;4.305.555;6.350.694.580.078.130;7.408.606;15.198.210.000.000.000;166.522;1.573.351;1.508.247;3.883.923;42.725.390.000.000.000;3.390.436;13.215.329.999.999.900;4.193.493;;4.614.973;4.646.565;2.560.195;6.762.787;4.054.333;8.920.112;5.401.529;1.105.246;606.95;6.997.538;8.003.501;2.740.707;8.027.366;4.888.175;6.782.407;9.010.416;8.841.133;4.748.456;2.595.245;5.466.503;8.007.017;00.00;4.192.708;3.385.416;8.776.041;2.890.625;2.994.792;4.427.083;5.063.657;4.369.213;4.947.917;4.021.991;1.993.634;9.577.546;;1.796.875
220219;01/09/2018 22.19;240.735;47.699.649.810.790.900;50.607.635.498.046.800;4.301.215;6.283.564.453.125;7.449.403.000.000.000;150.897;166.522;15.653.929.999.999.900;15.053.529.999.999.900;386.249;4.268.047;3.392.689;1.322.742;4.208.773;;4.652.304;4.668.759;25.984.849.999.999.900;6.781.733;4.063.367;8.961.122;5.433.088;1108.56.00;6.085.327;7.018.545;8.010.905;2.723.376;8.087.355;5.022.819;6.833.333;8.963.541;8.785.725;4.867.691;2.634.463;5.526.196;8.003.239;00.00;4.140.625;3.255.208;87.05.00;28.645.832.061.767.600;2.994.792;4.453.125;5.092.593;4.311.343;49.189.820.000.000.000;3.935.185;1.999.421;93.75;;1.799.769
220220;01/09/2018 22.20;2.399.479;4.769.965;50.607.635.498.046.800;43.012.149.810.790.900;632.754.638.671.875;7.406.134;151.548;166.522;15.697.339.999.999.900;15.198.210.000.000.000;3.889.682;43.229.690.000.000.000;33.851.209.999.999.900;13.193.810.000.000.000;4.198.722;;4.652.879;4.665.441;2.593.897;6.794.459;4.067.129;8.952.216;5.448.398;1106.89;6.127.123;7.028.818;8.006.692;2.697.089;8.096.998;4.951.249;6.884.259;8.796.874;8.953.326;4.745.005;2.640.968;5.580.867;8.035.134;00.00;40.625;3.177.083;8.645.833;2.838.542;296.875;4.453.125;5.179.398;4.253.472;4.832.176;390.625;2.028.356;9.114.584;;1.785.301
220221;01/09/2018 22.21;2.406.366;4.761.285;5.060.764;43.012.149.810.790.900;630.902.770.996.094;7.292.504;150.897;166.088;15.820.310.000.000.000;1.511.863;39.954.029.999.999.900;43.098.240.000.000.000;3.384.389;13.215.329.999.999.900;42.035.699.999.999.900;;4.650.172;4.659.985;2.565.756;6.779.567;4.056.776;8.944.743;5.429.219;1.109.345;6.089.328;6.984.008;798.61;2.680.124;7.911.851;4.931.342;6.731.481;9.057.291;8.917.419;462.351;2.639.423;5.561.826;8.019.648;00.00;4.036.458;3.098.958;8.723.958;2.786.458;296.874.980.926.514;4.453.125;52.662.040.000.000.000;4.195.602;4.774.306;3.819.444;2.074.653;8.796.296;;176.794
220222;01/09/2018 22.22;2.404.398;476.128.463.745.117;5.065.104;43.012.149.810.790.900;6.476.851.806.640.630;7.180.724.000.000.000;151.548;1.656.539;1.573.351;1.508.247;4.033.846;4.316.186;3.318.565;13.243.879.999.999.900;4.215.063;;4.634.841;469.075;2.621.962;6.827.129;4.058.773;8.934.252;5.441.046;1.111.758;6.124.479;7.017.332;799.554;2.666.481;8.038.398;497.32.00;6.754.630.000.000.000;8.880.208;8.953.329;4.570.314;2.684.315;5.638.881;8.078.451;00.00;4.166.666;3.098.958;890.625;27.864.582.061.767.600;296.875;4.453.125;5.381.944;41.087.959.999.999.900;46.875;3.790.509;2.152.778;8.449.074;;1.756.366
220223;01/09/2018 22.23;2.399.479;476.128.463.745.117;5.060.764;43.012.149.810.790.900;6.322.916.259.765.630;7.125.004;151.548;1.670.284;155.816;15.053.529.999.999.900;4.045.718;43.563.959.999.999.900;326.896;1.320.527;4.207.656;;4.639.216;4.629.938;2.540.567;6.809.554;4.067.262;8.947.682;5.451.564;1.116.423;6.095.377;7.033.542;803.951;2.636.696;7.943.935;491.166;6.592.593;8.901.041;8.940.369.999.999.990;4.500.824;2.631.092;5.656.004;8.191.285;00.00;4.270.833;3.255.208;9.036.458;2.786.458;2.994.792;4.479.166;546.875;4.050.926;462.963;3.761.574.172.973.620;2.196.181;8.420.139;;1.747.685
220224;01/09/2018 22.24;2.404.398;476.128.463.745.117;5.060.764;4.301.215;6.289.351.806.640.630;7.226.248.000.000.000;150.897;166.522;15.653.929.999.999.900;15.169.270.000.000.000;4.120.381;4.409.473;3.226.617;13.293.560.000.000.000;42.104.699.999.999.900;;4.650.171;4.660.981;2.568.006;6.792.219;4.053.885;8.939.642;5.442.104;1.112.511;6.100.938;7.025.678;8.016.603;2.610.264;8.152.360.000.000.000;4.858.196;7.087.963;8.953.124;8.922.365;4.636.827;2.547.439;5.557.895;8.121.147;00.00;4.401.041;34.375;8.984.375;2.838.542;30.208.332.061.767.600;453.125;5.613.426;396.412;4.542.824;3.732.639;2.230.903;8.304.398;;1.736.111
220225;01/09/2018 22.25;2.399.479;476.128.463.745.117;5.065.104;4.296.875;62.488.427.734.375;7.331.315;150.897;166.522;15.567.129.999.999.900;15.010.129.999.999.900;40.630.359.999.999.900;4.451.163;31.988.559.999.999.900;13.269.620.000.000.000;4.213.681;;4.653.626;4.648.336;2.572.912;6.756.525;4.053.647;8.997.945;5.432.266;1.111.639;6.112.474;702.503;7.998.132;2.591.971;791.01.00;4.938.648;6.671.296;8.864.583;9.253.088;4.778.213;2.471.389;5.364.384;8.170.845;00.00;4.479.166;3.619.791;8.880.208;283.854.160.308.838;3.046.875;4.479.166;5.815.971.999.999.990;390.625;44.849.540.000.000.000;3.732.639;228.588;8.072.916;;1.736.111
220226;01/09/2018 22.26;2.406.366;476.128.463.745.117;5.060.764;4.296.875;628.587.951.660.156;7.405.660.999.999.990;151.548;166.088;1.576.968;1.520.544;41.096.509.999.999.900;4.468.676;3.179.907;13.249.189.999.999.900;4.219.576;;462.481;467.374;2.597.526;6.779.271;4.066.322;8.959.261;5.441.857;11.057.910.000.000.000;6.125.326;6.978.627;7.994.128;2.568.666;7.865.056;4.997.751;6.652.778;9.302.083;8.941.784;468.972;2.437.368;5.218.417;8.125.828;00.00;453.125;3.776.041;8.984.375;283.854.160.308.838;304.687.480.926.514;4.453.125;5.844.906.999.999.990;3.819.444;44.560.179.999.999.900;36.747.679.999.999.900;2.384.259;7.725.694;;1.739.005
220227;01/09/2018 22.27;2.404.398;476.128.463.745.117;50.607.635.498.046.800;4.296.875;632.407.409.667.969;7.241.351;15.010.129.999.999.900;166.088;15.617.770.000.000.000;1.511.863;4.112.778;4.449.532;3.225.708;1.328.943;4.216.797;;4.624.677;4.645.529;25.644.299.999.999.900;6.761.436;4.059.431;8.918.181;5.434.191;1.106.361;6.055.294;6.982.787;7.985.272;2.555.694;8.041.528;5.021.844;6.921.296;9.046.874;9.278.122;48.257.099.999.999.900;2.481.796;5.275.179;8.082.272;00.00;453.125;390.625;9.140.625;283.854.160.308.838;304.687.480.926.514;4.479.166;59.606.480.000.000.000;3.790.509;4.398.148;367.476.844.787.598;2.456.597;7.523.148;;1.753.472
220228;01/09/2018 22.28;2.404.398;476.128.463.745.117;50.607.635.498.046.800;4.296.875;632.407.409.667.969;7.241.351;15.010.129.999.999.900;166.088;15.617.770.000.000.000;1.511.863;4.112.778;4.449.532;3.225.708;1.328.943;4.213.127;;4.635.877;4.662.927;25.807.439.999.999.900;6.755.911;4.061.113;8.967.019;5.435.273;11.057.160.000.000.000;6.131.125;6.991.938;7.997.234;252.475;8.113.787;502.219;6.861.111;9.119.791;8.994.871;4.812.781;2.508.938;5.296.292;8.066.209;00.00;453.125;390.625;9.140.625;2.838.542;3.046.875;4.479.166;59.606.480.000.000.000;3.790.509;4.398.148;36.747.679.999.999.900;2.456.597;7.523.148;;1.753.472
220229;01/09/2018 22.29;240.735;476.128.463.745.117;50.607.635.498.046.800;4.296.875;6.384.259.033.203.130;7.356.513.000.000.000;151.548;166.088;15.617.770.000.000.000;15.010.129.999.999.900;4.216.447;4.396.091;3.269.041;13.300.839.999.999.900;4.192.086;;461.709;4.660.308;2.573.095;6.729.001;4.055.417;8.859.734;5.432.402;1.108.624;6.112.916;6.994.951;7.999.194;2.496.387;7.934.726;5.039.872;7.009.259;9.531.249;8.928.107;4.870.862;2.493.232;5.263.542;8.042.996;00.00;4.557.291;4.140.625;9.348.958;2.786.458;3.098.958;4.661.458;6.105.324;3.732.639;4.253.472;364.583.320.617.676;2.508.681;7.783.565;;1.799.769
220230;01/09/2018 22.30;2.396.528;4.761.285;5.060.764;4.296.875;6.233.796;7.008.565;150.897;166.522;15.653.929.999.999.900;15.053.529.999.999.900;4.131.237;4.404.355;32.665.079.999.999.900;1.320.636;419.209;;462.926;4.556.059;2.456.048;6.744.841;4.047.351;8.928.802;5.412.966;1.109.886;6.096.534;7.042.215;7.945.413;2.463.498;8.039.583;5.030.968;7.013.889;9.135.416;9.298.771;4.693.481;2.513.963;5.202.514;7.961.628;00.00;4.557.291;4.140.625;9.166.666;2.786.458;3.098.958;46.875;6.336.805;36.747.679.999.999.900;4.224.537;3.616.898;245.081;7.928.241;;1.834.491
220231;01/09/2018 22.31;240.735;4.756.944;50.564.240.000.000.000;4.296.875;6.369.213;7.094.266.999.999.990;151.548;166.522;15.697.339.999.999.900;15.010.129.999.999.900;4.178.954;4.438.349;3.334.557;1.316.322;4.220.871;;4.640.557;4.643.777;2.567.151;6.765.469;4.070.883;8.959.791;5.418.248;1.109.871;6.100.508;7.020.348;7.978.036;2.429.115;7.945.432;4.986.319;6.671.296;9.218.749;9.066.946;4.716.287;2.490.512;5.159.955;7.789.053;00.00;4.479.166;4.088.541;9.140.625;2.760.417;3.046.875;4.661.458;6.365.741;3.645.833;4.195.602;361.689.796.447.754;2.433.449;7.986.111;;1.869.213
220232;01/09/2018 22.32;2.406.366;4.756.944;5.060.764;4.296.875;6.351.852;7.256.624.000.000.000;1.511.863;1.675.347;15.697.339.999.999.900;1.508.247;41.923.759.999.999.900;4.470.903;3.348.946;1.322.342;4.212.293;;4.635.535;4.628.673;2.549.643;6.764.089;4.065.284;897.183;5.428.336;1.109.755;6.109.133;7.011.017;8.020.426;2.381.385;7.864.402;5.026.483;6.523.148;9.145.833;8.975.427;4.748.704;2.522.751;5.242.157;7.819.071;00.00;4.453.125;4.036.458;93.75;276.041.660.308.838;304.687.480.926.514;4.661.458;6.423.611;3.645.833;4.166.667;361.689.796.447.754;2.430.556;7.928.241;;1.895.255
220233;01/09/2018 22.33;2.399.479;4.761.285;5.060.764;4.296.875;6.333.333.740.234.380;7.333.700.999.999.990;15.198.210.000.000.000;1.670.284;1.573.351;1.508.247;411.759;4.477.127;33.568.020.000.000.000;1.308.331;4.185.892;;4.609.975;4.612.842;25.183.869.999.999.900;6.729.667;4.050.083;8.949.063;5.403.022;1.109.308;6.077.452;6.932.949;8.007.291;2.390.066;7.693.427;4.848.053;6.527.778;8.552.083;8.758.313;476.014;2.428.749;5.092.868;7.720.622;00.00;4.322.916;3.958.333;93.75;276.041.660.308.838;304.687.480.926.514;46.875;6.568.287;3.616.898;4.195.602;361.689.796.447.754;244.213;7.957.176;;1.912.616
220234;01/09/2018 22.34;240.735;4.756.944;5.065.104;4.296.875;634.143.493.652.344;753.681;150.897;1.670.284;15.617.770.000.000.000;15.053.529.999.999.900;40.641.220.000.000.000;4.455.495;33.616.690.000.000.000;13.169.479.999.999.900;4.209.507;;4.633.894;4.711.356;26.280.419.999.999.900;6.783.085;4.068.568;8.968.739.999.999.990;5.429.706;1113.89;6.151.247;7.052.963;8.039.808;2.318.961;8.042.581;5.008.271;6.777.778;9.166.666;9.087.901;4.692.563;2.336.779;49.233.099.999.999.900;7.644.594;00.00;4.166.666;3.776.041;9.010.416;276.041.660.308.838;3.046.875;4.713.541;6.655.093.000.000.000;3.645.833;4.224.537;361.689.796.447.754;2.398.727;7.957.176;;192.419
220235;01/09/2018 22.35;2.399.479;4.761.285;5.060.764;4.296.875;629.745.361.328.125;7.370.834;150.463;1.670.284;15.653.929.999.999.900;1.511.863;4.047.267;4.496.321;3.422.388;1.315.461;4.203.962;;4.624.168;4.662.508;2.586.451;6.768.894;4.041.056;8.954.918;5.415.344;1.107.555;6.099.081;7.017.715;8.014.131;2.265.643;7.984.512;4.896.489;7.263.889;9.578.124;9.086.955;4.898.485;2.353.252;4.956.336;7.678.182;00.00;40.625;3.567.708;8.723.958;2.760.417;30.208.332.061.767.600;4.609.375;6.626.156.999.999.990;3.732.639;4.253.472;3.616.898;2.346.644;7.986.111;;1.935.764
220236;01/09/2018 22.36;2.402.431;476.128.463.745.117;50.607.635.498.046.800;4.296.875;6.461.805.419.921.880;7.280.161;1.511.863;1.670.284;1.573.351;1.508.247;409.462;4.513.337;34.287.659.999.999.900;13.151.539.999.999.900;4.209.219;;4.624.193;4.602.641;2.519.466;6.743.563;4.063.106;8.950.663;542.865;11.101.860.000.000.000;6.087.063;696.182;7.996.366;2.230.747;7.911.803;4.820.936;6.754.630.000.000.000;9.270.833;9.157.153;4.873.076;2.356.303;5.037.047;7.704.017;00.00;4.166.666;3.541.666;8.619.791;2.734.375;2.994.792;4.479.166;6.799.769;3.790.509;4.340.278;3.645.833;2.303.241;8.101.852;;1.958.912
220237;01/09/2018 22.37;2.404.398;476.128.463.745.117;50.607.635.498.046.800;4.292.535;6.303.240.966.796.880;7.266.589;15.234.379.999.999.900;166.522;15.567.129.999.999.900;1.511.863;41.299.609.999.999.900;4.570.126;34.443.659.999.999.900;1.319.096;420.86;;4.651.445;4.588.547;2.491.991;6.762.038;4.062.576;8.983.660.000.000.000;5.427.348;1.109.184;6.112.606;7.013.844;8.029.079;218.179;8.072.956;5.182.198;6.662.037;9.265.624;8.874.882;4.859.291;2.419.583;5.090.049;7.715.142;00.00;4.322.916;34.375;8.645.833;2.734.375;299.479.160.308.838;4.427.083;708.912;3.877.315;4.369.213;364.583.320.617.676;2.282.986;8.275.463;;2.010.995
220238;01/09/2018 22.38;24.004.630.000.000.000;476.128.463.745.117;50.607.635.498.046.800;42.925.346.374.511.700;6.305.555.419.921.880;7.218.491;1.511.863;1.675.347;1.573.351;1.508.247;417.279;4.589.028;3.463.068;1.322.109;4.206.459;;4.642.234;4.617.077;25.208.909.999.999.900;6.760.319.999.999.990;4.049.302;8.934.174;5.420.887;1.108.397;6.108.326;6.978.875;7.980.287;2.146.177;7.980.425;4.917.975;6.847.222;9.239.583;8.971.393;4.890.983;2.469.718;5.165.706;7.755.216;00.00;4.348.958;3.411.458;87.05.00;2.760.417;299.479.160.308.838;4.401.041;7.146.991;4.021.991;4.369.213;364.583.320.617.676;2.271.412;8.506.944;;2.045.718
220239;01/09/2018 22.39;2.406.366;476.128.463.745.117;50.607.635.498.046.800;42.925.346.374.511.700;621.643.493.652.344;744.292;1.511.863;1.675.347;15.653.929.999.999.900;15.053.529.999.999.900;41.835;4.592.338;3.408.265;13.133.070.000.000.000;4.205.746;;4.667.944;4.677.692;25.884.240.000.000.000;6.764.164;4.059.939;8.945.976;5.393.784;1.112.652;610.437;6.978.484;7.995.816;2.106.933;8.025.394;4.999.545;6.907.407;9.343.749;9.082.495;4.935.666;2.527.984;5.292.898;779.72;00.00;4.348.958;3.385.416;890.625;2.760.417;299.479.160.308.838;4.427.083;697.338;41.087.959.999.999.900;44.849.540.000.000.000;3.645.833;2.277.199;8.738.426;;2.074.653
220240;01/09/2018 22.40;24.004.630.000.000.000;476.128.463.745.117;5.060.764;42.925.346.374.511.700;638.657.409.667.969;7.456.424;15.010.129.999.999.900;166.522;15.653.929.999.999.900;15.053.529.999.999.900;4.175.983;4.648.597;337.887;1.314.466;4.215.691;;4.622.783;4.617.732;2.525.791;6.768.956;4.055.671;8.938.885;5.433.571;1.105.799;6.114.942;7.004.385;8.021.021;20.809.799.999.999.900;8.085.471;4.965.189;6.856.481;9.109.374;9.101.292;507.324;2.547.636;5.347.017;7.856.371;00.00;4.322.916;3.307.291;9.114.583;2.786.458;299.479.160.308.838;4.479.166;6.828.703;4.311.343;4.658.565;36.747.679.999.999.900;2.291.667;8.969.906.999.999.990;;2.112.269
220241;01/09/2018 22.41;2.404.398;476.128.463.745.117;5.065.104;42.925.346.374.511.700;6.252.314.453.125;7.529.633.000.000.000;15.198.210.000.000.000;166.522;15.697.339.999.999.900;15.053.529.999.999.900;4.157.998;4.698.851;3.311.087;1.323.368;42.005.800.000.000.000;;4.619.836;4.597.388;2.521.975;6.767.308;4.054.436;8.893.304;5.427.072;1106.64;6.119.664;7.029.372;8.036.411;2.042.426;8.085.999;4.993.472;6.597.222;8.588.541;8.711.921;4.845.121;2.551.927;5.344.462;7.895.779;00.00;4.348.958;3.359.375;9.036.458;27.864.582.061.767.600;299.479.160.308.838;4.557.291;6.712.963;44.560.179.999.999.900;4.803.241;3.761.574;2.282.986;93.75;;2.173.032
220242;01/09/2018 22.42;2.402.431;476.128.463.745.117;5.060.764;42.925.346.374.511.700;623.148.132.324.219;7.452.988;150.463;1.660.156;15.653.929.999.999.900;1.511.863;4.133.164;4.859.137;3.329.221;1.324.165;4.213.688;;463.975;4.619.639;2.527.966;6.764.221;4.063.979;8.950.594;5.435.413;1.111.066;6.090.354;702.914;8.053.875;2.007.784;8.142.888;5.018.286;6.490.740.000.000.000;9.072.916;9.036.139;4.834.191;2.500.438;5.262.643;7.862.872;00.00;4.453.125;3.359.375;8.854.166;2.786.458;299.479.160.308.838;453.125;6.655.093.000.000.000;44.849.540.000.000.000;4.803.241;3.790.509;2.239.583;1.001.157;;2.216.435
220243;01/09/2018 22.43;2.399.479;4.761.285;50.607.635.498.046.800;42.925.346.374.511.700;6.310.185.546.875;7.307.083;1.511.863;166.522;1.573.351;1.511.863;4.114.793;4.961.655;3.300.861;13.209.520.000.000.000;4.203.509;;4.637.083;4.589.447;2.497.097;6.769.362;4.058.301;8.966.031;542.839;1.109.384;6.107.516;7.005.142;8.033.242;1.975.938;8.011.462;4.905.007;6.546.296;8.859.374;9.217.521;4.798.585;2.532.487;5.252.894;7.843.099;00.00;453.125;3.307.291;8.567.708;2.838.542;299.479.160.308.838;4.453.125;6.626.156.999.999.990;44.560.179.999.999.900;4.803.241;379.050.941.467.285;218.75;1.053.241;;2.259.838
220244;01/09/2018 22.44;2.405.382;4.769.965;5.060.764;42.925.346.374.511.700;636.342.590.332.031;7.348.824;150.897;1.675.347;15.653.929.999.999.900;1.511.863;4.139.741;5.028.972;3.319.632;1.321.473;4.197.221;;4.634.413;461.49.00;25.259.560.000.000.000;675.245;4.053.341;8.945.869;5.433.099;1.110.741;6.099.185;6.987.454;8.008.342;1.954.854;8.042.411;4.961.122;7.129.630.000.000.000;8.526.041;8.807.615;4.888.894;2.556.554;531.975;7.913.107;00.00;4.557.291;328.125;8.385.416;283.854.160.308.838;299.479.160.308.838;4.401.041;6.568.287;44.560.179.999.999.900;4.803.241;3.790.509;2.170.139;1.111.111;;2.303.241
220245;01/09/2018 22.45;24.004.630.000.000.000;47.699.649.810.790.900;50.564.240.000.000.000;42.925.346.374.511.700;629.745.361.328.125;7.330.439;1.511.863;1.675.347;1.581.308;15.053.529.999.999.900;41.853.590.000.000.000;5.057.253;3.317.357;1.325.421;4.189.468;;4.647.328;461.986;2.532.205;6.786.038;4.071.139;8.975.567;5.441.149;1.111.458;6.079.576;704.887;8.059.937;1.931.851;8.101.849;4.954.854;6.717.593;8.776.041;8.916.328;4.834.788;2.584.685;5.433.045;7.947.098;00.00;453.125;328.125;8.307.291;2.838.542;299.479.160.308.838;4.348.958;6.481.481;4.600.694;4.774.306;3.761.574;2.175.926;119.213;;2.335.069
220246;01/09/2018 22.46;2.402.431;47.699.649.810.790.900;5.060.764;42.925.346.374.511.700;63.784.716.796.875;7.494.405;15.010.129.999.999.900;166.522;15.653.929.999.999.900;1.516.204;40.951.190.000.000.000;505.212;3.291.567;1.278.054;4.206.277;;4.664.493;4.654.034;2.570.328;6.777.482;4.078.396;8.948.824;5.455.189;11.075.910.000.000.000;6.134.326;7.049.826;8.057.151;1.896.535;795.217;4.900.405;6.814.814;8.838.541;8.574.174;4.889.966;2.618.586;5.453.286;7.904.554;00.00;4.453.125;3.307.291;8.359.375;2.864.583;299.479.160.308.838;4.322.916;6.394.676;4.658.565;474.537;3.761.574.172.973.620;2.190.394;1.270.255;;2.349.537
220247;01/09/2018 22.47;2.404.398;47.699.649.810.790.900;50.564.240.000.000.000;42.925.346.374.511.700;6.251.157;7.488.600.000.000.000;150.897;166.522;1.573.351;1.508.247;4.147.588;5.085.569;3.281.167;13.041.160.000.000.000;4.208.445;;4.609.029;4.742.804;2.666.839;6.774.917;4.062.808;8.896.177;5.409.072;11.075.339.999.999.900;6.105.968;7.028.727;7.991.559;1.860.371;8.061.267;5.125.118;6.837.963;8.729.166;8.884.944;4.757.399;2.628.877;5.512.655;7.912.878;00.00;4.427.083;3.307.291;8.307.291;28.645.832.061.767.600;2.994.792;4.296.875;6.423.611;46.875;46.875;3.761.574.172.973.620;2.213.542;12.991.899.999.999.900;;2.355.324
220248;01/09/2018 22.48;2.399.479;47.699.649.810.790.900;50.564.240.000.000.000;42.925.346.374.511.700;631.712.951.660.156;7.368.489;150.897;166.522;15.653.929.999.999.900;1.508.247;4.117.387;5.079.425;3.331.074;1.268.697;4.200.381;;4.641.414;46.137.800.000.000.000;2.519.167;6.778.377;4.065.156;8.964.729;5.436.915;1.106.203;6.097.992;7.015.546;8.020.633;1.830.604;7.950.199;4.947.071;6.722.222;8.822.916;8.795.939;4.847.842;2.618.072;5.556.049;7.920.135;00.00;4.401.041;3.385.416;8.072.916;28.645.832.061.767.600;3.020.833;4.296.875;6.626.156.999.999.990;474.537;46.875;3.761.574;2.248.264;1.322.338;;2.358.218
220249;01/09/2018 22.49;2.406.366;4.769.965;5.060.764;42.925.346.374.511.700;6.320.601.806.640.630;7.351.734;150.897;166.522;15.617.770.000.000.000;1.512.587;3.995.796;5.116.514;3.393.864;1.307.521;4.203.608;;4.674.516;4.563.382;247.322;6.776.019;4.047.354;9.007.501;543.025;1.111.927;6.118.843;7.038.959;8.064.901;1.814.339;8.057.977;5.058.608;6.902.778;9.145.833;9.114.178;4.648.514;2.638.102;5.592.271;7.949.786;00.00;4.322.916;3.541.666;7.838.541;28.645.832.061.767.600;30.208.332.061.767.600;421.875;6.684.028;4.658.565;46.875;3.790.509;224.537;1.328.125;;2.355.324
220250;01/09/2018 22.50;2.404.398;4.774.305;50.564.240.000.000.000;42.925.346.374.511.700;6.306.712.646.484.380;7.212.998;15.010.129.999.999.900;1.670.284;15.567.129.999.999.900;1.511.863;40.664;5.159.349;3.457.286;1.310.167;4.199.899;;4.647.849;4.632.469;2.550.329;6.751.868;4.049.995;8.906.611;5.423.181;1.107.756;6.079.344;7.011.948;798.462;17.952.900.000.000.000;7.965.661;4.880.212;6.671.296;8.510.416;9.005.182;478.226;2.655.212;5.597.285;8.022.156;00.00;4.322.916;3.515.625;796.875;28.645.832.061.767.600;30.208.332.061.767.600;4.192.708;6.712.963;4.600.694;4.803.241;3.790.509;2.239.583;1.319.444;;2.349.537
220251;01/09/2018 22.51;2.399.479;477.430.534.362.793;5.060.764;42.925.346.374.511.700;639.236.083.984.375;7.322.878;150.897;166.522;15.740.739.999.999.900;1.508.247;3.995.105;50.814.659.999.999.900;35.115.520.000.000.000;13.151.079.999.999.900;421.05.00;;4.617.049;4.542.632;2.455.961;6.752.828;4.063.363;8.925.358;5.430.725;1.109.244;6.090.347;6.965.864;8.024.622;1.790.917;8.041.622;4.958.761;662.05.00;9.249.999;8.714.973;4.529.266;2.702.637;5.674.244;8.043.427;00.00;4.401.041;3.411.458;8.567.708;28.645.832.061.767.600;30.208.332.061.767.600;4.192.708;6.828.703;4.513.889;49.189.820.000.000.000;3.819.444;2.242.477;1.316.551;;234.375
220252;01/09/2018 22.52;2.406.366;477.430.534.362.793;5.060.764;4.292.535;6.283.564.453.125;7.598.589;1.507.523;166.522;1.576.968;15.053.529.999.999.900;4.035.414;503.091;35.489.290.000.000.000;1.280.669;419.583;;4.656.114;4.641.281;25.822.990.000.000.000;6.754.684;4.066.152;8.942.255;5.421.766;1.109.517;6.093.957;7.000.373;8.004.362;1.790.642;804.692;4.892.841;661.574;8.786.458;8.738.754;4.721.808;2.670.436;5.876.041;8.067.823;00.00;4.322.916;328.125;8.723.958;28.645.832.061.767.600;3.020.833;4.322.916;697.338;4.513.889;4.976.852;390.625;2.277.199;1.322.338;;2.355.324
220253;01/09/2018 22.53;2.399.479;477.430.534.362.793;50.564.240.000.000.000;42.925.346.374.511.700;634.953.674.316.406;7.589.846;15.198.210.000.000.000;166.522;15.653.929.999.999.900;1.508.247;40.573.890.000.000.000;5.054.003;35.758.340.000.000.000;1.307.789;4.197.159;;4.626.793;4.694.805;2.609.137;6.765.728;4.061.956;8.930.709;5.416.152;1.105.677;6.106.318;7.014.551;7.997.321;1.798.577;8.063.192;5.084.961;6.722.222;9.166.666;8.838.357;4.706.605;2.647.176;5.857.535;8.158.065;00.00;4.296.875;3.177.083;8.854.166;28.645.832.061.767.600;2.994.792;4.348.958;7.060.185;4.513.889;5.034.722;3.935.185;2.303.241;1.345.486;;2.349.537
220254;01/09/2018 22.54;2.405.382;477.430.534.362.793;5.060.764;42.925.346.374.511.700;6.307.869.873.046.880;7.565.168;1.511.863;1.656.539;1.576.968;1.508.247;4.114.113;5.044.082;3.681.623;1.312.512;4.205.099;;4.650.457;4.606.012;2.515.305;6.749.491;4.057.091;8.968.682;5.425.876;11.086.589.999.999.900;607.86;6.981.953;8.008.154;1.831.302;8.081.472;4.997.442;6.708.333;8.749.999;9.064.329;4.749.612;2.580.687;5.782.547;8.226.324;00.00;4.296.875;3.098.958;9.270.833;28.645.832.061.767.600;296.875;4.348.958;6.944.444;44.849.540.000.000.000;5.092.593;390.625;2.326.389;140.625;;2.349.537
220255;01/09/2018 22.55;2.402.431;4.774.305;50.564.240.000.000.000;42.925.346.374.511.700;6.240.740.966.796.880;7.217.896;15.234.379.999.999.900;166.522;1.553.096;1.511.863;409.099;4.997.954;3.750.103;13.337.520.000.000.000;4.203.105;;4.623.491;4.624.217;2.553.241;6.765.777;4.062.281;8.932.405;5.421.753;1.107.742;6.103.378;697.595;7.994.669;1.871.849;7.992.944;4.974.188;6.708.333;9.145.833;8.862.952;4.723.392;2.559.355;5.667.928;8.119.167;00.00;4.296.875;296.875;9.661.458;28.645.832.061.767.600;296.874.980.926.514;4.453.125;6.944.444;44.560.179.999.999.900;5.208.333;390.625;2.326.389;146.412;;2.349.537
220256;01/09/2018 22.56;24.004.630.000.000.000;4.778.646;50.564.240.000.000.000;42.925.346.374.511.700;630.902.770.996.094;7.076.585;150.463;166.522;1.570.457;1.508.247;4.079.312;49.764.140.000.000.000;3.778.725;13.242.389.999.999.900;4.212.143;;4.589.296;4.679.252;2.592.298;672.903;4.061.412;8.945.182;5.412.034;1.105.218;608.84;699.692;8.002.692;193.011;8.059.742;5.150.098;6.893.519;9.088.541;8.982.401;4.738.105;2.577.276;5.558.789;8.164.511;00.00;4.270.833;2.890.625;9.739.583;28.645.832.061.767.600;296.875;4.557.291;7.002.315;44.560.179.999.999.900;52.662.040.000.000.000;3.877.315;2.317.708;1.565.394;;2.358.218
220257;01/09/2018 22.57;2.404.398;477.864.570.617.676;5.060.764;4.292.535;6.384.259.033.203.130;7.196.146;151.548;166.522;1.549.479;1.507.523;41.224.959.999.999.900;5.020.221;3.739.506;1.331.231;4.211.351;;4.608.445;4.562.864;2.480.398;6.742.866;4.051.282;8.911.063;5.416.964;1.107.992;6.061.431;6.977.043;8.024.302;1.999.451;8.003.796;5.094.537;7.041.666;9.218.749;9.074.521;4.773.006;2.587.791;5.578.571;813.045;00.00;4.296.875;2.864.583;9.869.791;2.864.583;2.916.667;453.125;697.338;44.560.179.999.999.900;5.324.074;387.731.475.830.078;2.332.176;1.603.009;;2.364.005
220258;01/09/2018 22.58;2.396.528;477.864.570.617.676;50.564.240.000.000.000;4.296.875;642.476.867.675.781;7.064.429;15.010.129.999.999.900;1.675.347;15.697.339.999.999.900;15.053.529.999.999.900;4.190.015;5.089.649;36.914;13.208.329.999.999.900;4.215.299;;4.648.023;4.601.782;25.142.290.000.000.000;6.762.177;4.048.596;8.933.029;5.400.702;1.107.422;6.075.651;6.959.379;7.963.832;2.065.793;8.018.824;5.069.288;6.921.296;9.171.874;9.071.565;4.770.497;2.556.041;5.561.343;8.125.715;00.00;4.427.083;2.838.542;9.921.875;2.890.625;296.875;4.479.166;6.944.444;4.398.148;5.381.944;3.877.315;2.340.856;1.675.347;;2.369.792
220259;01/09/2018 22.59;2.406.366;477.864.570.617.676;50.564.235.687.255.800;4.296.875;6.366.898.193.359.380;7.138.065.999.999.990;151.548;1.670.284;15.697.339.999.999.900;1.516.204;4.171.695;50.810.179.999.999.900;3.672.125;1.329.919;419.221;;4.619.774;4.613.301;2.526.254;6.738.416;40.551.800.000.000.000;8.888.035;5.395.943;1.101.266;6.044.859;6.961.603;7.936.329;215.547;7.881.210.000.000.000;5.077.836;6.638.889;9.135.416;903.823;4.599.127;2.507.091;5.478.184;812.872;00.00;453.125;2.786.458;9.869.791;2.890.625;2.916.667;4.453.125;708.912;44.560.179.999.999.900;5.497.685;390.625;2.355.324;1.724.537;;2.387.153
220260;01/09/2018 23.00;24.004.630.000.000.000;477.864.570.617.676;50.564.240.000.000.000;4.296.875;6.334.490.966.796.880;6.754.071;15.234.379.999.999.900;1.670.284;1.573.351;1.508.247;4.303.067;5.176.569;3.728.714;13.371.570.000.000.000;4.193.033;;46.376.099.999.999.900;4.741.706;26.676.889.999.999.900;6.740.717;406.168;8.917.249;5.436.187;1.107.346;6.113.492;6.987.509;7.951.298;2.354.872;7.866.971;4.897.051;6.685.185;8.906.249;9.004.467;4.695.951;2.394.692;5.111.585;7.797.717;00.00;4.557.291;2.786.458;9.296.875;296.875;2.994.792;4.427.083;7.783.565;4.398.148;5.555.556;390.625;2.364.005;1.707.176;;2.427.662
220261;01/09/2018 23.01;24.004.630.000.000.000;477.864.570.617.676;50.564.240.000.000.000;4.296.875;6.334.490.966.796.880;6.754.071;15.234.379.999.999.900;1.670.284;1.573.351;1.508.247;4.303.067;5.176.569;3.728.714;13.371.570.000.000.000;4.193.033;;46.376.099.999.999.900;4.741.706;26.676.889.999.999.900;6.740.717;406.168;8.917.249;5.436.187;1.107.346;6.113.492;6.987.509;7.951.298;2.354.872;7.866.971;4.897.051;6.685.185;8.906.249;9.004.467;4.695.951;2.394.692;5.111.585;7.797.717;00.00;4.557.291;2.786.458;9.296.875;296.875;2.994.792;4.427.083;7.783.565;4.398.148;5.555.556;390.625;2.364.005;1.707.176;;2.427.662
220262;01/09/2018 23.02;240.735;477.864.570.617.676;5.052.083;4.296.875;633.912.048.339.844;6.853.232;150.897;1.656.539;15.617.770.000.000.000;1.501.736;435.303;5.114.352;3.694.076;13.343.910.000.000.000;4.204.677;;4.633.727;4.654.011;2.578.897;6.748.394;4.055.529;8.947.499;5.429.095;1.107.155;6.067.422;6.985.498;7.977.662;2.447.888;7.999.457;503.767;6.666.666;9.140.624;8.959.097;4.714.645;2.419.385;5.225.953;7.865.215;00.00;4.713.541;2.786.458;9.140.625;2.994.792;2.994.792;4.348.958;7.986.111;4.369.213;552.662;3.877.315;2.369.792;1.689.815;;2.433.449
220263;01/09/2018 23.03;2.399.479;477.864.570.617.676;505.208.320.617.676;4.296.875;648.148.132.324.219;6.670.921;151.548;1.656.539;1.553.096;15.053.529.999.999.900;4.437.166;5.096.669;3.675.995;13.325.870.000.000.000;4.200.971;;4.638.146;4.568.158;2.477.673;6.776.434;4.043.096;8.937.784;5.412.607;1.112.391;6.085.316;6.993.546;7.983.695;254.979;7.998.014;5.134.573;6.828.704;9.499.999;9.051.046;4.660.669;2.379.925;5.133.993;7.841.887;00.00;4.869.791;2.838.542;9.088.541;3.046.875;30.208.332.061.767.600;4.322.916;7.928.241;4.340.278;5.497.685;387.731.475.830.078;2.375.579;1.695.602;;2.436.343
220264;01/09/2018 23.04;2.404.398;477.864.570.617.676;5.052.083;4.296.875;63.113.427.734.375;6.705.341.999.999.990;1.511.863;166.088;15.617.770.000.000.000;15.010.129.999.999.900;4.472.121;505.182;3.634.661;13.284.329.999.999.900;4.195.752;;4.659.803;468.086;2.609.402;6.784.664;4.057.922;8.937.508;5.415.149;1.108.312;6.112.034;7.000.324;7.962.791;2.646.507;8.047.489.999.999.990;5.069.164;7.023.148;9.083.333;9.091.658;480.722;2.351.595;5.061.656;7.833.965;00.00;4.921.875;2.916.667;9.166.666;304.687.480.926.514;3.046.875;4.322.916;7.552.084;4.253.472;5.497.685;3.877.315;2.416.088;1.707.176;;2.433.449
220265;01/09/2018 23.05;2.404.398;477.864.570.617.676;50.564.240.000.000.000;4.296.875;6.310.185.546.875;6.724.855;150.897;166.088;1.553.096;1.511.863;4.399.411;50.972.120.000.000.000;3.629.274;1.328.351;4.182.128;;4.637.983;4.684.421;26.047.830.000.000.000;6.778.981;406.345;8.958.311;5.449.109;1.107.499;6.124.649;7.005.175;7.996.373;2.751.414;7.890.989.999.999.990;4.999.253;6.787.037;9.067.708;9.094.258;4.775.523;2.385.337;4.987.177;7.804.712;00.00;4.869.791;2.994.792;9.296.875;304.687.480.926.514;304.687.480.926.514;4.322.916;708.912;4.195.602;5.497.685;3.935.185;254.919;1.727.431;;244.213
220266;01/09/2018 23.06;2.396.528;4.778.646;50.564.235.687.255.800;4.296.875;626.851.806.640.625;6.735.127;150.897;166.522;15.697.339.999.999.900;1.508.247;44.251.870.000.000.000;5.089.008;3.651.493;1.330.933;4.173.653;;4.633.367;4.602.864;2.512.334;6.779.211;4.064.873;8.984.079;5.440.790.000.000.000;1.109.672;611.373;700.637;8.011.254;2.857.461;804.385;4.960.943;6.847.222;8.848.958;9.187.281;4.842.041;2.399.033;5.093.839;7.809.119;00.00;4.869.791;3.046.875;9.270.833;304.687.480.926.514;304.687.480.926.514;4.348.958;6.626.156.999.999.990;41.087.959.999.999.900;5.381.944;3.935.185;2.609.954;1.727.431;;244.213
220267;01/09/2018 23.07;2.402.431;4.782.986;50.564.235.687.255.800;4.296.875;629.976.806.640.625;7.023.943;1.511.863;166.522;1.573.351;1.511.863;435.113;5.071.472;369.203;1.335.011;4.217.607;;4.628.965;4.559.582;2.501.276;6.769.988;4.060.518;8.903.893;5.411.517;1.105.152;6.087.781;6.998.088;7.989.612;2.955.433;8.109.329;4.869.601;6.814.814;8.593.749;8.831.392;4.918.996;2.382.398;50.906.800.000.000.000;7.730.574;00.00;4.817.708;328.125;9.088.541;3.046.875;3.046.875;4.322.916;6.221.065;41.087.959.999.999.900;5.208.333;390.625;266.493;1.724.537;;2.430.556
220268;01/09/2018 23.08;24.004.630.000.000.000;47.829.860.687.255.800;50.564.240.000.000.000;4.301.215;6.370.369.873.046.880;7.007.455;150.897;166.522;1.589.265;1.508.247;4.336.399;5.066.783;36.530.390.000.000.000;1.339.735;4.218.324;;4.643.483;4.661.517;25.779.080.000.000.000;6.807.704;4.057.973;8.972.532;5.452.167;1.112.624;6.112.583;7.043.829;8.034.686;3.045.466;7.886.935;4.988.531;6.574.074;8.760.416;9.093.011;4.944.268;2.401.972;5.207.195;7.909.173;00.00;4.791.666;34.375;8.776.041;3.020.833;3.098.958;4.296.875;5.902.778.000.000.000;4.079.861;5.063.657;390.625;2.696.759;1.695.602;;2.430.556
220269;01/09/2018 23.09;2.402.431;47.829.860.687.255.800;5.052.083;43.012.149.810.790.900;6.344.907;6.920.795;151.548;166.088;15.617.770.000.000.000;1.511.863;43.352.759.999.999.900;5.086.847;36.150.459.999.999.900;1.326.459;4.213.589;;4.611.619;4.688.095;2.592.829;6.760.413;4.061.662;8.951.381;543.661;1107.23.00;6.114.637;7.000.634;7.978.958;3.142.528;798.29.00;4.925.971;6.921.296;9.151.041;9.116.793;4.920.362;2.424.155;5.155.509;7.751.232;00.00;4.713.541;3.619.791;8.828.125;30.208.332.061.767.600;3.046.875;421.875;5.555.556;4.050.926;4.947.917;390.625;2.717.014;1.721.644;;2.433.449
220270;01/09/2018 23.10;2.404.398;47.829.860.687.255.800;505.208.320.617.676;43.012.149.810.790.900;6.345.313;6.931.477;150.897;166.522;15.820.310.000.000.000;1.511.863;4.305.219;4.977.619;365.495;1.335.805;4.194.081;;4.609.221;4.657.672;2.579.025;6.766.716;4.056.732;8.939.927;5.406.332;11.067.089.999.999.900;6.109.955;7.024.717;7.969.665;3.258.944;7.903.387;5.090.125;6.800.926;9.010.416;9.092.869;4.882.773;2.478.043;515.207;7.775.778;00.00;4.661.458;3.776.041;8.984.375;3.020.833;3.098.958;4.192.708;5.324.074;4.021.991;4.832.176;3.877.315;2.774.884;1.750.579;;2.433.449
220271;01/09/2018 23.11;2.399.479;47.829.860.687.255.800;5.052.083;43.012.149.810.790.900;6.359.954;6.909.906;151.548;166.522;15.697.339.999.999.900;1.511.863;4.323.288;49.778.290.000.000.000;3.773.955;13.351.870.000.000.000;4.212.289;;4.608.138;461.392;25.400.150.000.000.000;6.770.396;4.060.832;8.955.683;542.061;1.106.572;6.087.309;6.966.282;8.007.677;3.373.642;8.036.853;4.842.706;6.675.926;8.619.791;9.261.847;495.037;2.492.573;5.144.666;7.747.303;00.00;4.583.333;3.880.208;9.166.666;2.994.792;3.098.958;4.270.833;5.121.528;396.412;4.774.306;3.877.315;2.855.903;1.770.833;;244.213
220272;01/09/2018 23.12;2.404.398;47.829.860.687.255.800;50.564.240.000.000.000;43.012.149.810.790.900;6.396.238;694.379;1.511.863;166.522;15.617.770.000.000.000;1.508.247;4.246.337;49.653.059.999.999.900;3.816.933;1.335.114;419.108;;4.622.203;4.485.602;23.874.150.000.000.000;6.744.566;4.045.322;8.919.283;5.439.265;1108.19.00;6.097.217;6.919.758;7.956.498;3.470.373;7.903.282;4.942.938;6.722.222;8.906.249;8.902.979;4.889.994;2.556.768;5.403.623;7.863.908;00.00;4.453.125;3.828.125;9.401.041;2.994.792;3.046.875;4.270.833;4.976.852;3.935.185;46.875;3.819.444;2.948.495;1.750.579;;2.416.088
220273;01/09/2018 23.13;2.401.447;47.829.860.687.255.800;50.564.235.687.255.800;43.012.149.810.790.900;6.313.657;6.905.625;151.548;166.522;15.617.770.000.000.000;1.516.204;4.082.804;4.937.624;3.874.403;13.287.479.999.999.900;4.203.505;;462.28.00;4.636.243;2.551.557;6.757.856;4.056.515;8.906.143;5.393.921;1.109.501;6.083.541;6.947.134;7.984.402;35.742.800.000.000.000;7.992.654;4.928.922;6.638.889;9.124.999;8.628.621;4.809.456;2.577.598;544.111;7.912.191;00.00;4.348.958;3.671.875;9.244.791;296.875;30.208.332.061.767.600;4.322.916;48.900.459.999.999.900;3.935.185;4.658.565;3.877.315;2.991.898;1.684.028;;2.404.514
220274;01/09/2018 23.14;24.004.630.000.000.000;47.829.860.687.255.800;50.564.235.687.255.800;43.012.149.810.790.900;632.986.083.984.375;7.031.645;150.463;1.675.347;1.553.096;1.511.863;4.083.935;4.945.216;3.900.438;13.297.379.999.999.900;4.218.336;;4.648.033;4.707.666;262.175;6.728.969.999.999.990;4.054.629;8.938.987;5.415.244;1106.31.00;6.116.731;7.023.062;7.946.081;3.652.129;7.960.514;4.992.926;6.949.074;9.333.333;9.054.308;4.952.668;2.598.777;5.485.359;7.979.136;00.00;4.296.875;3.567.708;953.125;2.916.667;2.994.792;4.322.916;48.900.459.999.999.900;3.877.315;4.658.565;3.819.444;2.991.898;1.608.796;;2.418.981
220275;01/09/2018 23.15;2.402.431;47.829.860.687.255.800;50.564.240.000.000.000;4.301.215;630.208.312.988.281;7.066.821.999.999.990;15.234.379.999.999.900;166.522;15.653.929.999.999.900;1.511.863;4.207.966;4.941.024;38.685.990.000.000.000;1.324.195;4.205.293;;4.598.117;4.609.473;2.549.168;6.737.316;4.055.548;8.894.088;5.388.677;11.062.060.000.000.000;6.076.703;6.965.133;7.967.518;3.734.612;7.981.552;4.920.211;6.601.852;8.906.249;9.108.796;4.794.618;2.606.717;5.435.677;7.955.469;00.00;4.296.875;34.375;1.007.812;2.890.625;299.479.160.308.838;4.401.041;4.832.176;3.877.315;4.658.565;3.790.509;2.991.898;1.524.884;;2.430.556
220276;01/09/2018 23.16;24.004.630.000.000.000;47.829.860.687.255.800;5.052.083;4.305.555;6.270.833.740.234.380;7.096.181;150.463;1.656.539;15.653.929.999.999.900;1.520.544;4.466.517;4.937.477;3.820.617;1.308.624;420.906;;4.626.158;4.568.432;2.477.077;6.734.495;4.050.716;8.944.454;5.411.328;1.108.191;6.099.051;6.975.449;7.989.406;38.129.900.000.000.000;7.812.477;5.010.098;674.074;8.848.958;9.123.885;490.394;261.526;5.505.134;8.030.676;00.00;4.348.958;3.411.458;1.117.187;2.864.583;299.479.160.308.838;4.661.458;4.832.176;3.819.444;474.537;3.732.639;2.994.792;1.467.014;;2.436.343
220277;01/09/2018 23.17;240.735;47.829.860.687.255.800;5.052.083;430.555.534.362.793;632.870.361.328.125;7.182.607;150.897;1.670.284;15.697.339.999.999.900;1.508.247;4.289.625;4.957.917;3.798.453;1.327.234;4.205.334;;462.856;4.705.048;2.627.542;6.717.871;40.599.800.000.000.000;8.914.466;5.424.926;1.104.032;6.077.567;6.971.166;7.944.315;3.883.878;7.871.113;48.677.099.999.999.900;6.606.481;9.083.333;8.804.279;4.888.426;2.632.208;5.589.194;8.072.629;00.00;4.322.916;3.385.416;1.216.146;2.864.583;299.479.160.308.838;5.104.166;4.832.176;3.761.574;48.900.459.999.999.900;3.732.639;2.991.898;1.409.144;;2.418.981
220278;01/09/2018 23.18;2.402.431;47.829.860.687.255.800;50.564.240.000.000.000;430.555.534.362.793;633.217.590.332.031;7.134.724;150.897;166.522;1.573.351;1.511.863;4.268.738;4.972.044;379.914;1.334.485;4.196.575;;4.649.357;4.558.602;2.467.452;6.716.567;4.052.027;894.368;5.383.625;1.107.313;6.056.951;6.960.231;7.954.796;3.950.357;7.961.376;5.078.929;7.078.704;9.140.624;9.136.862;4.959.326;2.592.838;5.655.098;8.152.745;00.00;4.296.875;3.307.291;1.273.437;2.838.542;2.994.792;55.208.330.000.000.000;48.900.459.999.999.900;3.761.574;4.976.852;3.761.574.172.973.620;2.962.963;1.345.486;;2.361.111
220279;01/09/2018 23.19;2.404.398;47.829.860.687.255.800;5.052.083;430.555.534.362.793;6.428.240.966.796.880;7.303.303.000.000.000;151.548;1.670.284;15.617.770.000.000.000;1.511.863;4.232.985;4.989.779;3.709.421;13.294.570.000.000.000;4.214.243;;4.680.705;4.715.873;264.883;6.818.056;4.051.265;8.971.578;5.425.415;1107.18.00;6.099.628;7.009.993;7.965.677;4.003.178;7.723.036;4.868.577;6.504.630.000.000.000;9.109.374;896.954;4.881.648;2.584.724;5.456.808;8.043.322;00.00;4.192.708;3.255.208;1.268.229;283.854.160.308.838;296.875;578.125;49.189.820.000.000.000;3.761.574;5.092.593;3.790.509;2.942.708;1.273.148;;234.375
220280;01/09/2018 23.20;2.404.398;47.829.860.687.255.800;5.052.083;430.555.534.362.793;6.221.064.453.125;7.205.181.999.999.990;150.897;166.088;1.584.925;1.508.247;4.183.494;4.957.971;3.680.488;13.320.089.999.999.900;4.223.678;;4.656.328;4.606.657;25.232.669.999.999.900;6.810.217;4.047.433;8.953.274;543.02.00;11.092.910.000.000.000;6.116.052;6.992.112;7.996.801;4.040.963;8.075.768;4.880.359;7.064.814;9.140.624;8.766.674;4.917.234;2.606.224;5.651.709;8.213.985;00.00;4.166.666;3.229.166;1.236.979;2.838.542;296.874.980.926.514;58.333.330.000.000.000;4.832.176;3.877.315;5.179.398;3.819.444;2.928.241;1.221.065;;2.369.792
220281;01/09/2018 23.21;2.396.528;4.782.986;50.564.240.000.000.000;430.555.534.362.793;6.280.093;7.121.528;15.234.379.999.999.900;166.522;15.567.129.999.999.900;1.508.247;4.235.224;4.972.105;364.381;1.325.571;4.200.161;;4.618.004;4.664.867;2.580.695;6.747.648;4.058.051;8.911.749;5.429.821;1.105.243;606.284;6.933.876;8.003.196;4.093.771;7.947.031;5.022.786;6.847.222;8.822.916;9.167.657;4.846.126;2.589.025;5.623.391;8.103.232;00.00;40.625;3.177.083;1.210.937;2.786.458;296.874.980.926.514;57.552.080.000.000.000;474.537;3.935.185;52.372.679.999.999.900;3.877.315;2.934.028;1.183.449;;2.387.153
220282;01/09/2018 23.22;2.406.366;4.778.646;50.434.020.000.000.000;430.555.534.362.793;634.375;7.084.348;150.897;1.670.284;15.567.129.999.999.900;15.053.529.999.999.900;4.207.549;4.898.658;3.663.969;13.319.170.000.000.000;420.596;;4.623.015;4.733.978;26.587.400.000.000.000;6.747.351;4.054.331;8.911.417;5.426.558;1.103.525;6.079.634;7.005.753;7.988.509;4.143.977;8.052.664;4.691.234;6.736.111;8.723.958;8.940.991;4.959.533;2.609.728;5.469.833;8.067.024;00.00;390.625;3.229.166;1.203.125;2.760.417;296.874.980.926.514;5.729.166;462.963;3.935.185;5.324.074;387.731.475.830.078;2.965.856;1.186.343;;2.398.727
220283;01/09/2018 23.23;24.004.630.000.000.000;477.864.570.617.676;5.052.083;430.555.534.362.793;6.320.602;6.909.953;1.511.863;1.670.284;15.567.129.999.999.900;1.511.863;4.215.511;4.852.298;3.590.562;1.328.956;42.268.300.000.000.000;;4.613.812;4.649.998;2.577.338;6.766.559;4.040.725;8.936.932;5.431.967;11.075.810.000.000.000;6.085.083;6.971.146;7.962.766;4.211.212;8.000.405;4.809.063;6.953.704;9.093.749;8.954.974;4.849.732;255.342;5.405.109;8.083.524;00.00;390.625;3.177.083;1.161.458;2.734.375;296.874.980.926.514;5.703.125;4.513.889;4.021.991;5.324.074;3.877.315;2.980.324;1.183.449;;2.416.088
220284;01/09/2018 23.24;2.402.431;477.864.570.617.676;50.434.020.000.000.000;430.555.534.362.793;632.407.409.667.969;7.068.073.000.000.000;150.897;166.522;1.573.351;1.508.247;41.841.590.000.000.000;48.425.329.999.999.900;354.042;13.327.029.999.999.900;4.191.067;;4.660.676;4.551.488;24.637.569.999.999.900;6.786.926;4.065.501;9.010.878;5.421.907;1.107.838;6.098.745;7.006.667;8.000.804;4.295.711;8.069.108;5.085.218;6.814.814;9.015.624;8.774.727;4.923.294;2.576.751;5.426.606;8.010.859;00.00;3.828.125;31.25.00;1.085.937;2.734.375;296.874.980.926.514;55.208.330.000.000.000;4.513.889;4.079.861;52.372.679.999.999.900;3.819.444;2.991.898;1.218.171;;2.418.981
220285;01/09/2018 23.25;2.406.366;477.864.570.617.676;50.564.240.000.000.000;430.555.534.362.793;631.25.00;7.290.054;150.897;1.670.284;15.617.770.000.000.000;150.897;41.660.309.999.999.900;4.788.297;355.475;1.300.746;4.225.086;;4.685.624;4.638.866;25.485.889.999.999.900;6.794.658;4.050.495;8.998.401;5.438.242;1.109.537;6.104.839;7.000.773;7.977.641;4.360.019;7.953.558;4.874.783;6.435.185;8.499.999;892.428;4.771.618;25.556.799.999.999.900;5.513.819;8.182.297;00.00;3.932.291;3.098.958;1.002.604;2.708.333;296.875;5.234.375;4.600.694;4.079.861;5.121.528;381.944.427.490.234;2.971.643;1.247.106;;2.384.259
220286;01/09/2018 23.26;2.396.528;477.864.570.617.676;50.434.020.000.000.000;430.555.534.362.793;631.828.674.316.406;7.153.809;151.548;166.522;15.740.739.999.999.900;1.508.247;42.311.370.000.000.000;4.747.203;3.578.481;13.298.979.999.999.900;4.202.187;;4.595.003;4.591.051;251.579;6.778.301;4.064.946;8.912.678;5.417.052;1.108.819;6.097.039;7.006.688;8.005.464;4.446.078;8.061.043;5.048.592;6.824.074;8.906.249;9.009.446;4.859.113;2.560.321;5.475.269.999.999.990;7.959.682;00.00;40.625;3.177.083;9.348.958;2.734.375;2.916.667;4.921.875;4.658.565;4.021.991;5.034.722;381.944.427.490.234;2.962.963;1.264.468;;2.355.324
220287;01/09/2018 23.27;2.406.366;477.864.570.617.676;5.052.083;430.555.534.362.793;6.256.944.580.078.130;7.025.255;1.511.863;1.656.539;15.567.129.999.999.900;15.053.529.999.999.900;4.124.804;475.521;355.622;1.315.545;4.203.705;;4.607.363;4.650.997;255.619;6.742.504;4.043.649;8.828.095;5.391.092;1.101.545;607.155;7.040.765;7.946.713;4.519.889;7.964.424;4.958.714;6.620.369.999.999.990;8.458.333;9.093.604;4.850.461;2.563.208;5.400.056;7.975.187;00.00;4.140.625;3.307.291;8.854.166;2.760.417;2.916.667;46.875;48.900.459.999.999.900;396.412;49.189.820.000.000.000;381.944.427.490.234;3.009.259;125.00.00;;2.332.176
220288;01/09/2018 23.28;2.402.431;477.864.570.617.676;5.052.083;430.555.534.362.793;626.736.083.984.375;6.840.446.999.999.990;1.511.863;166.522;1.581.308;15.198.210.000.000.000;4.196.239;4.743.626;3.638.022;13.351.679.999.999.900;4.221.083;;4.652.157;4.582.813;2.489.432;6.820.253;4.061.582;8.987.836;5.450.327;1.111.921;6.121.494;704.00.00;8.029.396;4.580.082;7.985.501;5.053.023;6.592.593;8.572.916;8.812.139;4.750.907;2.548.098;5.473.956;8.013.259;00.00;4.140.625;3.411.458;8.776.041;2.838.542;296.875;453.125;5.179.398;3.935.185;4.774.306;3.819.444;3.130.787;1.221.065;;2.300.347
220289;01/09/2018 23.29;2.399.479;4.778.646;50.434.020.000.000.000;4.305.555;625.00.00;6.933.073;151.548;166.088;15.617.770.000.000.000;1.508.247;4.052.485;4.715.749;3.645.855;1.298.156;4.201.405;;4.604.561;4.624.151;253.586;6.759.617;4.033.048;8.932.448;5.418.809;1.107.681;6.121.025;7.023.510.000.000.000;8.030.644;4.660.973;8.043.229;4.955.032;6.763.889;8.369.791;8.792.097;4.668.191;2.586.227;5.520.732;8.019.514;00.00;4.166.666;3.307.291;8.854.166;2.838.542;2.916.667;4.427.083;5.324.074;390.625;46.875;3.877.315;3.203.125;1.183.449;;2.262.731
220290;01/09/2018 23.30;240.735;4.774.305;50.434.024.810.790.900;4.314.236;6.365.740.966.796.880;7.113.246;1.511.863;166.522;15.653.929.999.999.900;1.497.396;3.996.011;4.781.488;36.390.640.000.000.000;1.305.069;4.209.479;;4.615.821;4.554.504;24.617.720.000.000.000;676.062;4.053.326;8.938.165;5.424.357;1.109.412;6.103.499;7.006.869;8.007.908;4.720.616;7.938.085;5.057.571;6.550.926;8.473.958;8.461.297;4.513.027;259.165;5.605.221;8.037.007;00.00;4.192.708;3.255.208;8.697.916;2.786.458;2.916.667;4.427.083;5.324.074;3.877.315;4.600.694;3.877.315;3.214.699;114.294;;2.256.944
220291;01/09/2018 23.31;2.399.479;477.430.534.362.793;50.434.020.000.000.000;43.142.360.687.255.800;6.331.019;679.429;1.511.863;166.088;15.567.129.999.999.900;15.198.210.000.000.000;39.782.109.999.999.900;4.808.818;3.670.648;13.051.160.000.000.000;4.197.438;;4.637.854;4.678.555;259.068;6.743.511;4.040.031;8.928.978;5.408.573;1.108.119;6.110.176;6.992.937;7.985.798;4.786.566;8.051.806;5.061.708;6.722.222;8.411.458;8.935.763;4.611.032;2.563.667;5.541.669;8.115.109;00.00;4.192.708;3.151.042;8.385.416;27.864.582.061.767.600;2.890.625;4.322.916;5.179.398;3.819.444;4.513.889;390.625;3.179.977;1.099.537;;2.259.838
220292;01/09/2018 23.32;2.404.398;477.430.534.362.793;50.564.240.000.000.000;43.142.360.687.255.800;6.297.454;6.894.662;15.198.210.000.000.000;166.522;15.653.929.999.999.900;1.508.247;3.958.842;4.833.708;3.706.579;13.076.989.999.999.900;4.201.644;;4.624.226;4.628.502;2.552.541;6.771.222;4.051.426;8.911.151;5.407.819.999.999.990;1.110.626;6.076.683;6.995.048;7.969.019;4.854.895;8.085.888;5.253.702;6.930.555;8.968.749;8.905.347;4.685.157;2.589.608;5.620.021;8.222.186;00.00;4.270.833;3.020.833;8.385.416;27.864.582.061.767.600;28.645.832.061.767.600;421.875;5.034.722;3.790.509;44.849.540.000.000.000;390.625;3.084.491;1.059.028;;2.239.583
220293;01/09/2018 23.33;2.406.366;477.430.534.362.793;5.052.083;43.142.360.687.255.800;6.288.195;6.943.027;150.897;166.522;1.573.351;1.511.863;3.980.355;4.873.178;37.903.420.000.000.000;13.279.879.999.999.900;4.214.122;;4.612.581;4.599.512;25.175.110.000.000.000;6.765.299;4.069.103;8.938.149;5.410.042;11.067.930.000.000.000;6.088.173;7.018.096;7.989.583;4.931.075;7.901.621;5.036.268;6.675.926;8.812.499;8.658.134;4.554.283;2.555.885;5.558.934;8.047.443;00.00;4.296.875;2.916.667;8.697.916;27.864.582.061.767.600;2.838.542;4.192.708;49.189.820.000.000.000;3.761.574;44.560.179.999.999.900;396.412;2.936.921;1.027.199;;2.210.648
220294;01/09/2018 23.34;2.396.528;477.430.534.362.793;50.564.240.000.000.000;43.142.360.687.255.800;6.292.824;6.981.275;15.234.379.999.999.900;166.522;15.653.929.999.999.900;1.511.863;3.923.425;4.862.191;3.757.886;1.321.701;4.208.101;;4.674.637;4.634.915;2.548.437;6.743.885;4.046.408;8.962.152;5.400.335;1.107.516;6.040.228;7.001.852;7.990.979;5.015.006;7.917.282;489.102;6.717.593;8.989.583;8.767.304;4.536.502;2.542.325;5.586.526;8.062.792;00.00;4.296.875;2.890.625;8.880.208;27.864.582.061.767.600;2.838.542;421.875;49.189.820.000.000.000;3.761.574;44.849.540.000.000.000;39.641.204.833.984.300;2.835.648;1.004.051;;2.173.032
220295;01/09/2018 23.35;2.406.366;4.774.305;5.052.083;43.142.360.687.255.800;6.237.268;7.120.509;1.511.863;1.670.284;155.816;1.511.863;3.904.865;4.869.719;37.285.959.999.999.900;1.333.695;4.184.573;;4.628.956;4.589.736;2.495.027;6.751.906;4.050.853;8.898.655;5.410.301;1.108.047;6.122.182;7.001.045;7.985.767;5.097.401;7.973.561;5.032.312;6.949.074;9.041.666;9.223.079;4.574.088;2.517.822;5.557.377;8.266.319;00.00;4.270.833;2.890.625;8.828.125;27.864.582.061.767.600;2.786.458;4.192.708;5.121.528;3.732.639;4.542.824;396.412;2.789.352;1.012.731;;2.146.991
220296;01/09/2018 23.36;24.004.630.000.000.000;4.769.965;505.208.320.617.676;43.142.360.687.255.800;6.342.593;6.848.241.999.999.990;151.548;166.522;1.594.329;1.511.863;3.910.631;4.864.497;365.451;1.333.955;4.213.279;;4.637.403;466.681;2.597.969;6.763.914;4.062.544;8.937.791;5.401.828;1.108.755;6.116.862;6.994.749;8.015.673;517.307;7.900.948;4.985.594;6.930.555;9.249.999;9.265.496;4.694.266;2.491.258;545.477;8.092.353;0.07726134;421.875;2.864.583;8.489.583;2.786.458;2.838.542;4.166.666;541.088;3.761.574;4.600.694;3.935.185;2.760.417;1.041.667;;2.115.162
220297;01/09/2018 23.37;24.004.630.000.000.000;47.699.649.810.790.900;505.208.320.617.676;43.142.360.687.255.800;6.372.685;6.720.563;150.897;1.670.284;15.697.339.999.999.900;1.508.247;3.826.648;49.056.670.000.000.000;36.439.170.000.000.000;13.347.560.000.000.000;4.190.073;;46.161.800.000.000.000;4.578.557;2.505.043;6.756.036;4.060.569;8.912.556;5.428.683;1.112.976;6.096.173;6.973.512;8.104.827;5.197.908;7.869.742;4.797.466;6.810.185;8.302.083;8.397.883;4.445.112;2.314.787;5.167.228;7.836.934;0.002086053;421.875;2.890.625;7.994.791;2.838.542;283.854.160.308.838;40.625;5.700.232;3.790.509;4.658.565;393.518.524.169.922;2.766.204;1.030.093;;2.065.972
220298;01/09/2018 23.38;2.406.366;47.699.649.810.790.900;5.052.083;43.142.360.687.255.800;632.523.132.324.219;6.692.817;15.198.210.000.000.000;1.675.347;1.581.308;15.010.129.999.999.900;3.814.728;4.872.375;3.625.051;1.322.575;4.204.768;;4.668.896;4.699.692;2.611.627;6.765.455;403.89;8.953.962;5.408.303;1.106.687;6.100.787;7.065.389;8.001.356;5.373.808;8.106.654;4.977.243;6.810.185;9.109.374;9.403.008;4.535.044;2.166.988;5.072.196;7.962.167;00.00;4.166.666;2.916.667;7.604.166;2.890.625;2.838.542;4.010.416;59.317.130.000.000.000;3.819.444;4.658.565;3.935.185;2.806.713;1.004.051;;2.025.463
220299;01/09/2018 23.39;2.397.512;47.699.649.810.790.900;50.564.240.000.000.000;43.142.360.687.255.800;6.317.130.000.000.000;6.581.911;150.897;1.670.284;1.577.691;15.053.529.999.999.900;3.872.247;4.925.795;3.541.363;1.337.176;4.199.169;;4.641.883;4.601.048;2.518.061;6.747.592;4.032.664;8.903.575;539.741;1.106.925;6.091.741;7.010.468;8.011.547;5.458.286;7.953.762;5.056.831;6.810.185;9.593.749;8.963.838;4.630.486;2.201.789;5.055.365;7.842.418;00.00;421.875;2.864.583;71.875;2.890.625;2.864.583;390.625;619.213;390.625;46.875;390.625;2.893.518;9.895.834;;2.022.569
220300;01/09/2018 23.40;2.404.398;47.699.649.810.790.900;50.564.235.687.255.800;43.142.360.687.255.800;6.296.702;6.765.578.000.000.000;1.496.672;1.670.284;1.576.968;1.511.863;383.543;4.957.625;34.723.240.000.000.000;13.135;41.945.099.999.999.900;;4.609.641;4.607.762;252.914;6.730.524;4.054.648;8.926.406;5.395.195;11.031.660.000.000.000;6.051.906;6.994.781;8.039.229;5.569.876;7.999.782;5.052.794;6.736.111;9.385.416;9.406.673;4.754.381;2.166.394;4.959.624;7.927.513;00.00;4.192.708;2.838.542;68.75;2.916.667;28.645.832.061.767.600;3.802.083;6.423.611;390.625;4.658.565;390.625;2.951.389;9.722.222;;1.999.421
220301;01/09/2018 23.41;2.404.398;47.699.649.810.790.900;50.564.240.000.000.000;43.142.360.687.255.800;629.670.166.015.625;6.765.578.000.000.000;1.496.672;1.670.284;1.576.968;1.511.863;383.543;4.957.625;34.723.240.000.000.000;13.135;4.211.123;;4.650.966;4.655.324;2.579.902;6.761.674;4.063.479;8.928.279;5.412.647;1.105.881;6.085.502;6.964.228;7.966.768;5.668.846;7.890.989;5.159.887;7.023.148;9.666.666;8.916.785;5.047.787;2.235.912;4.862.659;761.197;00.00;4.192.708;2.838.542;68.75;291.666.660.308.838;2.864.583;3.802.083;6.423.611;390.625;4.658.565;390.625;2.951.389;9.722.222;;1.999.421
220302;01/09/2018 23.42;2.402.431;47.699.649.810.790.900;5.052.083;43.142.360.687.255.800;6.290.509.033.203.130;6.685.329;1.511.863;166.522;15.697.339.999.999.900;1.512.587;389.366;49.583.220.000.000.000;3.539.366;1.311.656;4.187.592;;4.638.899;4.645.287;2.556.759;6.803.217;4.063.037;8.911.957;5.430.922;1.107.682;6.076.187;7.017.373;8.020.353;5.753.315;8.092.835;5.088.829;6.921.296;9.499.999;9.162.028;4.881.578;2.299.045;5.055.551;7.820.004;00.00;4.166.666;2.838.542;6.822.916;291.666.660.308.838;2.890.625;3.697.916;6.770.834;3.877.315;462.963;390.625;2.965.856;9.722.222;;1.993.634
220303;01/09/2018 23.43;2.404.398;47.699.649.810.790.900;5.052.083;43.142.360.687.255.800;6.311.343;6.653.851.999.999.990;150.897;1.670.284;15.653.929.999.999.900;1.508.247;39.114.470.000.000.000;4.978.667;3.557.992;13.121.039.999.999.900;4.216.151;;4.636.441;4.599.978;250.928;6.777.872;40.556.300.000.000.000;8.922.354;540.309;11.082.169.999.999.900;6.093.563;697.578;7.979.857;585.577;7.944.843;49.661.199.999.999.900;6.504.630.000.000.000;9.411.458;915.977;4.987.075;2.434.092;524.798;7.773.595;00.00;421.875;2.786.458;6.744.791;2.916.667;2.864.583;3.697.916;6.857.639;390.625;4.658.565;4.021.991;2.962.963;1.012.731;;1.999.421
220304;01/09/2018 23.44;2.399.479;47.699.649.810.790.900;50.564.240.000.000.000;43.142.360.687.255.800;6.304.398;6.726.109;15.198.210.000.000.000;1.656.539;15.567.129.999.999.900;1.508.247;3.971.529;49.715.109.999.999.900;3.671.846;1.310.939;4.216.151;;4.636.441;4.599.978;250.928;6.777.872;40.556.300.000.000.000;8.922.354;540.309;11.082.169.999.999.900;6.093.563;697.578;7.979.857;585.577;7.944.843;49.661.199.999.999.900;6.504.630.000.000.000;9.411.458;915.977;4.987.075;2.434.092;524.798;7.773.595;00.00;4.270.833;2.760.417;6.510.416;296.875;2.864.583;3.671.875;6.915.509;3.935.185;46.875;4.050.926;2.939.815;1.076.389;;2.025.463
220305;01/09/2018 23.45;2.404.398;47.699.649.810.790.900;5.052.083;4.314.236;6.269.676;6.861.917;1.511.863;166.088;15.653.929.999.999.900;1.506.076;3.981.315;49.786;3.672.112;128.048;4.189.689;;4.648.903;4.601.657;2.518.155;6.789.951;4.058.239;8.916.911;5.427.051;1109.18.00;6.085.029;6.977.727;7.992.410.000.000.000;6.046.139;8.069.681;5.163.817;6.689.814;9.046.874;9.101.615;4.860.895;2.428.321;5.227.455;7.665.709;00.00;4.296.875;2.786.458;62.239.580.000.000.000;2.994.792;2.890.625;3.645.833;6.944.444;4.050.926;4.774.306;4.050.925.827.026.370;2.884.838;1.119.792;;2.037.037
220306;01/09/2018 23.46;2.404.398;47.699.649.810.790.900;50.564.240.000.000.000;43.142.360.687.255.800;6.362.673;6.706.367;150.897;1.670.284;1.573.351;1.508.247;4.023.353;497.007;3.725.182;1.265.472;4.211.724;;4.655.993;4.689.505;26.038.900.000.000.000;6.770.479;40.536.400.000.000.000;8.949.701;5.443.319;1107.03.00;6.086.187;6.945.554;7.959.936;6.158.416;8.228.005;5.182.139;7.208.333;9.489.583;9.176.172;5.078.498;240.97;5.194.580.000.000.000;7.735.818;00.00;4.348.958;2.786.458;6.119.791;299.479.160.308.838;2.890.625;3.619.791;697.338;4.253.472;474.537;4.050.925.827.026.370;2.783.565;1.128.472;;2.037.037
220307;01/09/2018 23.47;24.004.630.000.000.000;47.699.649.810.790.900;5.052.083;43.142.360.687.255.800;6.163.195;6.495.082;1.511.863;166.522;1.576.968;15.053.529.999.999.900;4.584.744;5.050.845;3.771.803;13.228.979.999.999.900;4.206.334;;4.678.338;4.737.973;2.666.879;6.786.484;4.078.755;897.077;5.455.964;1.110.503;6.122.659;6.979.404;7.968.893;6.238.124;7.847.404;4.928.418;6.569.445;8.864.583;9.026.426;497.116;2.515.252;5.332.466;7.759.019;00.00;4.427.083;2.786.458;61.458.330.000.000.000;299.479.160.308.838;2.916.667;3.567.708;7.233.796;46.875;4.658.565;4.050.925.827.026.370;2.690.972;1.125.579;;2.022.569
220308;01/09/2018 23.48;2.404.398;47.699.649.810.790.900;50.564.240.000.000.000;43.142.360.687.255.800;627.662.048.339.844;6.361.317;1.511.863;166.088;1.576.968;1.497.396;4.230.576;52.201.859.999.999.900;3.795.146;132.566;4.207.385;;4.625.996;4.549.061;24.427.119.999.999.900;6.774.568;4.058.032;9.024.559;5.426.604;1.110.479;6.099.582;6.973.539;7.967.053;633.35.00;7.916.148;5.127.523;6.569.445;8.682.291;9.077.639;4.912.842;243.36.00;5.307.114;7.836.603;00.00;4.453.125;2.760.417;6.354.166;299.479.160.308.838;291.666.660.308.838;3.567.708;7.407.406.999.999.990;4.803.241;4.600.694;4.050.925.827.026.370;2.595.486;1.177.662;;2.008.102
220309;01/09/2018 23.49;24.004.630.000.000.000;4.769.965;50.564.240.000.000.000;43.142.360.687.255.800;6.304.398;6.260.653.000.000.000;1.496.672;166.522;1.573.351;1.506.076;42.819.109.999.999.900;52.540.569.999.999.900;3.784.588;1.336.705;42.238.199.999.999.900;;4.633.828;4.624.631;2.539.864;6.786.194;4.065.335;8.939.145;5.451.744;1.109.569;6.115.963;7.017.068;8.010.447;6.439.219;8.077.753;5.063.724;6.671.296;8.906.249;9.069.977;483.111;2.469.539;5.271.318;7.823.279;00.00;4.479.166;2.786.458;6.692.708;299.479.160.308.838;2.916.667;3.645.833;7.291.666;4.803.241;4.542.824;4.050.925.827.026.370;2.471.065;1.270.255;;203.125
220310;01/09/2018 23.50;2.404.398;4.761.285;5.052.083;43.142.360.687.255.800;6.299.768;6.520.339;151.548;166.522;15.697.339.999.999.900;1.511.863;4.303.246;5.291.911.999.999.990;37.619.170.000.000.000;13.378.060.000.000.000;4.214.024;;4.628.333;4.642.734;2.548.849;6.800.763;4.063.972;8.963.067;5.431.525;1.110.211;610.586;7.062.328;8.025.489;6.534.293;8.065.471;4.893.462;6.805.555;8.911.458;8.702.615;4.889.319;2.500.195;5.370.034;7.946.627;00.00;4.609.375;2.838.542;6.927.083;2.994.792;296.875;37.05.00;7.349.537;48.900.459.999.999.900;4.600.694;4.050.926;2.364.005;1.319.444;;2.086.227
220311;01/09/2018 23.51;2.402.431;4.769.965;505.208.320.617.676;43.142.360.687.255.800;6.379.630.000.000.000;6.444.035;150.897;166.088;1.585.648;1.508.247;4.299.954;525.764;3.714.083;1.336.096;419.606;;4.621.771;4.649.455;25.671.630.000.000.000;6.784.357;4.040.263;8.941.904;5.426.503;1.109.844;6.146.196;7.022.377;8.001.286;6.613.112;7.957.194;4.985.859;6.597.222;8.906.249;8.967.173;4.950.174;25.359.799.999.999.900;5.432.996;7.989.204;00.00;4.713.541;2.838.542;6.953.125;30.208.332.061.767.600;296.875;3.776.041;7.783.565;5.324.074;462.963;4.079.861;2.282.986;1.377.315;;2.144.097
220312;01/09/2018 23.52;2.404.398;4.761.285;505.208.320.617.676;43.142.360.687.255.800;6.370.369.873.046.880;6.554.104;1.511.863;1.661.603;15.617.770.000.000.000;1.511.863;4.337.657;52.662.040.000.000.000;3.737.158;13.238.220.000.000.000;420.311;;4.682.231;4.640.872;2.531.561;6.764.974;4.055.184;8.932.367;5.419.830.000.000.000;1.108.373;6.146.055;7.027.193;7.998.074;6.702.591;7.911.696;5.054.308;6.884.259;8.963.541;8.994.656;4.699.907;2.557.084;5.454.006;7.909.625;00.00;4.791.666;2.864.583;7.161.458;3.046.875;2.994.792;3.776.041;78.125;5.555.556;474.537;40.798.610.687.255.800;2.204.861;1.461.227;;2.204.861
220313;01/09/2018 23.53;2.406.366;4.769.965;5.052.083;43.142.360.687.255.800;629.976.806.640.625;6.378.558;150.463;166.522;15.653.929.999.999.900;1.516.204;4.237.976;5.341.862;3.728.991;13.255.820.000.000.000;4.210.614;;4.614.215;4.723.231;2.643.841;6.740.103;4.069.597;8.930.776;5.408.083;11.083.210.000.000.000;6.083.935;6.975.539;8.011.603;6.771.918;7.989.965;50.480.699.999.999.900;6.898.148;8.838.541;9.184.619;4.811.287;2.634.656;5.457.531;7.816.257;00.00;4.817.708;2.916.667;7.213.541;304.687.480.926.514;2.994.792;3.802.083;7.407.406.999.999.990;552.662;4.803.241;4.079.861;2.152.778;1.487.269;;2.242.477
220314;01/09/2018 23.54;2.396.528;4.761.285;50.564.240.000.000.000;43.142.360.687.255.800;637.962.951.660.156;6.286.275;151.331;166.088;15.567.129.999.999.900;1.508.247;4.301.181;5.318.376;3.801.423;13.249.670.000.000.000;4.205.298;;4.643.383;4.551.737;2.459.216;6.765.962;4.050.505;8.946.053;5.406.507;1.109.435;6.083.836;698.945;7.982.114;6.839.556;7.953.768;5.131.265;6.712.963;9.067.708;9.042.183;4.716.454;26.473.400.000.000.000;5.727.081;7.928.176;00.00;4.817.708;296.875;7.213.541;304.687.480.926.514;3.020.833;3.828.125;7.002.315;546.875;4.832.176;41.087.959.999.999.900;2.132.523;150.463;;2.277.199
220315;01/09/2018 23.55;240.735;4.769.965;5.052.083;43.142.360.687.255.800;634.722.229.003.906;6.459.095;1.511.863;166.522;15.653.929.999.999.900;1.516.204;4.317.085;5.416.052;3.805.424;13.265.320.000.000.000;4.207.993;;4.632.318;4.583.615;2.499.117;6.766.655;40.576.800.000.000.000;894.592;5.435.801;1.109.501;6.111.745;7.005.885;7.965.964;6.921.138;7.792.067;4.850.358;6.916.666;9.749.999;9.276.135;4.773.156;2.660.334;5.785.221;8.175.707;00.00;4.713.541;2.916.667;7.161.458;3.046.875;3.020.833;3.828.125;6.828.703;52.372.679.999.999.900;4.832.176;41.087.959.999.999.900;2.123.843;1.536.458;;2.311.921
220316;01/09/2018 23.56;24.004.630.000.000.000;47.699.649.810.790.900;50.564.240.000.000.000;43.142.360.687.255.800;630.902.770.996.094;6.583.363;151.548;1.670.284;15.653.929.999.999.900;1.511.863;4.321.038;54.526.019.999.999.900;3.853.485;13.242.270.000.000.000;4.221.567;;4.631.928;4.684.388;2.618.476;6.766.547;4.062.575;8.955.599;5.417.014;1.106.371;6.094.917;6.984.915;8.001.906;6.978.002;7.975.571;51.095.099.999.999.900;6.722.222;9.270.833;9.079.463;4.878.679;2.622.222;5.681.035;8.070.151;00.00;46.875;2.890.625;7.317.708;30.208.332.061.767.600;2.994.792;3.828.125;6.684.028;5.063.657;4.803.241;4.079.861;213.831;156.25.00;;2.311.921
220317;01/09/2018 23.57;2.396.528;47.699.649.810.790.900;5.052.083;43.142.360.687.255.800;6.259.259.033.203.130;6.729.445;150.897;1.670.284;15.697.339.999.999.900;1.511.863;4.312.836;5.511.779;3.852.678;1.318.866;4.202.166;;4.624.065;4.686.293;26.205;6.773.162;4.071.144;8.922.204;5.428.578;1.106.698;610.994;7.031.645;8.003.767;7.046.601;799.312;492.772;6.893.519;9.244.791;9.268.102;4.941.249;2.608.372;5.538.872;8.055.605;00.00;4.609.375;2.864.583;7.708.333;2.994.792;3.020.833;390.625;6.539.352;48.900.459.999.999.900;4.803.241;4.079.861;2.173.032;1.553.819;;2.320.602
220318;01/09/2018 23.58;2.406.366;47.699.649.810.790.900;505.208.320.617.676;43.142.360.687.255.800;6.356.481;6.509.175;1.511.863;1.656.539;15.740.739.999.999.900;1.511.863;42.357.459.999.999.900;5.599.321;3.889.159;1.317.346;420.57.00;;4.570.362;4.597.941;2.514.596;6.726.165;4.043.277;8.879.969;539.363;1.103.955;6.057.183;6.973.713;793.707;7.069.692;793.061;490.217;6.870.369.999.999.990;9.317.708;9.154.362;4.841.161;2.613.184;5.594.439;8.070.808;00.00;4.583.333;2.838.542;7.864.583;299.479.160.308.838;30.208.332.061.767.600;40.625;6.423.611;4.774.306;4.832.176;4.050.925.827.026.370;2.225.116;1.539.352;;2.340.856
220319;01/09/2018 23.59;2.396.528;47.699.649.810.790.900;505.208.320.617.676;43.142.360.687.255.800;6.398.148;6.545.634;1.511.863;166.522;15.653.929.999.999.900;15.010.129.999.999.900;4.262.814;5.649.641.999.999.990;3.940.957;13.125.929.999.999.900;421.208;;4.689.915;4.565.726;2.487.299;6.765.834;4.056.293;8.978.508;542.095;1.108.827;6.085.364;6.980.792;8.000.387;7.036.251;8.002.143;4.964.068;6.861.111;9.177.083;9.263.979;4.890.367;2.584.387;5.580.558;8.111.204;00.00;453.125;2.786.458;7.786.458;299.479.160.308.838;30.208.332.061.767.600;4.140.625;6.278.935;462.963;48.900.459.999.999.900;4.021.991;2.274.306;150.463;;2.340.856